#ifdef __has_include
#if __has_include("lvgl.h")
#ifndef LV_LVGL_H_INCLUDE_SIMPLE
#define LV_LVGL_H_INCLUDE_SIMPLE
#endif
#endif
#endif

#if defined(LV_LVGL_H_INCLUDE_SIMPLE)
#include "lvgl.h"
#else
#include "lvgl/lvgl.h"
#endif

static const uint8_t img_baby_sleep_map[] = {
  /* palette (256 x BGRA) */
  0x00, 0x00, 0x00, 0x00,
  0xff, 0xfb, 0xef, 0xff,
  0xfb, 0xef, 0xdd, 0xff,
  0xfb, 0xee, 0xd8, 0xff,
  0xf9, 0xec, 0xd8, 0xff,
  0xfa, 0xed, 0xd5, 0xff,
  0xfa, 0xec, 0xd6, 0xff,
  0xf9, 0xec, 0xd6, 0xff,
  0xf9, 0xec, 0xd5, 0xff,
  0xf8, 0xec, 0xd5, 0xff,
  0xf8, 0xeb, 0xd8, 0xff,
  0xf8, 0xeb, 0xd5, 0xff,
  0xf8, 0xea, 0xd4, 0xff,
  0xd4, 0xde, 0xe7, 0xff,
  0xf9, 0xeb, 0xd2, 0xff,
  0xf8, 0xe9, 0xd1, 0xff,
  0xf6, 0xe7, 0xd0, 0xff,
  0xf6, 0xe4, 0xc8, 0xff,
  0xef, 0xdd, 0xc5, 0xff,
  0xf0, 0xd9, 0xba, 0xff,
  0xe7, 0xd0, 0xb6, 0xff,
  0xe9, 0xcf, 0xae, 0xff,
  0xe7, 0xcc, 0xad, 0xff,
  0xe6, 0xca, 0xac, 0xff,
  0xe6, 0xca, 0xa9, 0xff,
  0xe5, 0xc9, 0xa2, 0xff,
  0xa8, 0xc2, 0xf5, 0xff,
  0xaa, 0xc3, 0xf1, 0xff,
  0xa5, 0xbf, 0xf2, 0xff,
  0xa0, 0xb3, 0xe7, 0xff,
  0xde, 0xc2, 0xa0, 0xff,
  0xc4, 0xaf, 0x9d, 0xff,
  0xde, 0xb8, 0x80, 0xff,
  0xd1, 0xab, 0x7b, 0xff,
  0x93, 0x8a, 0xa4, 0xff,
  0x9f, 0x80, 0x6a, 0xff,
  0x6f, 0x5d, 0x89, 0xff,
  0x7a, 0x5c, 0x4e, 0xff,
  0x70, 0x4d, 0x38, 0xff,
  0x60, 0x3b, 0x2d, 0xff,
  0x53, 0x2f, 0x23, 0xff,
  0x5a, 0x2b, 0x18, 0xff,
  0x53, 0x25, 0x16, 0xff,
  0x56, 0x1f, 0x0e, 0xff,
  0x44, 0x1d, 0x11, 0xff,
  0x3d, 0x14, 0x05, 0xff,
  0x00, 0x00, 0x01, 0xff,
  0x00, 0x00, 0x00, 0xff,
  0x00, 0x00, 0x00, 0x00,
  0x00, 0x00, 0x00, 0x00,
  0x00, 0x00, 0x00, 0x00,
  0x00, 0x00, 0x00, 0x00,
  0x00, 0x00, 0x00, 0x00,
  0x00, 0x00, 0x00, 0x00,
  0x00, 0x00, 0x00, 0x00,
  0x00, 0x00, 0x00, 0x00,
  0x00, 0x00, 0x00, 0x00,
  0x00, 0x00, 0x00, 0x00,
  0x00, 0x00, 0x00, 0x00,
  0x00, 0x00, 0x00, 0x00,
  0x00, 0x00, 0x00, 0x00,
  0x00, 0x00, 0x00, 0x00,
  0x00, 0x00, 0x00, 0x00,
  0x00, 0x00, 0x00, 0x00,
  0x00, 0x00, 0x00, 0x00,
  0x00, 0x00, 0x00, 0x00,
  0x00, 0x00, 0x00, 0x00,
  0x00, 0x00, 0x00, 0x00,
  0x00, 0x00, 0x00, 0x00,
  0x00, 0x00, 0x00, 0x00,
  0x00, 0x00, 0x00, 0x00,
  0x00, 0x00, 0x00, 0x00,
  0x00, 0x00, 0x00, 0x00,
  0x00, 0x00, 0x00, 0x00,
  0x00, 0x00, 0x00, 0x00,
  0x00, 0x00, 0x00, 0x00,
  0x00, 0x00, 0x00, 0x00,
  0x00, 0x00, 0x00, 0x00,
  0x00, 0x00, 0x00, 0x00,
  0x00, 0x00, 0x00, 0x00,
  0x00, 0x00, 0x00, 0x00,
  0x00, 0x00, 0x00, 0x00,
  0x00, 0x00, 0x00, 0x00,
  0x00, 0x00, 0x00, 0x00,
  0x00, 0x00, 0x00, 0x00,
  0x00, 0x00, 0x00, 0x00,
  0x00, 0x00, 0x00, 0x00,
  0x00, 0x00, 0x00, 0x00,
  0x00, 0x00, 0x00, 0x00,
  0x00, 0x00, 0x00, 0x00,
  0x00, 0x00, 0x00, 0x00,
  0x00, 0x00, 0x00, 0x00,
  0x00, 0x00, 0x00, 0x00,
  0x00, 0x00, 0x00, 0x00,
  0x00, 0x00, 0x00, 0x00,
  0x00, 0x00, 0x00, 0x00,
  0x00, 0x00, 0x00, 0x00,
  0x00, 0x00, 0x00, 0x00,
  0x00, 0x00, 0x00, 0x00,
  0x00, 0x00, 0x00, 0x00,
  0x00, 0x00, 0x00, 0x00,
  0x00, 0x00, 0x00, 0x00,
  0x00, 0x00, 0x00, 0x00,
  0x00, 0x00, 0x00, 0x00,
  0x00, 0x00, 0x00, 0x00,
  0x00, 0x00, 0x00, 0x00,
  0x00, 0x00, 0x00, 0x00,
  0x00, 0x00, 0x00, 0x00,
  0x00, 0x00, 0x00, 0x00,
  0x00, 0x00, 0x00, 0x00,
  0x00, 0x00, 0x00, 0x00,
  0x00, 0x00, 0x00, 0x00,
  0x00, 0x00, 0x00, 0x00,
  0x00, 0x00, 0x00, 0x00,
  0x00, 0x00, 0x00, 0x00,
  0x00, 0x00, 0x00, 0x00,
  0x00, 0x00, 0x00, 0x00,
  0x00, 0x00, 0x00, 0x00,
  0x00, 0x00, 0x00, 0x00,
  0x00, 0x00, 0x00, 0x00,
  0x00, 0x00, 0x00, 0x00,
  0x00, 0x00, 0x00, 0x00,
  0x00, 0x00, 0x00, 0x00,
  0x00, 0x00, 0x00, 0x00,
  0x00, 0x00, 0x00, 0x00,
  0x00, 0x00, 0x00, 0x00,
  0x00, 0x00, 0x00, 0x00,
  0x00, 0x00, 0x00, 0x00,
  0x00, 0x00, 0x00, 0x00,
  0x00, 0x00, 0x00, 0x00,
  0x00, 0x00, 0x00, 0x00,
  0x00, 0x00, 0x00, 0x00,
  0x00, 0x00, 0x00, 0x00,
  0x00, 0x00, 0x00, 0x00,
  0x00, 0x00, 0x00, 0x00,
  0x00, 0x00, 0x00, 0x00,
  0x00, 0x00, 0x00, 0x00,
  0x00, 0x00, 0x00, 0x00,
  0x00, 0x00, 0x00, 0x00,
  0x00, 0x00, 0x00, 0x00,
  0x00, 0x00, 0x00, 0x00,
  0x00, 0x00, 0x00, 0x00,
  0x00, 0x00, 0x00, 0x00,
  0x00, 0x00, 0x00, 0x00,
  0x00, 0x00, 0x00, 0x00,
  0x00, 0x00, 0x00, 0x00,
  0x00, 0x00, 0x00, 0x00,
  0x00, 0x00, 0x00, 0x00,
  0x00, 0x00, 0x00, 0x00,
  0x00, 0x00, 0x00, 0x00,
  0x00, 0x00, 0x00, 0x00,
  0x00, 0x00, 0x00, 0x00,
  0x00, 0x00, 0x00, 0x00,
  0x00, 0x00, 0x00, 0x00,
  0x00, 0x00, 0x00, 0x00,
  0x00, 0x00, 0x00, 0x00,
  0x00, 0x00, 0x00, 0x00,
  0x00, 0x00, 0x00, 0x00,
  0x00, 0x00, 0x00, 0x00,
  0x00, 0x00, 0x00, 0x00,
  0x00, 0x00, 0x00, 0x00,
  0x00, 0x00, 0x00, 0x00,
  0x00, 0x00, 0x00, 0x00,
  0x00, 0x00, 0x00, 0x00,
  0x00, 0x00, 0x00, 0x00,
  0x00, 0x00, 0x00, 0x00,
  0x00, 0x00, 0x00, 0x00,
  0x00, 0x00, 0x00, 0x00,
  0x00, 0x00, 0x00, 0x00,
  0x00, 0x00, 0x00, 0x00,
  0x00, 0x00, 0x00, 0x00,
  0x00, 0x00, 0x00, 0x00,
  0x00, 0x00, 0x00, 0x00,
  0x00, 0x00, 0x00, 0x00,
  0x00, 0x00, 0x00, 0x00,
  0x00, 0x00, 0x00, 0x00,
  0x00, 0x00, 0x00, 0x00,
  0x00, 0x00, 0x00, 0x00,
  0x00, 0x00, 0x00, 0x00,
  0x00, 0x00, 0x00, 0x00,
  0x00, 0x00, 0x00, 0x00,
  0x00, 0x00, 0x00, 0x00,
  0x00, 0x00, 0x00, 0x00,
  0x00, 0x00, 0x00, 0x00,
  0x00, 0x00, 0x00, 0x00,
  0x00, 0x00, 0x00, 0x00,
  0x00, 0x00, 0x00, 0x00,
  0x00, 0x00, 0x00, 0x00,
  0x00, 0x00, 0x00, 0x00,
  0x00, 0x00, 0x00, 0x00,
  0x00, 0x00, 0x00, 0x00,
  0x00, 0x00, 0x00, 0x00,
  0x00, 0x00, 0x00, 0x00,
  0x00, 0x00, 0x00, 0x00,
  0x00, 0x00, 0x00, 0x00,
  0x00, 0x00, 0x00, 0x00,
  0x00, 0x00, 0x00, 0x00,
  0x00, 0x00, 0x00, 0x00,
  0x00, 0x00, 0x00, 0x00,
  0x00, 0x00, 0x00, 0x00,
  0x00, 0x00, 0x00, 0x00,
  0x00, 0x00, 0x00, 0x00,
  0x00, 0x00, 0x00, 0x00,
  0x00, 0x00, 0x00, 0x00,
  0x00, 0x00, 0x00, 0x00,
  0x00, 0x00, 0x00, 0x00,
  0x00, 0x00, 0x00, 0x00,
  0x00, 0x00, 0x00, 0x00,
  0x00, 0x00, 0x00, 0x00,
  0x00, 0x00, 0x00, 0x00,
  0x00, 0x00, 0x00, 0x00,
  0x00, 0x00, 0x00, 0x00,
  0x00, 0x00, 0x00, 0x00,
  0x00, 0x00, 0x00, 0x00,
  0x00, 0x00, 0x00, 0x00,
  0x00, 0x00, 0x00, 0x00,
  0x00, 0x00, 0x00, 0x00,
  0x00, 0x00, 0x00, 0x00,
  0x00, 0x00, 0x00, 0x00,
  0x00, 0x00, 0x00, 0x00,
  0x00, 0x00, 0x00, 0x00,
  0x00, 0x00, 0x00, 0x00,
  0x00, 0x00, 0x00, 0x00,
  0x00, 0x00, 0x00, 0x00,
  0x00, 0x00, 0x00, 0x00,
  0x00, 0x00, 0x00, 0x00,
  0x00, 0x00, 0x00, 0x00,
  0x00, 0x00, 0x00, 0x00,
  0x00, 0x00, 0x00, 0x00,
  0x00, 0x00, 0x00, 0x00,
  0x00, 0x00, 0x00, 0x00,
  0x00, 0x00, 0x00, 0x00,
  0x00, 0x00, 0x00, 0x00,
  0x00, 0x00, 0x00, 0x00,
  0x00, 0x00, 0x00, 0x00,
  0x00, 0x00, 0x00, 0x00,
  0x00, 0x00, 0x00, 0x00,
  0x00, 0x00, 0x00, 0x00,
  0x00, 0x00, 0x00, 0x00,
  0x00, 0x00, 0x00, 0x00,
  0x00, 0x00, 0x00, 0x00,
  0x00, 0x00, 0x00, 0x00,
  0x00, 0x00, 0x00, 0x00,
  0x00, 0x00, 0x00, 0x00,
  0x00, 0x00, 0x00, 0x00,
  0x00, 0x00, 0x00, 0x00,
  0x00, 0x00, 0x00, 0x00,
  0x00, 0x00, 0x00, 0x00,
  0x00, 0x00, 0x00, 0x00,
  0x00, 0x00, 0x00, 0x00,
  0x00, 0x00, 0x00, 0x00,
  0x00, 0x00, 0x00, 0x00,
  0x00, 0x00, 0x00, 0x00,
  0x00, 0x00, 0x00, 0x00,
  0x00, 0x00, 0x00, 0x00,
  0x00, 0x00, 0x00, 0x00,
  /* pixel indices */
  0x00, 0x00, 0x00, 0x00, 0x00, 0x00, 0x00, 0x00, 0x00, 0x00, 0x00, 0x00, 0x00, 0x00, 0x00, 0x00, 0x00, 0x00, 0x00, 0x00, 0x00, 0x00, 0x00, 0x00, 0x00, 0x00, 0x00, 0x00, 0x00, 0x00, 0x00, 0x00, 0x00, 0x00, 0x00, 0x00, 0x00, 0x00, 0x00, 0x00, 0x00, 0x00, 0x00, 0x00, 0x00, 0x00, 0x00, 0x00, 0x00, 0x00, 0x00, 0x00, 0x00, 0x27, 0x28, 0x25, 0x25, 0x25, 0x25, 0x28, 0x28, 0x00, 0x00, 0x00, 0x00, 0x00, 0x00, 0x00, 0x00, 0x00, 0x00, 0x00, 0x00, 0x00, 0x00, 0x00, 0x00, 0x00, 0x00, 0x00, 0x00, 0x00, 0x00, 0x00, 0x00, 0x00, 0x00, 0x00, 0x00, 0x00, 0x00, 0x00, 0x00, 0x00, 0x00, 0x00, 0x00, 0x00, 0x00, 0x00, 0x00, 0x00, 0x00, 0x00, 0x00, 0x00, 0x00, 0x00, 0x00, 0x00, 0x00, 0x00, 0x00, 0x00,
  0x00, 0x00, 0x00, 0x00, 0x00, 0x00, 0x00, 0x00, 0x00, 0x00, 0x00, 0x00, 0x00, 0x00, 0x00, 0x00, 0x00, 0x00, 0x00, 0x00, 0x00, 0x00, 0x00, 0x00, 0x00, 0x00, 0x00, 0x00, 0x00, 0x00, 0x00, 0x00, 0x00, 0x00, 0x00, 0x00, 0x00, 0x00, 0x00, 0x00, 0x00, 0x00, 0x00, 0x00, 0x00, 0x00, 0x00, 0x00, 0x00, 0x00, 0x00, 0x00, 0x23, 0x2a, 0x2a, 0x2d, 0x2d, 0x2d, 0x2d, 0x2a, 0x2a, 0x23, 0x00, 0x00, 0x00, 0x00, 0x00, 0x00, 0x00, 0x00, 0x00, 0x00, 0x00, 0x00, 0x00, 0x00, 0x00, 0x00, 0x00, 0x00, 0x00, 0x00, 0x00, 0x00, 0x00, 0x00, 0x00, 0x00, 0x00, 0x00, 0x00, 0x00, 0x00, 0x00, 0x00, 0x00, 0x00, 0x00, 0x00, 0x00, 0x00, 0x00, 0x00, 0x00, 0x00, 0x00, 0x00, 0x00, 0x00, 0x00, 0x00, 0x00, 0x00, 0x00,
  0x00, 0x00, 0x00, 0x00, 0x00, 0x00, 0x00, 0x00, 0x00, 0x00, 0x00, 0x00, 0x00, 0x00, 0x00, 0x00, 0x00, 0x00, 0x00, 0x00, 0x00, 0x00, 0x00, 0x00, 0x00, 0x00, 0x00, 0x00, 0x00, 0x00, 0x00, 0x00, 0x00, 0x00, 0x00, 0x00, 0x00, 0x00, 0x00, 0x00, 0x00, 0x00, 0x00, 0x00, 0x00, 0x00, 0x00, 0x00, 0x00, 0x00, 0x1f, 0x25, 0x29, 0x2a, 0x2c, 0x2c, 0x2a, 0x2a, 0x2a, 0x2a, 0x29, 0x29, 0x26, 0x00, 0x00, 0x00, 0x00, 0x00, 0x00, 0x00, 0x00, 0x00, 0x00, 0x00, 0x00, 0x00, 0x00, 0x00, 0x00, 0x00, 0x00, 0x00, 0x00, 0x00, 0x00, 0x00, 0x00, 0x00, 0x00, 0x00, 0x00, 0x00, 0x00, 0x00, 0x00, 0x00, 0x00, 0x00, 0x00, 0x00, 0x00, 0x00, 0x00, 0x00, 0x00, 0x00, 0x00, 0x00, 0x00, 0x00, 0x00, 0x00, 0x00, 0x00,
  0x00, 0x00, 0x00, 0x00, 0x00, 0x00, 0x00, 0x00, 0x00, 0x00, 0x00, 0x00, 0x00, 0x00, 0x00, 0x00, 0x00, 0x00, 0x00, 0x00, 0x00, 0x00, 0x00, 0x00, 0x00, 0x00, 0x00, 0x00, 0x00, 0x00, 0x00, 0x00, 0x00, 0x00, 0x00, 0x00, 0x00, 0x00, 0x00, 0x00, 0x00, 0x00, 0x00, 0x00, 0x00, 0x00, 0x00, 0x00, 0x00, 0x26, 0x28, 0x29, 0x29, 0x28, 0x28, 0x28, 0x28, 0x28, 0x28, 0x28, 0x28, 0x29, 0x29, 0x28, 0x27, 0x00, 0x00, 0x00, 0x00, 0x00, 0x00, 0x00, 0x00, 0x00, 0x00, 0x00, 0x00, 0x00, 0x00, 0x00, 0x00, 0x00, 0x00, 0x00, 0x00, 0x00, 0x00, 0x00, 0x00, 0x00, 0x00, 0x00, 0x00, 0x00, 0x00, 0x00, 0x00, 0x00, 0x00, 0x00, 0x00, 0x00, 0x00, 0x00, 0x00, 0x00, 0x00, 0x00, 0x00, 0x00, 0x00, 0x00, 0x00, 0x00,
  0x00, 0x00, 0x00, 0x00, 0x00, 0x00, 0x00, 0x00, 0x00, 0x00, 0x00, 0x00, 0x00, 0x00, 0x00, 0x00, 0x00, 0x00, 0x00, 0x00, 0x00, 0x00, 0x00, 0x00, 0x00, 0x00, 0x00, 0x00, 0x00, 0x00, 0x00, 0x00, 0x00, 0x00, 0x00, 0x00, 0x00, 0x00, 0x00, 0x00, 0x00, 0x00, 0x00, 0x27, 0x28, 0x28, 0x27, 0x27, 0x27, 0x29, 0x29, 0x29, 0x28, 0x28, 0x24, 0x24, 0x24, 0x24, 0x24, 0x24, 0x28, 0x2a, 0x29, 0x29, 0x28, 0x27, 0x27, 0x28, 0x28, 0x28, 0x27, 0x00, 0x00, 0x00, 0x00, 0x00, 0x00, 0x00, 0x00, 0x00, 0x00, 0x00, 0x00, 0x00, 0x00, 0x00, 0x00, 0x00, 0x00, 0x00, 0x00, 0x00, 0x00, 0x00, 0x00, 0x00, 0x00, 0x00, 0x00, 0x00, 0x00, 0x00, 0x00, 0x00, 0x00, 0x00, 0x00, 0x00, 0x00, 0x00, 0x00, 0x00, 0x00, 0x00,
  0x00, 0x00, 0x00, 0x00, 0x00, 0x00, 0x00, 0x00, 0x00, 0x00, 0x00, 0x00, 0x00, 0x00, 0x00, 0x00, 0x00, 0x00, 0x00, 0x00, 0x00, 0x00, 0x00, 0x00, 0x00, 0x00, 0x00, 0x00, 0x00, 0x00, 0x00, 0x00, 0x00, 0x00, 0x00, 0x00, 0x00, 0x00, 0x00, 0x25, 0x26, 0x26, 0x26, 0x2a, 0x2c, 0x2a, 0x2a, 0x29, 0x29, 0x29, 0x29, 0x2a, 0x27, 0x24, 0x24, 0x24, 0x24, 0x24, 0x24, 0x24, 0x24, 0x27, 0x2a, 0x29, 0x2a, 0x2a, 0x2a, 0x2c, 0x2c, 0x2c, 0x2c, 0x27, 0x27, 0x26, 0x00, 0x00, 0x00, 0x00, 0x00, 0x00, 0x00, 0x00, 0x00, 0x00, 0x00, 0x00, 0x00, 0x00, 0x00, 0x00, 0x00, 0x00, 0x00, 0x00, 0x00, 0x00, 0x00, 0x00, 0x00, 0x00, 0x00, 0x00, 0x00, 0x00, 0x00, 0x00, 0x00, 0x00, 0x00, 0x00, 0x00, 0x00, 0x00, 0x00,
  0x00, 0x00, 0x00, 0x00, 0x00, 0x00, 0x00, 0x00, 0x00, 0x00, 0x00, 0x00, 0x00, 0x00, 0x00, 0x00, 0x00, 0x00, 0x00, 0x00, 0x00, 0x00, 0x00, 0x00, 0x00, 0x00, 0x00, 0x00, 0x00, 0x00, 0x00, 0x00, 0x00, 0x00, 0x00, 0x00, 0x25, 0x27, 0x26, 0x28, 0x2c, 0x2c, 0x2d, 0x2d, 0x2d, 0x2d, 0x2d, 0x2c, 0x29, 0x29, 0x2a, 0x27, 0x24, 0x22, 0x24, 0x24, 0x24, 0x24, 0x24, 0x24, 0x22, 0x24, 0x27, 0x2a, 0x29, 0x2a, 0x2d, 0x2d, 0x2d, 0x2d, 0x2d, 0x2d, 0x2c, 0x2c, 0x28, 0x26, 0x27, 0x25, 0x00, 0x00, 0x00, 0x00, 0x00, 0x00, 0x00, 0x00, 0x00, 0x00, 0x00, 0x00, 0x00, 0x00, 0x00, 0x00, 0x00, 0x00, 0x00, 0x00, 0x00, 0x00, 0x00, 0x00, 0x00, 0x00, 0x00, 0x00, 0x00, 0x00, 0x00, 0x00, 0x00, 0x00, 0x00, 0x00,
  0x00, 0x00, 0x00, 0x00, 0x00, 0x00, 0x00, 0x00, 0x00, 0x00, 0x00, 0x00, 0x00, 0x00, 0x00, 0x00, 0x00, 0x00, 0x00, 0x00, 0x00, 0x00, 0x00, 0x00, 0x00, 0x00, 0x00, 0x00, 0x00, 0x00, 0x00, 0x00, 0x00, 0x00, 0x23, 0x23, 0x27, 0x29, 0x29, 0x2b, 0x2b, 0x2d, 0x26, 0x23, 0x25, 0x23, 0x23, 0x23, 0x29, 0x29, 0x2a, 0x24, 0x22, 0x24, 0x24, 0x24, 0x24, 0x24, 0x24, 0x24, 0x24, 0x22, 0x24, 0x2a, 0x2a, 0x28, 0x23, 0x23, 0x23, 0x25, 0x23, 0x27, 0x2d, 0x2b, 0x2a, 0x29, 0x29, 0x27, 0x23, 0x23, 0x00, 0x00, 0x00, 0x00, 0x00, 0x00, 0x00, 0x00, 0x00, 0x00, 0x00, 0x00, 0x00, 0x00, 0x00, 0x00, 0x00, 0x00, 0x00, 0x00, 0x00, 0x00, 0x00, 0x00, 0x00, 0x00, 0x00, 0x00, 0x00, 0x00, 0x00, 0x00, 0x00, 0x00,
  0x00, 0x00, 0x00, 0x00, 0x00, 0x00, 0x00, 0x00, 0x00, 0x00, 0x00, 0x00, 0x00, 0x00, 0x00, 0x00, 0x00, 0x00, 0x00, 0x00, 0x00, 0x00, 0x00, 0x00, 0x00, 0x00, 0x00, 0x00, 0x00, 0x00, 0x00, 0x00, 0x00, 0x27, 0x28, 0x29, 0x29, 0x2a, 0x29, 0x27, 0x26, 0x28, 0x21, 0x02, 0x03, 0x03, 0x02, 0x10, 0x28, 0x2a, 0x2a, 0x24, 0x22, 0x24, 0x24, 0x24, 0x24, 0x24, 0x24, 0x24, 0x24, 0x22, 0x24, 0x2a, 0x2b, 0x27, 0x02, 0x02, 0x02, 0x03, 0x02, 0x23, 0x27, 0x26, 0x27, 0x2a, 0x29, 0x2a, 0x2a, 0x2a, 0x25, 0x00, 0x00, 0x00, 0x00, 0x00, 0x00, 0x00, 0x00, 0x00, 0x00, 0x00, 0x00, 0x00, 0x00, 0x00, 0x00, 0x00, 0x00, 0x00, 0x00, 0x00, 0x00, 0x00, 0x00, 0x00, 0x00, 0x00, 0x00, 0x00, 0x00, 0x00, 0x00, 0x00,
  0x00, 0x00, 0x00, 0x00, 0x00, 0x00, 0x00, 0x00, 0x00, 0x00, 0x00, 0x00, 0x00, 0x00, 0x00, 0x00, 0x00, 0x00, 0x00, 0x00, 0x00, 0x00, 0x00, 0x00, 0x00, 0x00, 0x00, 0x00, 0x00, 0x00, 0x00, 0x26, 0x2c, 0x2a, 0x29, 0x29, 0x27, 0x27, 0x27, 0x1e, 0x02, 0x10, 0x11, 0x11, 0x10, 0x11, 0x10, 0x14, 0x2a, 0x2a, 0x2c, 0x24, 0x24, 0x24, 0x24, 0x24, 0x24, 0x24, 0x24, 0x24, 0x24, 0x22, 0x24, 0x2a, 0x2b, 0x27, 0x12, 0x10, 0x10, 0x10, 0x11, 0x11, 0x0f, 0x01, 0x1f, 0x28, 0x27, 0x27, 0x29, 0x2a, 0x2a, 0x2a, 0x28, 0x00, 0x00, 0x00, 0x00, 0x00, 0x00, 0x00, 0x00, 0x00, 0x00, 0x00, 0x00, 0x00, 0x00, 0x00, 0x00, 0x00, 0x00, 0x00, 0x00, 0x00, 0x00, 0x00, 0x00, 0x00, 0x00, 0x00, 0x00, 0x00, 0x00, 0x00,
  0x00, 0x00, 0x00, 0x00, 0x00, 0x00, 0x00, 0x00, 0x00, 0x00, 0x00, 0x00, 0x00, 0x00, 0x00, 0x00, 0x00, 0x00, 0x00, 0x00, 0x00, 0x00, 0x00, 0x00, 0x00, 0x00, 0x00, 0x00, 0x22, 0x26, 0x27, 0x2a, 0x2a, 0x2c, 0x2d, 0x28, 0x12, 0x10, 0x10, 0x02, 0x02, 0x0b, 0x10, 0x10, 0x0f, 0x10, 0x0e, 0x14, 0x28, 0x2c, 0x2c, 0x27, 0x24, 0x24, 0x24, 0x24, 0x24, 0x24, 0x24, 0x24, 0x24, 0x22, 0x27, 0x2c, 0x2c, 0x27, 0x11, 0x0f, 0x10, 0x0f, 0x10, 0x0f, 0x04, 0x02, 0x02, 0x10, 0x10, 0x12, 0x28, 0x2d, 0x2c, 0x2c, 0x2c, 0x28, 0x27, 0x00, 0x00, 0x00, 0x00, 0x00, 0x00, 0x00, 0x00, 0x00, 0x00, 0x00, 0x00, 0x00, 0x00, 0x00, 0x00, 0x00, 0x00, 0x00, 0x00, 0x00, 0x00, 0x00, 0x00, 0x00, 0x00, 0x00, 0x00, 0x00,
  0x00, 0x00, 0x00, 0x00, 0x00, 0x00, 0x00, 0x00, 0x00, 0x00, 0x00, 0x00, 0x00, 0x00, 0x00, 0x00, 0x00, 0x00, 0x00, 0x00, 0x00, 0x00, 0x00, 0x00, 0x00, 0x00, 0x00, 0x23, 0x26, 0x2d, 0x2c, 0x2d, 0x2d, 0x26, 0x1f, 0x1e, 0x02, 0x02, 0x02, 0x02, 0x0a, 0x0a, 0x10, 0x10, 0x0f, 0x10, 0x0f, 0x14, 0x2d, 0x2c, 0x2a, 0x2c, 0x24, 0x22, 0x22, 0x22, 0x22, 0x22, 0x22, 0x24, 0x24, 0x24, 0x2c, 0x2a, 0x2d, 0x2a, 0x12, 0x0f, 0x0f, 0x0f, 0x0e, 0x0b, 0x0a, 0x04, 0x02, 0x02, 0x02, 0x02, 0x1e, 0x1e, 0x27, 0x2d, 0x2d, 0x2c, 0x2d, 0x27, 0x22, 0x00, 0x00, 0x00, 0x00, 0x00, 0x00, 0x00, 0x00, 0x00, 0x00, 0x00, 0x00, 0x00, 0x00, 0x00, 0x00, 0x00, 0x00, 0x00, 0x00, 0x00, 0x00, 0x00, 0x00, 0x00, 0x00, 0x00,
  0x00, 0x00, 0x00, 0x00, 0x00, 0x00, 0x00, 0x00, 0x00, 0x00, 0x00, 0x00, 0x00, 0x00, 0x00, 0x00, 0x00, 0x00, 0x00, 0x00, 0x00, 0x00, 0x00, 0x00, 0x00, 0x00, 0x25, 0x27, 0x2d, 0x2a, 0x2d, 0x23, 0x23, 0x1e, 0x02, 0x02, 0x04, 0x04, 0x0a, 0x04, 0x04, 0x04, 0x0b, 0x10, 0x10, 0x11, 0x11, 0x11, 0x1f, 0x28, 0x2c, 0x2c, 0x28, 0x24, 0x24, 0x24, 0x24, 0x24, 0x24, 0x24, 0x27, 0x2c, 0x2c, 0x2c, 0x27, 0x1f, 0x03, 0x11, 0x11, 0x10, 0x0c, 0x04, 0x04, 0x0a, 0x02, 0x0a, 0x0a, 0x0a, 0x03, 0x02, 0x1f, 0x1f, 0x23, 0x2d, 0x2c, 0x2c, 0x27, 0x25, 0x00, 0x00, 0x00, 0x00, 0x00, 0x00, 0x00, 0x00, 0x00, 0x00, 0x00, 0x00, 0x00, 0x00, 0x00, 0x00, 0x00, 0x00, 0x00, 0x00, 0x00, 0x00, 0x00, 0x00, 0x00, 0x00,
  0x00, 0x00, 0x00, 0x00, 0x00, 0x00, 0x00, 0x00, 0x00, 0x00, 0x00, 0x00, 0x00, 0x00, 0x00, 0x00, 0x00, 0x00, 0x00, 0x00, 0x00, 0x00, 0x00, 0x00, 0x23, 0x23, 0x27, 0x2d, 0x2d, 0x2a, 0x25, 0x12, 0x02, 0x05, 0x11, 0x10, 0x0e, 0x05, 0x04, 0x03, 0x04, 0x0a, 0x0a, 0x0c, 0x05, 0x03, 0x03, 0x1e, 0x1f, 0x27, 0x2c, 0x2a, 0x2a, 0x2a, 0x2a, 0x2a, 0x2a, 0x2a, 0x2a, 0x2c, 0x2c, 0x2a, 0x2a, 0x2c, 0x27, 0x1f, 0x1f, 0x0f, 0x03, 0x05, 0x0b, 0x0a, 0x04, 0x0a, 0x0a, 0x0a, 0x04, 0x0a, 0x10, 0x10, 0x05, 0x02, 0x14, 0x25, 0x2c, 0x2d, 0x2d, 0x27, 0x25, 0x25, 0x00, 0x00, 0x00, 0x00, 0x00, 0x00, 0x00, 0x00, 0x00, 0x00, 0x00, 0x00, 0x00, 0x00, 0x00, 0x00, 0x00, 0x00, 0x00, 0x00, 0x00, 0x00, 0x00, 0x00,
  0x00, 0x00, 0x00, 0x00, 0x00, 0x00, 0x00, 0x00, 0x00, 0x00, 0x00, 0x00, 0x00, 0x00, 0x00, 0x00, 0x00, 0x00, 0x00, 0x00, 0x00, 0x00, 0x00, 0x00, 0x27, 0x2c, 0x2c, 0x28, 0x27, 0x25, 0x02, 0x10, 0x10, 0x10, 0x10, 0x10, 0x0f, 0x0c, 0x04, 0x04, 0x04, 0x04, 0x02, 0x02, 0x14, 0x1f, 0x1e, 0x26, 0x2d, 0x2c, 0x2a, 0x2c, 0x2a, 0x29, 0x29, 0x29, 0x29, 0x29, 0x29, 0x2a, 0x2a, 0x2c, 0x2a, 0x2a, 0x2c, 0x2d, 0x2c, 0x1f, 0x1e, 0x14, 0x02, 0x02, 0x02, 0x0a, 0x0a, 0x04, 0x0c, 0x0c, 0x0c, 0x0e, 0x10, 0x11, 0x0f, 0x05, 0x25, 0x26, 0x2a, 0x2d, 0x2c, 0x2c, 0x00, 0x00, 0x00, 0x00, 0x00, 0x00, 0x00, 0x00, 0x00, 0x00, 0x00, 0x00, 0x00, 0x00, 0x00, 0x00, 0x00, 0x00, 0x00, 0x00, 0x00, 0x00, 0x00, 0x00,
  0x00, 0x00, 0x00, 0x00, 0x00, 0x00, 0x00, 0x00, 0x00, 0x00, 0x00, 0x00, 0x00, 0x00, 0x00, 0x00, 0x00, 0x00, 0x00, 0x00, 0x00, 0x00, 0x00, 0x28, 0x2a, 0x29, 0x2d, 0x23, 0x02, 0x11, 0x11, 0x10, 0x0c, 0x0c, 0x0c, 0x0c, 0x0f, 0x0c, 0x06, 0x04, 0x02, 0x02, 0x10, 0x0a, 0x25, 0x2d, 0x2c, 0x2c, 0x2a, 0x2a, 0x2c, 0x2a, 0x29, 0x29, 0x29, 0x23, 0x21, 0x21, 0x26, 0x29, 0x29, 0x2a, 0x2a, 0x2a, 0x2a, 0x2a, 0x2a, 0x2c, 0x2d, 0x25, 0x0a, 0x10, 0x02, 0x02, 0x04, 0x0b, 0x0b, 0x0c, 0x0f, 0x08, 0x0c, 0x0f, 0x10, 0x11, 0x0e, 0x0e, 0x25, 0x2c, 0x2a, 0x2a, 0x26, 0x00, 0x00, 0x00, 0x00, 0x00, 0x00, 0x00, 0x00, 0x00, 0x00, 0x00, 0x00, 0x00, 0x00, 0x00, 0x00, 0x00, 0x00, 0x00, 0x00, 0x00, 0x00, 0x00,
  0x00, 0x00, 0x00, 0x00, 0x00, 0x00, 0x00, 0x00, 0x00, 0x00, 0x00, 0x00, 0x00, 0x00, 0x00, 0x00, 0x00, 0x00, 0x00, 0x00, 0x00, 0x22, 0x26, 0x29, 0x29, 0x2d, 0x23, 0x13, 0x10, 0x10, 0x10, 0x0f, 0x0b, 0x0b, 0x0b, 0x0c, 0x0f, 0x10, 0x10, 0x03, 0x01, 0x10, 0x27, 0x27, 0x29, 0x29, 0x2a, 0x2d, 0x2c, 0x2d, 0x25, 0x21, 0x21, 0x21, 0x21, 0x20, 0x20, 0x20, 0x21, 0x21, 0x21, 0x21, 0x21, 0x26, 0x2d, 0x2c, 0x2c, 0x2a, 0x29, 0x29, 0x27, 0x27, 0x10, 0x01, 0x0c, 0x10, 0x10, 0x0c, 0x0c, 0x0e, 0x0e, 0x10, 0x0f, 0x11, 0x15, 0x19, 0x15, 0x25, 0x2d, 0x29, 0x2b, 0x28, 0x00, 0x00, 0x00, 0x00, 0x00, 0x00, 0x00, 0x00, 0x00, 0x00, 0x00, 0x00, 0x00, 0x00, 0x00, 0x00, 0x00, 0x00, 0x00, 0x00, 0x00, 0x00,
  0x00, 0x00, 0x00, 0x00, 0x00, 0x00, 0x00, 0x00, 0x00, 0x00, 0x00, 0x00, 0x00, 0x00, 0x00, 0x00, 0x00, 0x00, 0x00, 0x00, 0x23, 0x26, 0x2b, 0x29, 0x2a, 0x23, 0x10, 0x05, 0x11, 0x10, 0x10, 0x0e, 0x0f, 0x0c, 0x0b, 0x0b, 0x10, 0x0e, 0x01, 0x1f, 0x26, 0x25, 0x29, 0x29, 0x29, 0x2b, 0x29, 0x23, 0x23, 0x23, 0x21, 0x20, 0x20, 0x20, 0x20, 0x20, 0x20, 0x20, 0x20, 0x20, 0x21, 0x20, 0x20, 0x21, 0x23, 0x23, 0x21, 0x27, 0x2b, 0x29, 0x29, 0x29, 0x26, 0x27, 0x1f, 0x01, 0x06, 0x10, 0x09, 0x0f, 0x10, 0x0f, 0x0f, 0x11, 0x18, 0x1e, 0x19, 0x1e, 0x23, 0x2c, 0x29, 0x29, 0x26, 0x22, 0x00, 0x00, 0x00, 0x00, 0x00, 0x00, 0x00, 0x00, 0x00, 0x00, 0x00, 0x00, 0x00, 0x00, 0x00, 0x00, 0x00, 0x00, 0x00, 0x00,
  0x00, 0x00, 0x00, 0x00, 0x00, 0x00, 0x00, 0x00, 0x00, 0x00, 0x00, 0x00, 0x00, 0x00, 0x00, 0x00, 0x00, 0x00, 0x00, 0x23, 0x26, 0x2a, 0x29, 0x2a, 0x23, 0x01, 0x02, 0x10, 0x0f, 0x0f, 0x0f, 0x0f, 0x0f, 0x0c, 0x10, 0x0c, 0x01, 0x1f, 0x23, 0x26, 0x2d, 0x2b, 0x2b, 0x2b, 0x25, 0x23, 0x23, 0x20, 0x20, 0x20, 0x20, 0x21, 0x20, 0x19, 0x21, 0x20, 0x20, 0x20, 0x20, 0x21, 0x19, 0x20, 0x21, 0x20, 0x20, 0x20, 0x19, 0x21, 0x23, 0x26, 0x2b, 0x2b, 0x2b, 0x2d, 0x26, 0x25, 0x1f, 0x01, 0x0f, 0x10, 0x10, 0x0e, 0x0e, 0x10, 0x0f, 0x16, 0x1e, 0x13, 0x17, 0x23, 0x29, 0x29, 0x2a, 0x26, 0x23, 0x00, 0x00, 0x00, 0x00, 0x00, 0x00, 0x00, 0x00, 0x00, 0x00, 0x00, 0x00, 0x00, 0x00, 0x00, 0x00, 0x00, 0x00, 0x00,
  0x00, 0x00, 0x00, 0x00, 0x00, 0x00, 0x00, 0x00, 0x00, 0x00, 0x00, 0x00, 0x00, 0x00, 0x00, 0x00, 0x00, 0x00, 0x00, 0x25, 0x2b, 0x29, 0x29, 0x23, 0x01, 0x02, 0x04, 0x07, 0x0f, 0x0c, 0x0f, 0x0f, 0x0f, 0x10, 0x0e, 0x0e, 0x1f, 0x27, 0x2d, 0x2c, 0x2b, 0x29, 0x25, 0x25, 0x21, 0x19, 0x20, 0x20, 0x20, 0x20, 0x20, 0x20, 0x20, 0x13, 0x19, 0x21, 0x21, 0x20, 0x21, 0x19, 0x13, 0x20, 0x20, 0x20, 0x20, 0x20, 0x20, 0x20, 0x19, 0x21, 0x25, 0x25, 0x29, 0x2c, 0x2c, 0x2d, 0x27, 0x1f, 0x03, 0x0e, 0x10, 0x0f, 0x0f, 0x10, 0x0f, 0x16, 0x19, 0x18, 0x14, 0x12, 0x23, 0x29, 0x29, 0x2b, 0x25, 0x00, 0x00, 0x00, 0x00, 0x00, 0x00, 0x00, 0x00, 0x00, 0x00, 0x00, 0x00, 0x00, 0x00, 0x00, 0x00, 0x00, 0x00, 0x00,
  0x00, 0x00, 0x00, 0x00, 0x00, 0x00, 0x00, 0x00, 0x00, 0x00, 0x00, 0x00, 0x00, 0x00, 0x00, 0x00, 0x00, 0x00, 0x00, 0x26, 0x2a, 0x28, 0x25, 0x01, 0x02, 0x02, 0x04, 0x04, 0x08, 0x0c, 0x0f, 0x0f, 0x11, 0x0f, 0x11, 0x1f, 0x2c, 0x2a, 0x2a, 0x2a, 0x29, 0x26, 0x20, 0x19, 0x20, 0x20, 0x20, 0x20, 0x20, 0x20, 0x20, 0x20, 0x21, 0x20, 0x13, 0x1e, 0x20, 0x21, 0x1e, 0x13, 0x21, 0x21, 0x20, 0x20, 0x20, 0x20, 0x20, 0x20, 0x20, 0x20, 0x19, 0x20, 0x27, 0x29, 0x2a, 0x2a, 0x2b, 0x2c, 0x1f, 0x12, 0x0e, 0x10, 0x0f, 0x0f, 0x0f, 0x13, 0x16, 0x15, 0x15, 0x16, 0x11, 0x25, 0x29, 0x2b, 0x26, 0x00, 0x00, 0x00, 0x00, 0x00, 0x00, 0x00, 0x00, 0x00, 0x00, 0x00, 0x00, 0x00, 0x00, 0x00, 0x00, 0x00, 0x00, 0x00,
  0x00, 0x00, 0x00, 0x00, 0x00, 0x00, 0x00, 0x00, 0x00, 0x00, 0x00, 0x00, 0x00, 0x00, 0x00, 0x00, 0x00, 0x00, 0x28, 0x2a, 0x2b, 0x23, 0x01, 0x0a, 0x02, 0x04, 0x0a, 0x04, 0x06, 0x0c, 0x0f, 0x0f, 0x11, 0x11, 0x1f, 0x2d, 0x2a, 0x2a, 0x2c, 0x26, 0x20, 0x21, 0x20, 0x20, 0x20, 0x20, 0x20, 0x20, 0x20, 0x20, 0x20, 0x20, 0x20, 0x20, 0x21, 0x11, 0x1e, 0x1e, 0x13, 0x21, 0x21, 0x20, 0x20, 0x20, 0x20, 0x20, 0x20, 0x20, 0x20, 0x20, 0x20, 0x21, 0x21, 0x21, 0x26, 0x2c, 0x2a, 0x29, 0x2d, 0x23, 0x11, 0x0f, 0x10, 0x0f, 0x0c, 0x03, 0x12, 0x14, 0x15, 0x15, 0x17, 0x13, 0x25, 0x2b, 0x2a, 0x28, 0x00, 0x00, 0x00, 0x00, 0x00, 0x00, 0x00, 0x00, 0x00, 0x00, 0x00, 0x00, 0x00, 0x00, 0x00, 0x00, 0x00, 0x00,
  0x00, 0x00, 0x00, 0x00, 0x00, 0x00, 0x00, 0x00, 0x00, 0x00, 0x00, 0x00, 0x00, 0x00, 0x00, 0x00, 0x1f, 0x27, 0x2c, 0x2a, 0x2d, 0x23, 0x01, 0x0a, 0x04, 0x0a, 0x04, 0x0a, 0x04, 0x0a, 0x0f, 0x11, 0x02, 0x23, 0x2d, 0x2a, 0x2a, 0x2d, 0x23, 0x20, 0x21, 0x20, 0x20, 0x21, 0x20, 0x20, 0x20, 0x20, 0x20, 0x20, 0x13, 0x15, 0x21, 0x20, 0x20, 0x20, 0x13, 0x13, 0x20, 0x21, 0x20, 0x21, 0x13, 0x15, 0x20, 0x20, 0x20, 0x20, 0x20, 0x20, 0x21, 0x21, 0x21, 0x21, 0x20, 0x25, 0x2d, 0x2a, 0x2a, 0x2d, 0x23, 0x03, 0x12, 0x0f, 0x07, 0x02, 0x02, 0x10, 0x14, 0x15, 0x17, 0x11, 0x25, 0x2c, 0x2a, 0x2c, 0x27, 0x00, 0x00, 0x00, 0x00, 0x00, 0x00, 0x00, 0x00, 0x00, 0x00, 0x00, 0x00, 0x00, 0x00, 0x00, 0x00, 0x00,
  0x00, 0x00, 0x00, 0x00, 0x00, 0x00, 0x00, 0x00, 0x00, 0x00, 0x00, 0x00, 0x00, 0x00, 0x00, 0x25, 0x27, 0x2c, 0x2a, 0x2c, 0x23, 0x12, 0x02, 0x04, 0x0a, 0x0a, 0x04, 0x02, 0x04, 0x04, 0x10, 0x02, 0x23, 0x2a, 0x2c, 0x2a, 0x2d, 0x23, 0x21, 0x20, 0x20, 0x21, 0x21, 0x13, 0x1e, 0x20, 0x20, 0x20, 0x20, 0x13, 0x05, 0x11, 0x15, 0x21, 0x20, 0x21, 0x20, 0x20, 0x21, 0x20, 0x21, 0x13, 0x0e, 0x0e, 0x15, 0x20, 0x20, 0x20, 0x20, 0x1e, 0x13, 0x21, 0x21, 0x21, 0x20, 0x21, 0x23, 0x2d, 0x2a, 0x2c, 0x2c, 0x23, 0x01, 0x11, 0x0a, 0x0a, 0x02, 0x10, 0x16, 0x14, 0x15, 0x15, 0x1e, 0x25, 0x2d, 0x2a, 0x2c, 0x27, 0x22, 0x00, 0x00, 0x00, 0x00, 0x00, 0x00, 0x00, 0x00, 0x00, 0x00, 0x00, 0x00, 0x00, 0x00, 0x00,
  0x00, 0x00, 0x00, 0x00, 0x00, 0x00, 0x00, 0x00, 0x00, 0x00, 0x00, 0x00, 0x00, 0x00, 0x00, 0x26, 0x2c, 0x2c, 0x2a, 0x2d, 0x1e, 0x01, 0x0a, 0x04, 0x04, 0x04, 0x06, 0x03, 0x02, 0x02, 0x01, 0x23, 0x2a, 0x2c, 0x2c, 0x2c, 0x23, 0x21, 0x20, 0x20, 0x21, 0x21, 0x19, 0x15, 0x15, 0x1e, 0x20, 0x20, 0x15, 0x02, 0x16, 0x19, 0x13, 0x19, 0x21, 0x21, 0x21, 0x21, 0x21, 0x21, 0x15, 0x13, 0x1e, 0x13, 0x03, 0x1e, 0x20, 0x20, 0x1e, 0x13, 0x15, 0x15, 0x21, 0x21, 0x20, 0x20, 0x21, 0x23, 0x2c, 0x2c, 0x2c, 0x27, 0x23, 0x02, 0x02, 0x0a, 0x02, 0x0a, 0x11, 0x14, 0x15, 0x16, 0x13, 0x1e, 0x25, 0x2c, 0x2c, 0x2c, 0x23, 0x00, 0x00, 0x00, 0x00, 0x00, 0x00, 0x00, 0x00, 0x00, 0x00, 0x00, 0x00, 0x00, 0x00, 0x00,
  0x00, 0x00, 0x00, 0x00, 0x00, 0x00, 0x00, 0x00, 0x00, 0x00, 0x00, 0x00, 0x00, 0x00, 0x00, 0x27, 0x2c, 0x2c, 0x2c, 0x25, 0x14, 0x03, 0x0a, 0x02, 0x04, 0x04, 0x04, 0x04, 0x02, 0x10, 0x1f, 0x28, 0x2b, 0x2b, 0x2a, 0x25, 0x20, 0x20, 0x20, 0x21, 0x20, 0x15, 0x15, 0x21, 0x19, 0x13, 0x1e, 0x1e, 0x03, 0x13, 0x20, 0x20, 0x20, 0x13, 0x19, 0x20, 0x20, 0x21, 0x20, 0x19, 0x11, 0x1e, 0x20, 0x20, 0x12, 0x03, 0x1e, 0x1e, 0x13, 0x19, 0x21, 0x15, 0x15, 0x20, 0x21, 0x20, 0x20, 0x20, 0x25, 0x29, 0x2b, 0x2c, 0x2a, 0x1f, 0x02, 0x02, 0x0a, 0x02, 0x02, 0x14, 0x15, 0x16, 0x1e, 0x15, 0x21, 0x2d, 0x2a, 0x2a, 0x25, 0x00, 0x00, 0x00, 0x00, 0x00, 0x00, 0x00, 0x00, 0x00, 0x00, 0x00, 0x00, 0x00, 0x00, 0x00,
  0x00, 0x00, 0x00, 0x00, 0x00, 0x00, 0x00, 0x00, 0x00, 0x00, 0x00, 0x00, 0x00, 0x00, 0x27, 0x2a, 0x2c, 0x2c, 0x25, 0x0f, 0x05, 0x10, 0x0b, 0x04, 0x04, 0x04, 0x04, 0x04, 0x01, 0x14, 0x2c, 0x29, 0x29, 0x27, 0x23, 0x20, 0x21, 0x20, 0x20, 0x20, 0x15, 0x13, 0x21, 0x20, 0x21, 0x15, 0x11, 0x12, 0x12, 0x20, 0x20, 0x20, 0x20, 0x20, 0x13, 0x19, 0x20, 0x21, 0x1e, 0x13, 0x20, 0x20, 0x20, 0x20, 0x20, 0x11, 0x13, 0x13, 0x19, 0x21, 0x20, 0x21, 0x15, 0x15, 0x20, 0x20, 0x20, 0x20, 0x1e, 0x25, 0x29, 0x2a, 0x2a, 0x2c, 0x1f, 0x0a, 0x02, 0x0a, 0x02, 0x10, 0x16, 0x19, 0x19, 0x18, 0x21, 0x27, 0x2c, 0x2a, 0x2a, 0x27, 0x00, 0x00, 0x00, 0x00, 0x00, 0x00, 0x00, 0x00, 0x00, 0x00, 0x00, 0x00, 0x00, 0x00,
  0x00, 0x00, 0x00, 0x00, 0x00, 0x00, 0x00, 0x00, 0x00, 0x00, 0x00, 0x00, 0x00, 0x00, 0x26, 0x2a, 0x2c, 0x28, 0x12, 0x0f, 0x11, 0x0f, 0x0c, 0x09, 0x03, 0x04, 0x0a, 0x01, 0x1e, 0x27, 0x29, 0x29, 0x29, 0x23, 0x19, 0x21, 0x20, 0x20, 0x21, 0x19, 0x13, 0x21, 0x20, 0x20, 0x20, 0x21, 0x19, 0x13, 0x21, 0x20, 0x20, 0x20, 0x20, 0x20, 0x21, 0x13, 0x13, 0x15, 0x13, 0x21, 0x20, 0x20, 0x20, 0x20, 0x20, 0x21, 0x11, 0x19, 0x21, 0x20, 0x20, 0x20, 0x21, 0x13, 0x19, 0x21, 0x20, 0x20, 0x20, 0x19, 0x23, 0x2b, 0x2a, 0x29, 0x2c, 0x1f, 0x01, 0x0a, 0x02, 0x02, 0x12, 0x18, 0x1e, 0x19, 0x18, 0x1e, 0x27, 0x2a, 0x2a, 0x25, 0x00, 0x00, 0x00, 0x00, 0x00, 0x00, 0x00, 0x00, 0x00, 0x00, 0x00, 0x00, 0x00, 0x00,
  0x00, 0x00, 0x00, 0x00, 0x00, 0x00, 0x00, 0x00, 0x00, 0x00, 0x00, 0x00, 0x00, 0x25, 0x29, 0x2b, 0x26, 0x14, 0x11, 0x10, 0x10, 0x0f, 0x0f, 0x0e, 0x09, 0x04, 0x0a, 0x01, 0x1f, 0x2c, 0x29, 0x2b, 0x23, 0x20, 0x20, 0x20, 0x20, 0x20, 0x20, 0x21, 0x21, 0x20, 0x20, 0x20, 0x20, 0x20, 0x20, 0x20, 0x20, 0x20, 0x20, 0x1e, 0x20, 0x20, 0x20, 0x21, 0x13, 0x15, 0x21, 0x20, 0x20, 0x20, 0x19, 0x20, 0x20, 0x20, 0x20, 0x20, 0x20, 0x20, 0x21, 0x20, 0x20, 0x20, 0x20, 0x20, 0x20, 0x20, 0x20, 0x20, 0x20, 0x23, 0x2d, 0x29, 0x2a, 0x17, 0x01, 0x0a, 0x04, 0x0a, 0x0e, 0x17, 0x1e, 0x19, 0x19, 0x1e, 0x1e, 0x27, 0x2a, 0x29, 0x25, 0x00, 0x00, 0x00, 0x00, 0x00, 0x00, 0x00, 0x00, 0x00, 0x00, 0x00, 0x00, 0x00,
  0x00, 0x00, 0x00, 0x00, 0x00, 0x00, 0x00, 0x00, 0x00, 0x00, 0x00, 0x00, 0x00, 0x27, 0x2a, 0x2b, 0x27, 0x02, 0x10, 0x10, 0x10, 0x0f, 0x10, 0x0f, 0x0c, 0x0b, 0x01, 0x1e, 0x27, 0x29, 0x29, 0x23, 0x21, 0x20, 0x20, 0x20, 0x20, 0x20, 0x20, 0x20, 0x21, 0x21, 0x21, 0x13, 0x1e, 0x21, 0x20, 0x20, 0x20, 0x20, 0x11, 0x0e, 0x13, 0x20, 0x20, 0x21, 0x20, 0x20, 0x20, 0x20, 0x20, 0x11, 0x02, 0x12, 0x21, 0x21, 0x20, 0x20, 0x21, 0x1e, 0x13, 0x21, 0x20, 0x20, 0x20, 0x20, 0x20, 0x20, 0x20, 0x20, 0x20, 0x21, 0x23, 0x29, 0x29, 0x27, 0x1e, 0x01, 0x0c, 0x0b, 0x10, 0x11, 0x15, 0x1e, 0x19, 0x18, 0x16, 0x27, 0x2b, 0x2b, 0x26, 0x00, 0x00, 0x00, 0x00, 0x00, 0x00, 0x00, 0x00, 0x00, 0x00, 0x00, 0x00, 0x00,
  0x00, 0x00, 0x00, 0x00, 0x00, 0x00, 0x00, 0x00, 0x00, 0x00, 0x00, 0x00, 0x25, 0x27, 0x2b, 0x25, 0x1f, 0x02, 0x0b, 0x0c, 0x0f, 0x0f, 0x0f, 0x10, 0x10, 0x03, 0x1f, 0x25, 0x2b, 0x29, 0x2b, 0x21, 0x20, 0x20, 0x20, 0x20, 0x13, 0x20, 0x21, 0x20, 0x21, 0x21, 0x18, 0x13, 0x13, 0x1e, 0x20, 0x20, 0x21, 0x11, 0x13, 0x1e, 0x11, 0x13, 0x21, 0x20, 0x20, 0x20, 0x20, 0x20, 0x12, 0x11, 0x1e, 0x13, 0x15, 0x21, 0x20, 0x21, 0x1e, 0x13, 0x13, 0x19, 0x21, 0x21, 0x20, 0x20, 0x1e, 0x13, 0x20, 0x20, 0x20, 0x20, 0x21, 0x2b, 0x29, 0x2b, 0x25, 0x1f, 0x0c, 0x10, 0x10, 0x0e, 0x14, 0x1e, 0x18, 0x18, 0x15, 0x23, 0x26, 0x2b, 0x27, 0x23, 0x00, 0x00, 0x00, 0x00, 0x00, 0x00, 0x00, 0x00, 0x00, 0x00, 0x00, 0x00,
  0x00, 0x00, 0x00, 0x00, 0x00, 0x00, 0x00, 0x00, 0x00, 0x00, 0x00, 0x00, 0x27, 0x2a, 0x2d, 0x23, 0x01, 0x0a, 0x02, 0x12, 0x11, 0x0f, 0x0f, 0x0f, 0x11, 0x01, 0x25, 0x2d, 0x29, 0x29, 0x25, 0x21, 0x20, 0x20, 0x1e, 0x13, 0x09, 0x13, 0x20, 0x21, 0x21, 0x1e, 0x13, 0x21, 0x18, 0x11, 0x1e, 0x20, 0x13, 0x13, 0x20, 0x20, 0x20, 0x13, 0x15, 0x20, 0x20, 0x20, 0x20, 0x13, 0x11, 0x1e, 0x21, 0x20, 0x15, 0x15, 0x21, 0x1e, 0x13, 0x19, 0x21, 0x13, 0x19, 0x20, 0x21, 0x20, 0x12, 0x10, 0x13, 0x20, 0x21, 0x20, 0x21, 0x25, 0x29, 0x29, 0x2d, 0x26, 0x01, 0x10, 0x0f, 0x0f, 0x13, 0x19, 0x18, 0x16, 0x16, 0x0f, 0x23, 0x2b, 0x2a, 0x2a, 0x00, 0x00, 0x00, 0x00, 0x00, 0x00, 0x00, 0x00, 0x00, 0x00, 0x00, 0x00,
  0x00, 0x00, 0x00, 0x00, 0x00, 0x00, 0x00, 0x00, 0x00, 0x00, 0x00, 0x22, 0x28, 0x2a, 0x27, 0x1f, 0x01, 0x02, 0x0a, 0x17, 0x13, 0x0e, 0x10, 0x10, 0x11, 0x14, 0x25, 0x2c, 0x2b, 0x27, 0x19, 0x1e, 0x20, 0x1e, 0x12, 0x11, 0x20, 0x13, 0x13, 0x20, 0x19, 0x13, 0x21, 0x20, 0x21, 0x15, 0x11, 0x14, 0x12, 0x20, 0x20, 0x20, 0x20, 0x21, 0x13, 0x19, 0x20, 0x20, 0x15, 0x13, 0x20, 0x20, 0x20, 0x21, 0x20, 0x13, 0x15, 0x11, 0x15, 0x21, 0x20, 0x21, 0x13, 0x19, 0x20, 0x13, 0x11, 0x1f, 0x11, 0x13, 0x20, 0x20, 0x19, 0x19, 0x27, 0x2b, 0x2c, 0x26, 0x17, 0x11, 0x10, 0x0f, 0x0e, 0x13, 0x18, 0x15, 0x16, 0x13, 0x23, 0x27, 0x2b, 0x2a, 0x00, 0x00, 0x00, 0x00, 0x00, 0x00, 0x00, 0x00, 0x00, 0x00, 0x00, 0x00,
  0x00, 0x00, 0x00, 0x00, 0x00, 0x00, 0x00, 0x00, 0x00, 0x00, 0x23, 0x28, 0x2c, 0x2c, 0x1f, 0x02, 0x02, 0x02, 0x10, 0x16, 0x12, 0x06, 0x10, 0x10, 0x11, 0x27, 0x2d, 0x2a, 0x2a, 0x26, 0x20, 0x11, 0x13, 0x11, 0x12, 0x20, 0x20, 0x20, 0x13, 0x0e, 0x13, 0x20, 0x21, 0x20, 0x20, 0x21, 0x15, 0x05, 0x20, 0x20, 0x20, 0x20, 0x20, 0x20, 0x21, 0x13, 0x11, 0x11, 0x13, 0x21, 0x21, 0x20, 0x20, 0x20, 0x21, 0x21, 0x05, 0x15, 0x21, 0x20, 0x21, 0x21, 0x20, 0x13, 0x0e, 0x15, 0x20, 0x20, 0x20, 0x13, 0x12, 0x10, 0x15, 0x20, 0x26, 0x2b, 0x2a, 0x2d, 0x28, 0x11, 0x10, 0x10, 0x0e, 0x11, 0x14, 0x15, 0x15, 0x16, 0x11, 0x23, 0x2d, 0x2c, 0x27, 0x23, 0x00, 0x00, 0x00, 0x00, 0x00, 0x00, 0x00, 0x00, 0x00, 0x00,
  0x00, 0x00, 0x00, 0x00, 0x00, 0x00, 0x00, 0x00, 0x00, 0x00, 0x23, 0x2c, 0x2a, 0x2d, 0x23, 0x03, 0x0a, 0x04, 0x02, 0x14, 0x12, 0x02, 0x0f, 0x10, 0x11, 0x27, 0x2c, 0x2c, 0x26, 0x20, 0x20, 0x20, 0x12, 0x11, 0x20, 0x20, 0x20, 0x20, 0x20, 0x18, 0x20, 0x21, 0x21, 0x21, 0x20, 0x20, 0x1e, 0x1e, 0x1e, 0x20, 0x20, 0x20, 0x20, 0x20, 0x20, 0x20, 0x1e, 0x19, 0x20, 0x20, 0x20, 0x20, 0x20, 0x20, 0x20, 0x20, 0x1e, 0x1e, 0x20, 0x20, 0x21, 0x21, 0x21, 0x20, 0x19, 0x20, 0x20, 0x20, 0x20, 0x21, 0x12, 0x12, 0x20, 0x20, 0x20, 0x26, 0x2c, 0x2c, 0x27, 0x03, 0x10, 0x10, 0x0c, 0x02, 0x0f, 0x14, 0x16, 0x18, 0x13, 0x23, 0x2d, 0x2c, 0x2a, 0x1f, 0x00, 0x00, 0x00, 0x00, 0x00, 0x00, 0x00, 0x00, 0x00, 0x00,
  0x00, 0x00, 0x00, 0x00, 0x00, 0x00, 0x00, 0x00, 0x00, 0x25, 0x26, 0x2c, 0x2c, 0x23, 0x1e, 0x10, 0x0a, 0x0a, 0x02, 0x0c, 0x0a, 0x02, 0x0c, 0x0f, 0x03, 0x27, 0x2c, 0x2d, 0x27, 0x20, 0x20, 0x20, 0x1e, 0x1e, 0x20, 0x20, 0x20, 0x19, 0x19, 0x1e, 0x20, 0x20, 0x20, 0x20, 0x25, 0x27, 0x26, 0x26, 0x26, 0x26, 0x26, 0x27, 0x27, 0x27, 0x27, 0x27, 0x26, 0x26, 0x26, 0x27, 0x27, 0x27, 0x26, 0x26, 0x26, 0x26, 0x26, 0x26, 0x27, 0x26, 0x20, 0x20, 0x20, 0x20, 0x1e, 0x19, 0x19, 0x20, 0x20, 0x20, 0x1e, 0x1e, 0x20, 0x20, 0x20, 0x27, 0x2d, 0x2c, 0x2a, 0x23, 0x12, 0x07, 0x0a, 0x02, 0x0c, 0x17, 0x15, 0x16, 0x16, 0x1f, 0x25, 0x2c, 0x2c, 0x25, 0x23, 0x00, 0x00, 0x00, 0x00, 0x00, 0x00, 0x00, 0x00, 0x00,
  0x00, 0x00, 0x00, 0x00, 0x00, 0x00, 0x00, 0x00, 0x00, 0x27, 0x2c, 0x2c, 0x2c, 0x21, 0x13, 0x11, 0x0a, 0x0a, 0x0a, 0x02, 0x02, 0x04, 0x03, 0x12, 0x23, 0x28, 0x2d, 0x27, 0x23, 0x21, 0x21, 0x20, 0x20, 0x1e, 0x20, 0x19, 0x20, 0x25, 0x25, 0x25, 0x25, 0x25, 0x25, 0x25, 0x29, 0x2c, 0x2c, 0x2d, 0x2d, 0x2d, 0x2d, 0x2d, 0x2d, 0x2d, 0x2d, 0x2d, 0x2d, 0x2d, 0x2d, 0x2d, 0x2d, 0x2d, 0x2d, 0x2d, 0x2d, 0x2d, 0x2d, 0x2d, 0x2c, 0x2a, 0x25, 0x25, 0x25, 0x25, 0x25, 0x25, 0x25, 0x23, 0x19, 0x19, 0x19, 0x20, 0x20, 0x21, 0x21, 0x23, 0x27, 0x2c, 0x2c, 0x2c, 0x12, 0x02, 0x04, 0x02, 0x0a, 0x12, 0x14, 0x16, 0x1e, 0x15, 0x21, 0x2d, 0x2a, 0x2c, 0x25, 0x00, 0x00, 0x00, 0x00, 0x00, 0x00, 0x00, 0x00, 0x00,
  0x00, 0x00, 0x00, 0x00, 0x00, 0x00, 0x00, 0x00, 0x00, 0x27, 0x29, 0x2c, 0x2d, 0x21, 0x12, 0x10, 0x0b, 0x0a, 0x04, 0x04, 0x04, 0x04, 0x02, 0x0c, 0x2c, 0x2c, 0x2d, 0x25, 0x20, 0x20, 0x20, 0x23, 0x23, 0x23, 0x23, 0x23, 0x23, 0x2b, 0x2b, 0x2b, 0x2d, 0x2d, 0x2d, 0x2d, 0x2c, 0x2d, 0x29, 0x25, 0x23, 0x23, 0x23, 0x23, 0x25, 0x25, 0x25, 0x23, 0x23, 0x23, 0x25, 0x25, 0x25, 0x25, 0x23, 0x23, 0x23, 0x25, 0x25, 0x29, 0x2d, 0x2c, 0x2d, 0x2d, 0x2b, 0x2d, 0x2b, 0x2b, 0x2c, 0x27, 0x23, 0x23, 0x23, 0x23, 0x23, 0x20, 0x21, 0x19, 0x25, 0x2d, 0x2a, 0x28, 0x0a, 0x01, 0x0a, 0x0a, 0x02, 0x02, 0x14, 0x18, 0x19, 0x16, 0x21, 0x2d, 0x2b, 0x29, 0x25, 0x00, 0x00, 0x00, 0x00, 0x00, 0x00, 0x00, 0x00, 0x00,
  0x00, 0x00, 0x00, 0x00, 0x00, 0x00, 0x00, 0x00, 0x00, 0x25, 0x2a, 0x2a, 0x27, 0x21, 0x11, 0x0f, 0x0c, 0x0b, 0x04, 0x02, 0x04, 0x02, 0x0a, 0x1e, 0x27, 0x2a, 0x2c, 0x26, 0x21, 0x23, 0x23, 0x2b, 0x2d, 0x2b, 0x2b, 0x2b, 0x2b, 0x29, 0x2a, 0x28, 0x26, 0x26, 0x26, 0x26, 0x26, 0x27, 0x23, 0x12, 0x02, 0x01, 0x01, 0x01, 0x01, 0x01, 0x02, 0x02, 0x02, 0x02, 0x02, 0x02, 0x01, 0x01, 0x01, 0x01, 0x01, 0x03, 0x17, 0x23, 0x27, 0x26, 0x26, 0x26, 0x26, 0x26, 0x28, 0x2a, 0x29, 0x2b, 0x2b, 0x2b, 0x2b, 0x2d, 0x29, 0x23, 0x23, 0x23, 0x26, 0x2b, 0x2a, 0x28, 0x1f, 0x0a, 0x02, 0x04, 0x02, 0x06, 0x17, 0x19, 0x19, 0x18, 0x21, 0x27, 0x2a, 0x2a, 0x25, 0x00, 0x00, 0x00, 0x00, 0x00, 0x00, 0x00, 0x00, 0x00,
  0x00, 0x00, 0x00, 0x00, 0x00, 0x00, 0x00, 0x00, 0x25, 0x29, 0x2a, 0x29, 0x1e, 0x18, 0x12, 0x0c, 0x0a, 0x0b, 0x0a, 0x04, 0x0a, 0x01, 0x17, 0x2c, 0x29, 0x2a, 0x2a, 0x2b, 0x2c, 0x2c, 0x2c, 0x2a, 0x2a, 0x2a, 0x28, 0x28, 0x28, 0x28, 0x2d, 0x23, 0x01, 0x02, 0x01, 0x02, 0x02, 0x02, 0x0f, 0x11, 0x10, 0x0c, 0x04, 0x04, 0x02, 0x04, 0x0c, 0x10, 0x11, 0x11, 0x10, 0x0b, 0x04, 0x02, 0x04, 0x0a, 0x0c, 0x10, 0x11, 0x10, 0x02, 0x02, 0x01, 0x02, 0x02, 0x01, 0x25, 0x2c, 0x28, 0x28, 0x28, 0x29, 0x29, 0x2a, 0x2c, 0x2c, 0x2c, 0x2c, 0x2b, 0x2a, 0x29, 0x29, 0x2c, 0x14, 0x01, 0x0a, 0x02, 0x0f, 0x17, 0x19, 0x19, 0x19, 0x19, 0x18, 0x27, 0x2b, 0x27, 0x27, 0x00, 0x00, 0x00, 0x00, 0x00, 0x00, 0x00, 0x00,
  0x00, 0x00, 0x00, 0x00, 0x00, 0x00, 0x00, 0x00, 0x25, 0x2c, 0x2a, 0x27, 0x1e, 0x18, 0x12, 0x10, 0x0c, 0x0c, 0x0c, 0x04, 0x0a, 0x01, 0x1e, 0x2a, 0x29, 0x29, 0x29, 0x29, 0x29, 0x2a, 0x2d, 0x2d, 0x2d, 0x25, 0x12, 0x14, 0x14, 0x14, 0x14, 0x12, 0x04, 0x02, 0x02, 0x02, 0x02, 0x02, 0x10, 0x11, 0x10, 0x07, 0x02, 0x14, 0x14, 0x02, 0x03, 0x19, 0x20, 0x1e, 0x18, 0x02, 0x02, 0x17, 0x14, 0x02, 0x0c, 0x10, 0x11, 0x0f, 0x02, 0x02, 0x01, 0x02, 0x02, 0x0a, 0x12, 0x14, 0x12, 0x12, 0x12, 0x14, 0x26, 0x2d, 0x2d, 0x2d, 0x2c, 0x29, 0x29, 0x29, 0x29, 0x29, 0x2a, 0x14, 0x01, 0x02, 0x04, 0x0f, 0x11, 0x18, 0x19, 0x19, 0x19, 0x1e, 0x27, 0x29, 0x29, 0x28, 0x00, 0x00, 0x00, 0x00, 0x00, 0x00, 0x00, 0x00,
  0x00, 0x00, 0x00, 0x00, 0x00, 0x00, 0x00, 0x00, 0x25, 0x2a, 0x2b, 0x29, 0x17, 0x11, 0x10, 0x10, 0x0b, 0x0c, 0x0c, 0x0a, 0x0c, 0x01, 0x14, 0x2b, 0x29, 0x29, 0x2b, 0x2c, 0x2d, 0x28, 0x1f, 0x1f, 0x1f, 0x14, 0x02, 0x02, 0x01, 0x01, 0x03, 0x0f, 0x0a, 0x05, 0x14, 0x14, 0x03, 0x02, 0x12, 0x1e, 0x11, 0x0b, 0x02, 0x16, 0x18, 0x02, 0x03, 0x19, 0x20, 0x20, 0x19, 0x02, 0x02, 0x1e, 0x18, 0x03, 0x08, 0x11, 0x1e, 0x12, 0x02, 0x0b, 0x16, 0x14, 0x08, 0x0c, 0x0e, 0x03, 0x01, 0x01, 0x02, 0x02, 0x17, 0x1f, 0x1f, 0x1f, 0x28, 0x2d, 0x2c, 0x2b, 0x29, 0x29, 0x2a, 0x12, 0x01, 0x0a, 0x04, 0x0f, 0x11, 0x18, 0x19, 0x19, 0x18, 0x18, 0x29, 0x2b, 0x29, 0x27, 0x00, 0x00, 0x00, 0x00, 0x00, 0x00, 0x00, 0x00,
  0x00, 0x00, 0x00, 0x00, 0x00, 0x00, 0x00, 0x25, 0x27, 0x2b, 0x27, 0x21, 0x14, 0x04, 0x04, 0x0b, 0x0b, 0x0c, 0x0c, 0x10, 0x01, 0x14, 0x25, 0x2a, 0x29, 0x2d, 0x23, 0x1f, 0x1f, 0x1f, 0x02, 0x02, 0x01, 0x02, 0x0c, 0x0c, 0x13, 0x14, 0x11, 0x0f, 0x07, 0x11, 0x1e, 0x1e, 0x0e, 0x02, 0x12, 0x20, 0x11, 0x0b, 0x03, 0x16, 0x18, 0x02, 0x03, 0x18, 0x20, 0x1e, 0x18, 0x03, 0x02, 0x1e, 0x18, 0x0e, 0x08, 0x11, 0x21, 0x12, 0x02, 0x10, 0x1e, 0x1e, 0x0f, 0x0e, 0x0c, 0x11, 0x14, 0x12, 0x02, 0x04, 0x03, 0x03, 0x03, 0x05, 0x1f, 0x23, 0x1f, 0x23, 0x2d, 0x29, 0x2a, 0x25, 0x14, 0x01, 0x0c, 0x10, 0x11, 0x18, 0x19, 0x18, 0x18, 0x15, 0x23, 0x27, 0x29, 0x28, 0x25, 0x00, 0x00, 0x00, 0x00, 0x00, 0x00, 0x00,
  0x00, 0x00, 0x00, 0x00, 0x00, 0x00, 0x00, 0x26, 0x2b, 0x2b, 0x26, 0x12, 0x14, 0x0a, 0x02, 0x04, 0x0c, 0x0a, 0x10, 0x04, 0x14, 0x25, 0x2d, 0x29, 0x2a, 0x25, 0x12, 0x01, 0x01, 0x01, 0x0f, 0x13, 0x15, 0x12, 0x0c, 0x11, 0x1e, 0x1e, 0x12, 0x03, 0x0f, 0x11, 0x1e, 0x1e, 0x0e, 0x01, 0x11, 0x1e, 0x11, 0x0c, 0x05, 0x19, 0x1e, 0x02, 0x03, 0x19, 0x1e, 0x1e, 0x18, 0x02, 0x03, 0x1e, 0x19, 0x0e, 0x0c, 0x11, 0x20, 0x11, 0x01, 0x10, 0x1e, 0x1e, 0x11, 0x0e, 0x02, 0x12, 0x1e, 0x1e, 0x0e, 0x08, 0x13, 0x15, 0x13, 0x11, 0x02, 0x01, 0x01, 0x12, 0x25, 0x2a, 0x2a, 0x2d, 0x25, 0x14, 0x0a, 0x10, 0x10, 0x13, 0x16, 0x18, 0x16, 0x15, 0x11, 0x26, 0x2a, 0x2a, 0x26, 0x00, 0x00, 0x00, 0x00, 0x00, 0x00, 0x00,
  0x00, 0x00, 0x00, 0x00, 0x00, 0x00, 0x00, 0x26, 0x2a, 0x2b, 0x26, 0x14, 0x14, 0x0a, 0x02, 0x04, 0x0a, 0x0b, 0x10, 0x02, 0x25, 0x2d, 0x29, 0x2a, 0x27, 0x10, 0x02, 0x10, 0x0a, 0x0a, 0x03, 0x1e, 0x21, 0x15, 0x0e, 0x11, 0x1e, 0x1e, 0x11, 0x03, 0x0f, 0x11, 0x1e, 0x1e, 0x0f, 0x02, 0x11, 0x1e, 0x11, 0x0e, 0x0e, 0x19, 0x1e, 0x03, 0x02, 0x19, 0x1e, 0x1e, 0x18, 0x02, 0x03, 0x1e, 0x19, 0x0e, 0x07, 0x11, 0x1e, 0x11, 0x01, 0x11, 0x1e, 0x1e, 0x11, 0x06, 0x02, 0x12, 0x1e, 0x1e, 0x11, 0x05, 0x18, 0x21, 0x1e, 0x0e, 0x0c, 0x04, 0x0c, 0x02, 0x10, 0x26, 0x2a, 0x29, 0x2d, 0x25, 0x02, 0x10, 0x10, 0x03, 0x13, 0x17, 0x15, 0x15, 0x14, 0x26, 0x2b, 0x2a, 0x26, 0x00, 0x00, 0x00, 0x00, 0x00, 0x00, 0x00,
  0x00, 0x00, 0x00, 0x00, 0x00, 0x00, 0x00, 0x26, 0x2b, 0x2a, 0x26, 0x13, 0x12, 0x02, 0x02, 0x03, 0x0b, 0x05, 0x0c, 0x02, 0x23, 0x2d, 0x2c, 0x27, 0x12, 0x02, 0x16, 0x17, 0x02, 0x0a, 0x03, 0x19, 0x20, 0x13, 0x05, 0x11, 0x1e, 0x1e, 0x12, 0x02, 0x0c, 0x11, 0x20, 0x1e, 0x11, 0x02, 0x11, 0x1e, 0x0e, 0x07, 0x0e, 0x1e, 0x1e, 0x05, 0x02, 0x18, 0x1e, 0x1e, 0x18, 0x02, 0x05, 0x1e, 0x19, 0x0e, 0x04, 0x0f, 0x1e, 0x11, 0x02, 0x11, 0x20, 0x1e, 0x11, 0x04, 0x02, 0x12, 0x1e, 0x1e, 0x11, 0x0e, 0x15, 0x20, 0x19, 0x03, 0x04, 0x02, 0x17, 0x14, 0x02, 0x11, 0x28, 0x2a, 0x2c, 0x23, 0x02, 0x10, 0x0c, 0x04, 0x13, 0x16, 0x15, 0x14, 0x13, 0x25, 0x29, 0x2a, 0x26, 0x00, 0x00, 0x00, 0x00, 0x00, 0x00, 0x00,
  0x00, 0x00, 0x00, 0x00, 0x00, 0x00, 0x27, 0x2a, 0x2c, 0x25, 0x14, 0x14, 0x02, 0x02, 0x04, 0x04, 0x04, 0x08, 0x10, 0x02, 0x25, 0x2d, 0x2c, 0x27, 0x10, 0x05, 0x18, 0x19, 0x03, 0x0a, 0x02, 0x19, 0x20, 0x13, 0x03, 0x11, 0x20, 0x1e, 0x12, 0x02, 0x0e, 0x11, 0x20, 0x20, 0x11, 0x02, 0x11, 0x1e, 0x06, 0x04, 0x05, 0x1e, 0x1e, 0x0e, 0x02, 0x18, 0x1e, 0x1e, 0x18, 0x03, 0x0e, 0x20, 0x1e, 0x05, 0x02, 0x0e, 0x1f, 0x11, 0x03, 0x13, 0x20, 0x1e, 0x11, 0x04, 0x02, 0x12, 0x1e, 0x1e, 0x11, 0x05, 0x15, 0x20, 0x19, 0x02, 0x04, 0x02, 0x18, 0x16, 0x03, 0x12, 0x28, 0x2c, 0x2d, 0x23, 0x02, 0x10, 0x0b, 0x02, 0x12, 0x16, 0x15, 0x15, 0x14, 0x13, 0x25, 0x2c, 0x28, 0x27, 0x00, 0x00, 0x00, 0x00, 0x00, 0x00,
  0x00, 0x00, 0x00, 0x00, 0x00, 0x00, 0x2c, 0x2a, 0x2d, 0x23, 0x11, 0x14, 0x02, 0x02, 0x03, 0x03, 0x04, 0x0b, 0x10, 0x02, 0x23, 0x2d, 0x2c, 0x27, 0x12, 0x0e, 0x1e, 0x1e, 0x05, 0x04, 0x03, 0x18, 0x1e, 0x13, 0x03, 0x11, 0x20, 0x20, 0x12, 0x02, 0x05, 0x12, 0x20, 0x20, 0x11, 0x0e, 0x10, 0x12, 0x04, 0x0a, 0x0f, 0x13, 0x14, 0x10, 0x04, 0x12, 0x12, 0x12, 0x12, 0x0b, 0x11, 0x15, 0x13, 0x10, 0x0a, 0x04, 0x12, 0x11, 0x0e, 0x13, 0x20, 0x20, 0x11, 0x03, 0x02, 0x12, 0x20, 0x20, 0x11, 0x03, 0x13, 0x20, 0x18, 0x02, 0x0a, 0x03, 0x1e, 0x19, 0x05, 0x12, 0x28, 0x2c, 0x2d, 0x23, 0x02, 0x10, 0x0a, 0x02, 0x02, 0x12, 0x15, 0x15, 0x16, 0x11, 0x23, 0x2c, 0x2c, 0x28, 0x00, 0x00, 0x00, 0x00, 0x00, 0x00,
  0x00, 0x00, 0x00, 0x00, 0x00, 0x00, 0x2a, 0x2a, 0x2d, 0x25, 0x13, 0x14, 0x02, 0x02, 0x02, 0x03, 0x02, 0x07, 0x10, 0x02, 0x23, 0x2d, 0x2b, 0x27, 0x12, 0x0e, 0x1e, 0x1e, 0x0e, 0x0a, 0x03, 0x1e, 0x1e, 0x12, 0x02, 0x11, 0x18, 0x17, 0x10, 0x02, 0x09, 0x11, 0x15, 0x18, 0x11, 0x0f, 0x03, 0x01, 0x01, 0x01, 0x01, 0x02, 0x02, 0x02, 0x01, 0x01, 0x01, 0x01, 0x01, 0x02, 0x03, 0x03, 0x02, 0x02, 0x01, 0x01, 0x01, 0x03, 0x0f, 0x12, 0x18, 0x15, 0x0e, 0x04, 0x03, 0x12, 0x1e, 0x19, 0x11, 0x03, 0x13, 0x1e, 0x18, 0x02, 0x04, 0x05, 0x1e, 0x19, 0x0e, 0x12, 0x28, 0x2c, 0x2d, 0x23, 0x02, 0x10, 0x04, 0x02, 0x02, 0x10, 0x16, 0x15, 0x16, 0x13, 0x25, 0x2d, 0x2c, 0x28, 0x00, 0x00, 0x00, 0x00, 0x00, 0x00,
  0x00, 0x00, 0x00, 0x00, 0x00, 0x00, 0x2a, 0x2a, 0x2d, 0x25, 0x13, 0x0e, 0x02, 0x02, 0x04, 0x04, 0x04, 0x04, 0x10, 0x02, 0x23, 0x2d, 0x2b, 0x27, 0x12, 0x0e, 0x1e, 0x1e, 0x0e, 0x0a, 0x03, 0x14, 0x14, 0x10, 0x02, 0x04, 0x02, 0x01, 0x01, 0x02, 0x02, 0x02, 0x03, 0x05, 0x05, 0x13, 0x1e, 0x1f, 0x1f, 0x1f, 0x1f, 0x1f, 0x1f, 0x1f, 0x1f, 0x1f, 0x1f, 0x1f, 0x1f, 0x1f, 0x1f, 0x1f, 0x1f, 0x1f, 0x1f, 0x1f, 0x1f, 0x18, 0x13, 0x0e, 0x0e, 0x03, 0x02, 0x01, 0x02, 0x03, 0x05, 0x05, 0x0c, 0x02, 0x11, 0x14, 0x13, 0x03, 0x0c, 0x0e, 0x1e, 0x1e, 0x0e, 0x12, 0x28, 0x2c, 0x2d, 0x23, 0x02, 0x10, 0x04, 0x04, 0x02, 0x11, 0x16, 0x15, 0x18, 0x13, 0x25, 0x2d, 0x2c, 0x28, 0x00, 0x00, 0x00, 0x00, 0x00, 0x00,
  0x00, 0x00, 0x00, 0x00, 0x00, 0x00, 0x2c, 0x2c, 0x2a, 0x23, 0x15, 0x0e, 0x04, 0x04, 0x04, 0x04, 0x07, 0x07, 0x10, 0x02, 0x23, 0x2d, 0x2b, 0x27, 0x12, 0x0e, 0x19, 0x1e, 0x0f, 0x0f, 0x0c, 0x02, 0x01, 0x02, 0x02, 0x0a, 0x14, 0x14, 0x12, 0x14, 0x14, 0x14, 0x14, 0x17, 0x17, 0x1f, 0x25, 0x2d, 0x2c, 0x2c, 0x2c, 0x2c, 0x2c, 0x2d, 0x2c, 0x2c, 0x2c, 0x2c, 0x2c, 0x2d, 0x2d, 0x2d, 0x2c, 0x2c, 0x2c, 0x2c, 0x2d, 0x26, 0x21, 0x17, 0x17, 0x14, 0x14, 0x14, 0x14, 0x14, 0x17, 0x14, 0x0a, 0x02, 0x02, 0x01, 0x02, 0x0b, 0x10, 0x0e, 0x1e, 0x18, 0x05, 0x12, 0x28, 0x2c, 0x2d, 0x23, 0x02, 0x10, 0x03, 0x03, 0x02, 0x10, 0x14, 0x15, 0x18, 0x15, 0x23, 0x2a, 0x2c, 0x2a, 0x00, 0x00, 0x00, 0x00, 0x00, 0x00,
  0x00, 0x00, 0x00, 0x00, 0x00, 0x28, 0x2c, 0x2d, 0x23, 0x15, 0x19, 0x0e, 0x08, 0x07, 0x09, 0x0c, 0x08, 0x05, 0x0f, 0x02, 0x23, 0x2d, 0x2b, 0x27, 0x12, 0x10, 0x11, 0x10, 0x10, 0x10, 0x11, 0x0c, 0x0a, 0x02, 0x01, 0x12, 0x28, 0x2a, 0x2a, 0x2a, 0x2a, 0x2a, 0x2a, 0x2c, 0x2c, 0x2a, 0x2c, 0x2c, 0x2a, 0x28, 0x28, 0x28, 0x28, 0x28, 0x28, 0x28, 0x28, 0x28, 0x28, 0x28, 0x28, 0x28, 0x28, 0x28, 0x28, 0x2c, 0x2c, 0x2c, 0x2c, 0x2c, 0x2c, 0x2a, 0x2a, 0x2a, 0x2c, 0x2c, 0x2c, 0x28, 0x12, 0x02, 0x0a, 0x0a, 0x0c, 0x10, 0x10, 0x0e, 0x0e, 0x10, 0x10, 0x12, 0x28, 0x2c, 0x2d, 0x23, 0x02, 0x10, 0x03, 0x02, 0x02, 0x02, 0x0f, 0x17, 0x18, 0x19, 0x15, 0x23, 0x2d, 0x2c, 0x28, 0x00, 0x00, 0x00, 0x00, 0x00,
  0x00, 0x00, 0x00, 0x00, 0x00, 0x2a, 0x2c, 0x2d, 0x23, 0x18, 0x19, 0x0f, 0x0e, 0x05, 0x0b, 0x0b, 0x07, 0x06, 0x0f, 0x02, 0x25, 0x2d, 0x2b, 0x27, 0x1e, 0x0e, 0x02, 0x02, 0x02, 0x02, 0x0e, 0x26, 0x27, 0x26, 0x26, 0x26, 0x29, 0x29, 0x2a, 0x2a, 0x2a, 0x2c, 0x2c, 0x2d, 0x2d, 0x2d, 0x2d, 0x2c, 0x22, 0x22, 0x1d, 0x1d, 0x22, 0x22, 0x22, 0x22, 0x22, 0x22, 0x22, 0x22, 0x1d, 0x1d, 0x1d, 0x1d, 0x22, 0x22, 0x2c, 0x2d, 0x2d, 0x2d, 0x2d, 0x2c, 0x2c, 0x2c, 0x2a, 0x2a, 0x29, 0x29, 0x26, 0x26, 0x26, 0x27, 0x25, 0x02, 0x02, 0x02, 0x01, 0x01, 0x11, 0x21, 0x29, 0x2a, 0x2d, 0x23, 0x02, 0x10, 0x07, 0x04, 0x04, 0x02, 0x10, 0x18, 0x19, 0x19, 0x15, 0x23, 0x2d, 0x2a, 0x28, 0x00, 0x00, 0x00, 0x00, 0x00,
  0x00, 0x00, 0x00, 0x00, 0x00, 0x28, 0x2c, 0x2d, 0x23, 0x18, 0x19, 0x0f, 0x0e, 0x09, 0x09, 0x07, 0x07, 0x03, 0x0b, 0x10, 0x1e, 0x25, 0x2c, 0x29, 0x26, 0x26, 0x25, 0x25, 0x25, 0x25, 0x26, 0x2c, 0x2c, 0x2c, 0x2d, 0x2c, 0x2b, 0x2b, 0x2c, 0x2c, 0x2d, 0x27, 0x22, 0x22, 0x22, 0x22, 0x22, 0x22, 0x1d, 0x1d, 0x1d, 0x1d, 0x1d, 0x1d, 0x1d, 0x1d, 0x1d, 0x1d, 0x1d, 0x1d, 0x1d, 0x1d, 0x1d, 0x1d, 0x1d, 0x1d, 0x22, 0x22, 0x22, 0x22, 0x22, 0x22, 0x22, 0x2c, 0x2d, 0x2c, 0x2c, 0x2c, 0x2c, 0x2d, 0x2c, 0x2c, 0x2a, 0x25, 0x25, 0x25, 0x25, 0x25, 0x26, 0x27, 0x2a, 0x2c, 0x23, 0x14, 0x10, 0x0e, 0x05, 0x03, 0x04, 0x03, 0x11, 0x1e, 0x19, 0x19, 0x15, 0x23, 0x2d, 0x2a, 0x28, 0x00, 0x00, 0x00, 0x00, 0x00,
  0x00, 0x00, 0x00, 0x00, 0x00, 0x28, 0x2c, 0x2d, 0x23, 0x19, 0x1e, 0x0f, 0x0c, 0x0b, 0x0b, 0x04, 0x09, 0x04, 0x0b, 0x03, 0x01, 0x1f, 0x2d, 0x29, 0x2c, 0x2d, 0x2d, 0x2d, 0x2d, 0x2d, 0x2d, 0x2c, 0x2d, 0x27, 0x24, 0x24, 0x24, 0x24, 0x24, 0x24, 0x24, 0x24, 0x1a, 0x1c, 0x1c, 0x1c, 0x1c, 0x1c, 0x1d, 0x1d, 0x1d, 0x1c, 0x1c, 0x1c, 0x1c, 0x1c, 0x1c, 0x1c, 0x1c, 0x1c, 0x1c, 0x1c, 0x1c, 0x1c, 0x1d, 0x1d, 0x1c, 0x1c, 0x1a, 0x1c, 0x1c, 0x1c, 0x1d, 0x24, 0x24, 0x24, 0x24, 0x24, 0x24, 0x24, 0x26, 0x2d, 0x2c, 0x2d, 0x2d, 0x2d, 0x2d, 0x2d, 0x2c, 0x2c, 0x2a, 0x2d, 0x1f, 0x01, 0x03, 0x0f, 0x05, 0x03, 0x02, 0x07, 0x11, 0x13, 0x18, 0x19, 0x15, 0x23, 0x2d, 0x2a, 0x27, 0x00, 0x00, 0x00, 0x00, 0x00,
  0x00, 0x00, 0x00, 0x00, 0x00, 0x28, 0x2c, 0x2d, 0x23, 0x13, 0x13, 0x0e, 0x0b, 0x09, 0x05, 0x04, 0x0b, 0x07, 0x02, 0x1f, 0x1f, 0x23, 0x2b, 0x29, 0x2a, 0x2a, 0x2c, 0x28, 0x26, 0x26, 0x26, 0x27, 0x28, 0x24, 0x1d, 0x1d, 0x1a, 0x1b, 0x1b, 0x1b, 0x1b, 0x1d, 0x1c, 0x1c, 0x1c, 0x1a, 0x1c, 0x1c, 0x1c, 0x1c, 0x1a, 0x1a, 0x1a, 0x1a, 0x1a, 0x1a, 0x1a, 0x1a, 0x1a, 0x1a, 0x1a, 0x1a, 0x1a, 0x1a, 0x1c, 0x1c, 0x1c, 0x1c, 0x1a, 0x1c, 0x1c, 0x1c, 0x1d, 0x1c, 0x1b, 0x1b, 0x1b, 0x1b, 0x1d, 0x1d, 0x22, 0x28, 0x27, 0x26, 0x26, 0x25, 0x28, 0x2b, 0x2a, 0x2a, 0x2a, 0x2c, 0x23, 0x1f, 0x1f, 0x02, 0x02, 0x02, 0x03, 0x09, 0x0e, 0x0f, 0x18, 0x19, 0x15, 0x21, 0x27, 0x2a, 0x29, 0x23, 0x00, 0x00, 0x00, 0x00,
  0x00, 0x00, 0x00, 0x00, 0x23, 0x28, 0x2c, 0x28, 0x23, 0x13, 0x05, 0x0b, 0x0c, 0x0e, 0x08, 0x07, 0x04, 0x0a, 0x14, 0x27, 0x2d, 0x2b, 0x2a, 0x2a, 0x2a, 0x2c, 0x2c, 0x24, 0x1d, 0x1d, 0x1b, 0x1d, 0x1d, 0x1d, 0x1d, 0x1d, 0x1c, 0x1a, 0x1b, 0x1b, 0x1a, 0x1c, 0x1c, 0x1c, 0x1c, 0x1b, 0x1b, 0x1a, 0x1c, 0x1c, 0x1c, 0x1a, 0x1a, 0x1a, 0x1a, 0x1a, 0x1a, 0x1a, 0x1a, 0x1a, 0x1a, 0x1a, 0x1c, 0x1c, 0x1c, 0x1c, 0x1b, 0x1b, 0x1b, 0x1c, 0x1c, 0x1c, 0x1a, 0x1c, 0x1a, 0x1a, 0x1b, 0x1a, 0x1d, 0x1d, 0x1d, 0x1d, 0x1d, 0x1b, 0x1d, 0x1d, 0x25, 0x28, 0x2a, 0x2a, 0x2a, 0x2a, 0x2c, 0x2d, 0x28, 0x14, 0x0a, 0x02, 0x02, 0x03, 0x0f, 0x11, 0x19, 0x19, 0x19, 0x15, 0x21, 0x2a, 0x29, 0x28, 0x25, 0x00, 0x00, 0x00,
  0x00, 0x00, 0x00, 0x25, 0x27, 0x2a, 0x2c, 0x21, 0x18, 0x14, 0x05, 0x0b, 0x0c, 0x0c, 0x0c, 0x0c, 0x02, 0x12, 0x28, 0x2a, 0x29, 0x2a, 0x2a, 0x2a, 0x2a, 0x2c, 0x24, 0x1d, 0x1d, 0x1d, 0x1a, 0x1b, 0x1a, 0x1c, 0x1c, 0x1c, 0x1c, 0x1a, 0x1b, 0x1b, 0x1b, 0x1c, 0x1c, 0x1c, 0x1a, 0x1a, 0x1b, 0x1a, 0x1c, 0x1c, 0x1c, 0x1a, 0x1a, 0x1a, 0x1a, 0x1a, 0x1a, 0x1a, 0x1a, 0x1a, 0x1a, 0x1a, 0x1c, 0x1c, 0x1c, 0x1a, 0x1b, 0x1a, 0x1a, 0x1c, 0x1c, 0x1c, 0x1c, 0x1a, 0x1a, 0x1b, 0x1b, 0x1c, 0x1c, 0x1c, 0x1c, 0x1a, 0x1b, 0x1b, 0x1c, 0x1d, 0x1d, 0x24, 0x2d, 0x2a, 0x2a, 0x2c, 0x2a, 0x2a, 0x2c, 0x2a, 0x12, 0x02, 0x04, 0x06, 0x0e, 0x11, 0x19, 0x19, 0x19, 0x15, 0x21, 0x2a, 0x29, 0x28, 0x00, 0x00, 0x00, 0x00,
  0x00, 0x00, 0x00, 0x00, 0x29, 0x2a, 0x2b, 0x21, 0x16, 0x13, 0x03, 0x0c, 0x0e, 0x0c, 0x10, 0x01, 0x14, 0x27, 0x29, 0x2a, 0x2d, 0x25, 0x22, 0x2c, 0x29, 0x2c, 0x22, 0x1a, 0x1c, 0x1a, 0x1b, 0x1b, 0x1a, 0x1a, 0x1c, 0x1c, 0x1c, 0x1a, 0x1a, 0x1b, 0x1b, 0x1a, 0x1c, 0x1c, 0x1a, 0x1a, 0x1a, 0x1a, 0x1b, 0x1c, 0x1c, 0x1a, 0x1a, 0x1a, 0x1a, 0x1a, 0x1a, 0x1a, 0x1a, 0x1a, 0x1a, 0x1a, 0x1c, 0x1a, 0x1a, 0x1b, 0x1b, 0x1b, 0x1a, 0x1c, 0x1c, 0x1c, 0x1c, 0x1a, 0x1b, 0x1b, 0x1b, 0x1c, 0x1c, 0x1c, 0x1a, 0x1a, 0x1a, 0x1b, 0x1a, 0x1d, 0x1a, 0x22, 0x2d, 0x2a, 0x2c, 0x22, 0x25, 0x2d, 0x2a, 0x2a, 0x26, 0x10, 0x01, 0x0c, 0x0e, 0x11, 0x19, 0x19, 0x19, 0x15, 0x1f, 0x2a, 0x29, 0x28, 0x25, 0x00, 0x00, 0x00,
  0x00, 0x00, 0x00, 0x25, 0x29, 0x2a, 0x2a, 0x1f, 0x15, 0x13, 0x03, 0x0f, 0x0e, 0x0c, 0x02, 0x1e, 0x26, 0x2b, 0x29, 0x2d, 0x25, 0x1d, 0x22, 0x2c, 0x29, 0x2c, 0x22, 0x1a, 0x1c, 0x1c, 0x1a, 0x1b, 0x1a, 0x1a, 0x1a, 0x1c, 0x1c, 0x1a, 0x1c, 0x1b, 0x1b, 0x1b, 0x1c, 0x1c, 0x1a, 0x1a, 0x1a, 0x1a, 0x1a, 0x1a, 0x1a, 0x1c, 0x1a, 0x1a, 0x1a, 0x1a, 0x1a, 0x1a, 0x1a, 0x1a, 0x1a, 0x1a, 0x1c, 0x1a, 0x1a, 0x1a, 0x1c, 0x1c, 0x1c, 0x1c, 0x1c, 0x1c, 0x1a, 0x1a, 0x1b, 0x1b, 0x1c, 0x1c, 0x1c, 0x1c, 0x1b, 0x1a, 0x1a, 0x1a, 0x1c, 0x1c, 0x1a, 0x22, 0x2d, 0x2a, 0x2c, 0x22, 0x1d, 0x26, 0x2d, 0x2a, 0x2a, 0x25, 0x17, 0x02, 0x10, 0x11, 0x19, 0x19, 0x18, 0x13, 0x1f, 0x29, 0x29, 0x28, 0x25, 0x00, 0x00, 0x00,
  0x00, 0x00, 0x00, 0x25, 0x29, 0x2a, 0x2a, 0x1f, 0x15, 0x13, 0x05, 0x0f, 0x0c, 0x0c, 0x01, 0x23, 0x2d, 0x29, 0x2a, 0x24, 0x1d, 0x1c, 0x22, 0x2c, 0x29, 0x2c, 0x22, 0x1a, 0x1c, 0x1c, 0x1a, 0x1a, 0x1a, 0x1b, 0x1a, 0x1a, 0x1a, 0x1a, 0x1a, 0x1a, 0x1c, 0x1a, 0x1b, 0x1a, 0x1b, 0x1a, 0x1a, 0x1a, 0x1b, 0x1a, 0x1a, 0x1c, 0x1c, 0x1a, 0x1a, 0x1a, 0x1a, 0x1a, 0x1c, 0x1a, 0x1a, 0x1c, 0x1a, 0x1a, 0x1a, 0x1a, 0x1a, 0x1a, 0x1a, 0x1c, 0x1a, 0x1a, 0x1a, 0x1c, 0x1a, 0x1a, 0x1a, 0x1c, 0x1a, 0x1a, 0x1a, 0x1a, 0x1a, 0x1c, 0x1c, 0x1c, 0x1a, 0x22, 0x2c, 0x29, 0x2c, 0x22, 0x1a, 0x22, 0x25, 0x2a, 0x29, 0x2d, 0x1f, 0x02, 0x10, 0x10, 0x12, 0x15, 0x18, 0x13, 0x1f, 0x2b, 0x29, 0x28, 0x00, 0x00, 0x00, 0x00,
  0x00, 0x00, 0x00, 0x00, 0x29, 0x29, 0x2b, 0x1f, 0x13, 0x13, 0x05, 0x0c, 0x06, 0x10, 0x02, 0x1f, 0x2c, 0x2a, 0x2c, 0x1b, 0x1a, 0x1d, 0x22, 0x2c, 0x29, 0x2c, 0x22, 0x1b, 0x1c, 0x1c, 0x1c, 0x1a, 0x1a, 0x1b, 0x1b, 0x1a, 0x1b, 0x22, 0x22, 0x1d, 0x1a, 0x1a, 0x1b, 0x1b, 0x1b, 0x1d, 0x22, 0x22, 0x1b, 0x1b, 0x1a, 0x1a, 0x1a, 0x1a, 0x1c, 0x1c, 0x1c, 0x1c, 0x1c, 0x1a, 0x1a, 0x1c, 0x1a, 0x1a, 0x1a, 0x1b, 0x22, 0x22, 0x1d, 0x1a, 0x1b, 0x1a, 0x1c, 0x1a, 0x1d, 0x22, 0x22, 0x1b, 0x1a, 0x1a, 0x1a, 0x1a, 0x1c, 0x1c, 0x1c, 0x1c, 0x1b, 0x22, 0x2c, 0x2a, 0x2c, 0x22, 0x1d, 0x1a, 0x1d, 0x2c, 0x29, 0x2c, 0x1f, 0x02, 0x10, 0x0f, 0x05, 0x14, 0x16, 0x13, 0x1e, 0x25, 0x29, 0x29, 0x25, 0x00, 0x00, 0x00,
  0x00, 0x00, 0x00, 0x25, 0x29, 0x29, 0x29, 0x1f, 0x13, 0x12, 0x03, 0x0b, 0x07, 0x0f, 0x01, 0x1f, 0x2d, 0x2a, 0x2c, 0x1d, 0x1a, 0x1d, 0x24, 0x2c, 0x29, 0x2c, 0x22, 0x1b, 0x1c, 0x1c, 0x1c, 0x1c, 0x1c, 0x1b, 0x1b, 0x1a, 0x1b, 0x28, 0x2f, 0x24, 0x1b, 0x1b, 0x1b, 0x1b, 0x1b, 0x24, 0x2d, 0x2c, 0x1d, 0x1a, 0x1a, 0x1a, 0x1a, 0x1a, 0x1a, 0x1c, 0x1c, 0x1c, 0x1c, 0x1a, 0x1c, 0x1a, 0x1a, 0x1a, 0x1a, 0x1d, 0x2c, 0x2d, 0x24, 0x1b, 0x1b, 0x1b, 0x1c, 0x1b, 0x24, 0x2f, 0x27, 0x1b, 0x1a, 0x1a, 0x1a, 0x1a, 0x1a, 0x1c, 0x1c, 0x1c, 0x1b, 0x22, 0x2c, 0x2a, 0x2c, 0x22, 0x1d, 0x1a, 0x22, 0x2c, 0x2a, 0x2d, 0x1f, 0x02, 0x10, 0x0c, 0x04, 0x13, 0x14, 0x15, 0x13, 0x14, 0x27, 0x29, 0x2a, 0x25, 0x00, 0x00,
  0x00, 0x00, 0x27, 0x27, 0x2a, 0x29, 0x1e, 0x14, 0x10, 0x02, 0x04, 0x06, 0x0c, 0x10, 0x02, 0x1f, 0x2d, 0x2a, 0x2c, 0x1d, 0x1a, 0x1c, 0x22, 0x2c, 0x29, 0x2c, 0x22, 0x1b, 0x1b, 0x1a, 0x1c, 0x1c, 0x1c, 0x1a, 0x1a, 0x1c, 0x1b, 0x27, 0x2c, 0x2c, 0x25, 0x0d, 0x1b, 0x0d, 0x24, 0x2c, 0x2a, 0x28, 0x1d, 0x1a, 0x1a, 0x1a, 0x1a, 0x1a, 0x1c, 0x1c, 0x1c, 0x1c, 0x1c, 0x1c, 0x1c, 0x1a, 0x1a, 0x1a, 0x1a, 0x1d, 0x28, 0x2a, 0x2c, 0x24, 0x0d, 0x1b, 0x0d, 0x25, 0x2c, 0x2c, 0x26, 0x1b, 0x1c, 0x1b, 0x1b, 0x1c, 0x1c, 0x1c, 0x1c, 0x1a, 0x1b, 0x22, 0x2d, 0x2a, 0x2c, 0x22, 0x1c, 0x1a, 0x22, 0x2c, 0x2a, 0x2d, 0x1f, 0x02, 0x10, 0x07, 0x03, 0x02, 0x12, 0x17, 0x14, 0x1e, 0x27, 0x29, 0x2b, 0x23, 0x00, 0x00,
  0x00, 0x00, 0x28, 0x29, 0x2a, 0x29, 0x17, 0x13, 0x10, 0x02, 0x04, 0x07, 0x07, 0x0c, 0x02, 0x23, 0x2d, 0x2a, 0x2c, 0x1d, 0x1b, 0x1a, 0x22, 0x2c, 0x2a, 0x2c, 0x22, 0x1b, 0x1a, 0x1a, 0x1c, 0x1c, 0x1c, 0x1a, 0x1c, 0x1c, 0x1b, 0x27, 0x2d, 0x2a, 0x28, 0x27, 0x27, 0x27, 0x27, 0x29, 0x2a, 0x2c, 0x1d, 0x1a, 0x1a, 0x1a, 0x1a, 0x1c, 0x1c, 0x1c, 0x1c, 0x1c, 0x1c, 0x1c, 0x1a, 0x1a, 0x1a, 0x1b, 0x1a, 0x1d, 0x2c, 0x2a, 0x2a, 0x28, 0x27, 0x27, 0x27, 0x28, 0x2a, 0x2d, 0x27, 0x1b, 0x1c, 0x1c, 0x1c, 0x1c, 0x1c, 0x1c, 0x1a, 0x1b, 0x1b, 0x22, 0x2d, 0x2a, 0x2c, 0x22, 0x1c, 0x1b, 0x1f, 0x2c, 0x2a, 0x2d, 0x1f, 0x02, 0x10, 0x04, 0x04, 0x02, 0x12, 0x16, 0x14, 0x18, 0x27, 0x2a, 0x2c, 0x25, 0x00, 0x00,
  0x00, 0x00, 0x28, 0x2a, 0x2b, 0x29, 0x1e, 0x14, 0x11, 0x03, 0x07, 0x06, 0x04, 0x0a, 0x05, 0x14, 0x23, 0x2c, 0x2a, 0x27, 0x1d, 0x0d, 0x22, 0x2c, 0x29, 0x2c, 0x22, 0x1b, 0x1b, 0x1a, 0x1a, 0x1c, 0x1c, 0x1c, 0x1c, 0x1c, 0x1c, 0x1d, 0x26, 0x2d, 0x2c, 0x2a, 0x2a, 0x2a, 0x29, 0x2b, 0x28, 0x22, 0x1b, 0x1a, 0x1a, 0x1a, 0x1a, 0x1c, 0x1c, 0x1c, 0x1c, 0x1c, 0x1c, 0x1c, 0x1a, 0x1a, 0x1a, 0x1b, 0x1a, 0x1b, 0x22, 0x28, 0x2c, 0x2a, 0x2a, 0x2a, 0x2a, 0x2a, 0x2d, 0x27, 0x22, 0x1c, 0x1c, 0x1c, 0x1c, 0x1c, 0x1a, 0x1a, 0x1a, 0x1b, 0x1b, 0x22, 0x2d, 0x2a, 0x2c, 0x22, 0x0d, 0x22, 0x27, 0x2a, 0x2c, 0x23, 0x14, 0x0e, 0x0f, 0x04, 0x0a, 0x02, 0x12, 0x17, 0x15, 0x1e, 0x29, 0x2a, 0x2c, 0x25, 0x00, 0x00,
  0x00, 0x00, 0x28, 0x2a, 0x2a, 0x29, 0x1e, 0x14, 0x11, 0x03, 0x07, 0x04, 0x04, 0x0a, 0x10, 0x02, 0x1e, 0x2d, 0x2c, 0x2c, 0x25, 0x22, 0x25, 0x2c, 0x29, 0x2c, 0x22, 0x0d, 0x1b, 0x1a, 0x1a, 0x1a, 0x1c, 0x1c, 0x1c, 0x1c, 0x1c, 0x1a, 0x22, 0x24, 0x25, 0x2d, 0x2c, 0x2c, 0x2c, 0x26, 0x22, 0x1b, 0x1b, 0x1a, 0x1a, 0x1c, 0x1c, 0x1c, 0x1a, 0x1a, 0x1c, 0x1c, 0x1a, 0x1a, 0x1a, 0x1a, 0x1a, 0x1b, 0x1b, 0x1b, 0x0d, 0x22, 0x26, 0x2d, 0x2c, 0x2c, 0x2c, 0x25, 0x24, 0x22, 0x1a, 0x1c, 0x1c, 0x1c, 0x1c, 0x1c, 0x1a, 0x1a, 0x1b, 0x1b, 0x0d, 0x22, 0x2d, 0x2a, 0x2c, 0x24, 0x22, 0x25, 0x2c, 0x2b, 0x2d, 0x14, 0x03, 0x10, 0x0c, 0x0b, 0x0a, 0x02, 0x12, 0x16, 0x15, 0x1e, 0x28, 0x2c, 0x2c, 0x25, 0x00, 0x00,
  0x00, 0x00, 0x28, 0x2a, 0x2b, 0x29, 0x1e, 0x14, 0x12, 0x03, 0x04, 0x02, 0x04, 0x0b, 0x10, 0x0e, 0x14, 0x23, 0x25, 0x2c, 0x2c, 0x2c, 0x2a, 0x29, 0x29, 0x2c, 0x23, 0x1d, 0x1b, 0x1b, 0x1a, 0x1a, 0x1c, 0x1c, 0x1c, 0x1c, 0x1c, 0x1c, 0x1a, 0x0d, 0x1d, 0x27, 0x26, 0x26, 0x26, 0x22, 0x0d, 0x1b, 0x1b, 0x1a, 0x1a, 0x1c, 0x1c, 0x1d, 0x22, 0x1d, 0x1a, 0x1a, 0x1d, 0x22, 0x1b, 0x1a, 0x1a, 0x1b, 0x1b, 0x1a, 0x1b, 0x0d, 0x22, 0x27, 0x26, 0x26, 0x27, 0x1d, 0x0d, 0x1b, 0x1c, 0x1c, 0x1c, 0x1c, 0x1c, 0x1c, 0x1a, 0x1b, 0x1b, 0x1b, 0x1d, 0x24, 0x2c, 0x2a, 0x2a, 0x2c, 0x2c, 0x2b, 0x2a, 0x25, 0x23, 0x14, 0x0e, 0x10, 0x0f, 0x0b, 0x04, 0x02, 0x12, 0x16, 0x16, 0x1e, 0x23, 0x29, 0x2d, 0x26, 0x00, 0x00,
  0x00, 0x00, 0x2c, 0x2a, 0x2c, 0x2a, 0x1e, 0x14, 0x11, 0x02, 0x03, 0x02, 0x04, 0x0c, 0x0c, 0x10, 0x0f, 0x01, 0x17, 0x27, 0x27, 0x29, 0x29, 0x29, 0x29, 0x29, 0x2d, 0x24, 0x0d, 0x1b, 0x1a, 0x1c, 0x1c, 0x1c, 0x1c, 0x1c, 0x1a, 0x1a, 0x1b, 0x1b, 0x1c, 0x1b, 0x1b, 0x1b, 0x1b, 0x1b, 0x1b, 0x1b, 0x1b, 0x1b, 0x1c, 0x1c, 0x1a, 0x1d, 0x2e, 0x22, 0x1b, 0x1b, 0x22, 0x2c, 0x1d, 0x1a, 0x1c, 0x1a, 0x1b, 0x1a, 0x1a, 0x1b, 0x1b, 0x1b, 0x1b, 0x1b, 0x1b, 0x1b, 0x1b, 0x1b, 0x1a, 0x1a, 0x1c, 0x1c, 0x1c, 0x1c, 0x1c, 0x1a, 0x1c, 0x0d, 0x24, 0x2d, 0x29, 0x2a, 0x2a, 0x2a, 0x2a, 0x29, 0x25, 0x02, 0x01, 0x03, 0x0c, 0x0c, 0x0c, 0x0c, 0x04, 0x02, 0x12, 0x17, 0x18, 0x1e, 0x19, 0x26, 0x2c, 0x2c, 0x27, 0x00,
  0x00, 0x00, 0x26, 0x2c, 0x2c, 0x2a, 0x1e, 0x17, 0x12, 0x02, 0x03, 0x02, 0x04, 0x0b, 0x0c, 0x0e, 0x0f, 0x10, 0x10, 0x01, 0x23, 0x2c, 0x29, 0x29, 0x29, 0x29, 0x2c, 0x24, 0x1b, 0x1c, 0x1c, 0x1c, 0x1c, 0x1c, 0x1a, 0x1a, 0x1a, 0x1a, 0x1a, 0x1a, 0x1c, 0x1c, 0x1c, 0x1c, 0x1a, 0x1b, 0x1b, 0x1a, 0x1a, 0x1a, 0x1c, 0x1c, 0x1a, 0x1d, 0x28, 0x28, 0x28, 0x27, 0x28, 0x28, 0x1d, 0x1a, 0x1c, 0x1c, 0x1a, 0x1b, 0x1b, 0x1a, 0x1b, 0x1c, 0x1c, 0x1c, 0x1c, 0x1c, 0x1a, 0x1a, 0x1a, 0x1a, 0x1a, 0x1c, 0x1c, 0x1c, 0x1c, 0x1c, 0x1c, 0x1b, 0x24, 0x2c, 0x29, 0x29, 0x2a, 0x2a, 0x2c, 0x25, 0x01, 0x0a, 0x0a, 0x02, 0x05, 0x0b, 0x0c, 0x08, 0x04, 0x02, 0x13, 0x18, 0x18, 0x19, 0x18, 0x26, 0x2c, 0x2c, 0x27, 0x00,
  0x00, 0x25, 0x28, 0x2d, 0x27, 0x1e, 0x1e, 0x12, 0x0b, 0x07, 0x07, 0x04, 0x04, 0x0a, 0x0c, 0x0e, 0x0f, 0x0e, 0x0f, 0x05, 0x17, 0x1f, 0x1e, 0x1f, 0x2a, 0x2a, 0x2c, 0x24, 0x0d, 0x1c, 0x1c, 0x1c, 0x1c, 0x1c, 0x1a, 0x1a, 0x1d, 0x1d, 0x1d, 0x1d, 0x1d, 0x1d, 0x1c, 0x1a, 0x1a, 0x1a, 0x1a, 0x1a, 0x1a, 0x1c, 0x1c, 0x1c, 0x1c, 0x1c, 0x1d, 0x28, 0x2c, 0x2c, 0x27, 0x1d, 0x1c, 0x1c, 0x1c, 0x1c, 0x1a, 0x1a, 0x1a, 0x1a, 0x1a, 0x1c, 0x1c, 0x1c, 0x1d, 0x1d, 0x1d, 0x1d, 0x1d, 0x1d, 0x1a, 0x1a, 0x1c, 0x1c, 0x1c, 0x1c, 0x1d, 0x0d, 0x24, 0x2c, 0x2a, 0x2c, 0x17, 0x12, 0x14, 0x12, 0x03, 0x02, 0x02, 0x04, 0x07, 0x08, 0x0c, 0x0b, 0x0a, 0x02, 0x14, 0x19, 0x18, 0x19, 0x18, 0x26, 0x2c, 0x2c, 0x27, 0x00,
  0x00, 0x27, 0x2d, 0x2c, 0x26, 0x15, 0x1e, 0x11, 0x03, 0x08, 0x03, 0x06, 0x0c, 0x07, 0x0a, 0x0a, 0x0c, 0x0c, 0x0e, 0x10, 0x0f, 0x12, 0x14, 0x14, 0x23, 0x27, 0x2c, 0x27, 0x24, 0x1c, 0x1c, 0x1c, 0x1c, 0x1a, 0x1a, 0x1d, 0x1d, 0x1d, 0x1d, 0x1d, 0x1d, 0x1d, 0x1d, 0x1c, 0x1a, 0x1a, 0x1a, 0x1a, 0x1a, 0x1c, 0x1c, 0x1c, 0x1c, 0x1c, 0x1b, 0x22, 0x22, 0x22, 0x1d, 0x1b, 0x1c, 0x1c, 0x1c, 0x1c, 0x1c, 0x1a, 0x1c, 0x1a, 0x1c, 0x1a, 0x1c, 0x1d, 0x1d, 0x1d, 0x1d, 0x1d, 0x1d, 0x1d, 0x1d, 0x1a, 0x1a, 0x1c, 0x1c, 0x1c, 0x1c, 0x22, 0x27, 0x2c, 0x27, 0x1f, 0x0b, 0x03, 0x05, 0x06, 0x0c, 0x05, 0x0a, 0x04, 0x07, 0x0b, 0x0b, 0x0a, 0x0a, 0x07, 0x10, 0x13, 0x19, 0x19, 0x18, 0x27, 0x2c, 0x2c, 0x27, 0x00,
  0x00, 0x26, 0x2c, 0x2c, 0x26, 0x18, 0x1e, 0x11, 0x05, 0x04, 0x06, 0x0c, 0x08, 0x04, 0x04, 0x03, 0x0b, 0x0c, 0x0e, 0x0e, 0x05, 0x12, 0x17, 0x14, 0x13, 0x28, 0x2c, 0x2d, 0x26, 0x1b, 0x1c, 0x1c, 0x1a, 0x1a, 0x1a, 0x1d, 0x1d, 0x1d, 0x1d, 0x1d, 0x1d, 0x1d, 0x1d, 0x1a, 0x1a, 0x1c, 0x1c, 0x1a, 0x1c, 0x1c, 0x1c, 0x1c, 0x1c, 0x1c, 0x1a, 0x1b, 0x1b, 0x1b, 0x1b, 0x1b, 0x1c, 0x1c, 0x1c, 0x1c, 0x1c, 0x1c, 0x1c, 0x1c, 0x1c, 0x1a, 0x1c, 0x1d, 0x1d, 0x1d, 0x1d, 0x1d, 0x1d, 0x1d, 0x1d, 0x1a, 0x1b, 0x1a, 0x1c, 0x1c, 0x1b, 0x27, 0x2d, 0x2d, 0x26, 0x01, 0x04, 0x0f, 0x0f, 0x0f, 0x08, 0x09, 0x07, 0x04, 0x0a, 0x0b, 0x03, 0x0a, 0x0a, 0x0a, 0x03, 0x12, 0x19, 0x19, 0x18, 0x27, 0x2c, 0x2c, 0x27, 0x00,
  0x00, 0x26, 0x2c, 0x2c, 0x27, 0x15, 0x16, 0x11, 0x0e, 0x07, 0x07, 0x0c, 0x06, 0x04, 0x04, 0x02, 0x0a, 0x0c, 0x0e, 0x0f, 0x08, 0x10, 0x14, 0x14, 0x17, 0x25, 0x29, 0x2d, 0x26, 0x22, 0x1c, 0x1a, 0x1a, 0x1b, 0x1a, 0x1d, 0x1d, 0x1d, 0x1d, 0x1d, 0x1d, 0x1d, 0x1d, 0x1a, 0x1a, 0x1c, 0x1c, 0x1c, 0x1a, 0x1a, 0x1a, 0x1a, 0x1a, 0x1a, 0x1b, 0x1b, 0x1c, 0x1c, 0x1b, 0x1b, 0x1c, 0x1c, 0x1c, 0x1c, 0x1a, 0x1a, 0x1c, 0x1c, 0x1c, 0x1a, 0x1c, 0x1d, 0x1d, 0x1d, 0x1d, 0x1d, 0x1d, 0x1d, 0x1d, 0x1a, 0x1b, 0x1b, 0x1b, 0x1c, 0x22, 0x27, 0x2d, 0x28, 0x23, 0x02, 0x04, 0x04, 0x08, 0x0c, 0x0c, 0x05, 0x0b, 0x07, 0x06, 0x04, 0x03, 0x06, 0x07, 0x0b, 0x06, 0x12, 0x18, 0x18, 0x18, 0x27, 0x2c, 0x2c, 0x27, 0x00,
  0x00, 0x26, 0x2a, 0x2c, 0x27, 0x15, 0x11, 0x0f, 0x0f, 0x0b, 0x07, 0x07, 0x04, 0x03, 0x03, 0x02, 0x0a, 0x0b, 0x0c, 0x0e, 0x07, 0x02, 0x0b, 0x16, 0x18, 0x13, 0x25, 0x2d, 0x2c, 0x28, 0x1b, 0x1b, 0x1b, 0x1b, 0x1a, 0x1d, 0x1d, 0x1d, 0x1d, 0x1d, 0x1d, 0x1d, 0x1d, 0x1a, 0x1a, 0x1c, 0x1c, 0x1c, 0x1a, 0x1a, 0x1a, 0x1a, 0x1a, 0x1b, 0x1b, 0x1b, 0x1c, 0x1c, 0x1b, 0x1b, 0x1b, 0x1c, 0x1c, 0x1a, 0x1a, 0x1a, 0x1c, 0x1c, 0x1c, 0x1c, 0x1c, 0x1d, 0x1d, 0x1d, 0x1d, 0x1d, 0x1d, 0x1d, 0x1d, 0x1c, 0x1b, 0x1b, 0x1b, 0x1b, 0x2c, 0x2c, 0x2d, 0x23, 0x01, 0x10, 0x03, 0x07, 0x07, 0x0c, 0x0e, 0x05, 0x0b, 0x0a, 0x04, 0x08, 0x06, 0x09, 0x09, 0x0b, 0x03, 0x12, 0x19, 0x19, 0x18, 0x27, 0x2c, 0x2c, 0x27, 0x00,
  0x00, 0x26, 0x2a, 0x2c, 0x27, 0x15, 0x11, 0x0f, 0x0c, 0x0c, 0x0c, 0x06, 0x02, 0x02, 0x04, 0x03, 0x04, 0x0c, 0x0c, 0x05, 0x04, 0x02, 0x0c, 0x17, 0x19, 0x16, 0x25, 0x2d, 0x2c, 0x27, 0x0d, 0x1b, 0x1b, 0x1b, 0x1a, 0x1a, 0x1d, 0x1d, 0x1d, 0x1d, 0x1d, 0x1d, 0x1a, 0x1a, 0x1c, 0x1c, 0x1c, 0x1a, 0x1a, 0x1a, 0x1a, 0x1c, 0x1b, 0x1b, 0x1b, 0x1a, 0x1c, 0x1c, 0x1b, 0x1b, 0x1b, 0x1c, 0x1c, 0x1a, 0x1a, 0x1a, 0x1a, 0x1c, 0x1c, 0x1c, 0x1a, 0x1a, 0x1d, 0x1d, 0x1d, 0x1d, 0x1d, 0x1d, 0x1c, 0x1a, 0x1b, 0x1b, 0x1b, 0x0d, 0x28, 0x2a, 0x2d, 0x23, 0x03, 0x10, 0x05, 0x07, 0x0b, 0x07, 0x05, 0x05, 0x0b, 0x0b, 0x0b, 0x09, 0x07, 0x0a, 0x0a, 0x09, 0x03, 0x12, 0x19, 0x19, 0x19, 0x27, 0x2c, 0x2c, 0x27, 0x00,
  0x00, 0x26, 0x2a, 0x2b, 0x26, 0x15, 0x11, 0x0f, 0x0c, 0x0c, 0x11, 0x16, 0x08, 0x02, 0x06, 0x05, 0x03, 0x03, 0x03, 0x02, 0x03, 0x02, 0x10, 0x1e, 0x19, 0x1e, 0x19, 0x23, 0x2c, 0x28, 0x27, 0x1d, 0x1b, 0x1c, 0x1a, 0x1a, 0x1a, 0x1a, 0x1a, 0x1a, 0x1a, 0x1c, 0x1a, 0x1c, 0x1c, 0x1c, 0x1c, 0x1a, 0x1a, 0x1a, 0x1b, 0x1b, 0x0d, 0x1b, 0x1b, 0x1c, 0x1c, 0x1c, 0x1c, 0x1b, 0x0d, 0x0d, 0x1b, 0x1b, 0x1a, 0x1a, 0x1a, 0x1c, 0x1c, 0x1c, 0x1a, 0x1a, 0x1c, 0x1a, 0x1a, 0x1a, 0x1a, 0x1c, 0x1a, 0x1a, 0x1c, 0x1b, 0x1d, 0x28, 0x28, 0x2b, 0x23, 0x10, 0x10, 0x0c, 0x0b, 0x06, 0x07, 0x07, 0x0b, 0x07, 0x0b, 0x09, 0x07, 0x09, 0x08, 0x04, 0x0a, 0x0b, 0x03, 0x13, 0x1e, 0x19, 0x19, 0x27, 0x2c, 0x2c, 0x26, 0x00,
  0x00, 0x26, 0x2a, 0x2b, 0x26, 0x13, 0x0f, 0x0e, 0x10, 0x0e, 0x11, 0x17, 0x13, 0x11, 0x12, 0x12, 0x12, 0x11, 0x10, 0x02, 0x02, 0x03, 0x0f, 0x13, 0x19, 0x1e, 0x13, 0x23, 0x2d, 0x29, 0x2c, 0x1d, 0x1b, 0x1c, 0x1c, 0x1a, 0x1b, 0x1a, 0x1b, 0x1b, 0x1a, 0x1a, 0x1c, 0x1c, 0x1c, 0x1c, 0x1a, 0x1a, 0x1a, 0x1b, 0x22, 0x24, 0x24, 0x24, 0x0d, 0x1b, 0x1a, 0x1a, 0x1a, 0x1b, 0x24, 0x24, 0x24, 0x22, 0x1b, 0x1c, 0x1c, 0x1a, 0x1a, 0x1c, 0x1c, 0x1a, 0x1a, 0x1a, 0x1a, 0x1a, 0x1b, 0x1a, 0x1a, 0x1c, 0x1c, 0x1b, 0x1d, 0x2c, 0x29, 0x2d, 0x23, 0x01, 0x10, 0x0e, 0x0c, 0x07, 0x04, 0x0a, 0x04, 0x07, 0x07, 0x07, 0x09, 0x08, 0x08, 0x06, 0x07, 0x08, 0x05, 0x10, 0x13, 0x1e, 0x19, 0x26, 0x2c, 0x2a, 0x26, 0x00,
  0x00, 0x26, 0x2a, 0x2b, 0x26, 0x13, 0x10, 0x0f, 0x10, 0x12, 0x15, 0x18, 0x15, 0x17, 0x19, 0x19, 0x18, 0x17, 0x17, 0x10, 0x02, 0x03, 0x03, 0x0f, 0x19, 0x1e, 0x15, 0x21, 0x26, 0x2b, 0x2a, 0x24, 0x1d, 0x1a, 0x1c, 0x1b, 0x1b, 0x1b, 0x1a, 0x1a, 0x1c, 0x1c, 0x1c, 0x1c, 0x1c, 0x1a, 0x1a, 0x1a, 0x1c, 0x1b, 0x24, 0x2d, 0x2d, 0x28, 0x23, 0x22, 0x24, 0x24, 0x24, 0x24, 0x2c, 0x2c, 0x2d, 0x24, 0x1b, 0x1c, 0x1a, 0x1a, 0x1a, 0x1a, 0x1a, 0x1a, 0x1c, 0x1c, 0x1a, 0x1a, 0x1b, 0x1a, 0x1a, 0x1c, 0x1a, 0x1d, 0x24, 0x2a, 0x2b, 0x25, 0x17, 0x02, 0x0c, 0x0c, 0x0c, 0x07, 0x07, 0x07, 0x07, 0x0b, 0x07, 0x08, 0x08, 0x07, 0x07, 0x07, 0x07, 0x07, 0x09, 0x05, 0x11, 0x1e, 0x18, 0x27, 0x2c, 0x29, 0x26, 0x00,
  0x00, 0x26, 0x2a, 0x2b, 0x26, 0x13, 0x0e, 0x0c, 0x0e, 0x13, 0x1e, 0x18, 0x15, 0x16, 0x18, 0x18, 0x18, 0x15, 0x13, 0x0f, 0x03, 0x06, 0x07, 0x0f, 0x16, 0x18, 0x18, 0x13, 0x1f, 0x27, 0x29, 0x2d, 0x24, 0x1d, 0x1b, 0x1b, 0x1b, 0x1a, 0x1a, 0x1c, 0x1c, 0x1c, 0x1c, 0x1c, 0x1c, 0x1a, 0x1a, 0x1a, 0x1c, 0x1b, 0x22, 0x25, 0x25, 0x2a, 0x2c, 0x2c, 0x2c, 0x2d, 0x2d, 0x2d, 0x2c, 0x27, 0x25, 0x22, 0x1b, 0x1c, 0x1c, 0x1a, 0x1a, 0x1a, 0x1c, 0x1c, 0x1c, 0x1c, 0x1c, 0x1a, 0x1a, 0x1b, 0x1a, 0x1a, 0x1d, 0x25, 0x2d, 0x29, 0x27, 0x12, 0x01, 0x04, 0x06, 0x07, 0x05, 0x05, 0x05, 0x07, 0x06, 0x07, 0x07, 0x07, 0x08, 0x05, 0x05, 0x07, 0x07, 0x09, 0x09, 0x0e, 0x11, 0x15, 0x15, 0x23, 0x27, 0x2a, 0x26, 0x00,
  0x00, 0x25, 0x2a, 0x2b, 0x26, 0x12, 0x08, 0x0b, 0x0e, 0x13, 0x1e, 0x18, 0x17, 0x16, 0x16, 0x16, 0x16, 0x14, 0x03, 0x03, 0x07, 0x06, 0x04, 0x07, 0x0e, 0x15, 0x17, 0x17, 0x14, 0x1e, 0x2a, 0x2a, 0x2d, 0x24, 0x0d, 0x1b, 0x1b, 0x1b, 0x1c, 0x1c, 0x1c, 0x1c, 0x1c, 0x1a, 0x1a, 0x1a, 0x1a, 0x1a, 0x1a, 0x1b, 0x1b, 0x0d, 0x1d, 0x28, 0x28, 0x29, 0x29, 0x2a, 0x2a, 0x2a, 0x2c, 0x24, 0x0d, 0x1b, 0x1a, 0x1a, 0x1c, 0x1c, 0x1a, 0x1a, 0x1c, 0x1c, 0x1c, 0x1c, 0x1c, 0x1a, 0x1a, 0x1b, 0x1b, 0x1b, 0x25, 0x2d, 0x2a, 0x29, 0x10, 0x02, 0x0a, 0x03, 0x04, 0x07, 0x07, 0x08, 0x08, 0x0b, 0x04, 0x07, 0x04, 0x0a, 0x0b, 0x08, 0x08, 0x04, 0x04, 0x07, 0x05, 0x0f, 0x08, 0x0e, 0x17, 0x11, 0x25, 0x2c, 0x29, 0x27,
  0x00, 0x25, 0x2a, 0x2b, 0x26, 0x13, 0x03, 0x03, 0x05, 0x13, 0x1e, 0x18, 0x18, 0x16, 0x15, 0x15, 0x15, 0x14, 0x09, 0x03, 0x07, 0x07, 0x07, 0x07, 0x06, 0x14, 0x17, 0x18, 0x15, 0x1e, 0x2a, 0x2c, 0x2a, 0x2c, 0x24, 0x0d, 0x1b, 0x1c, 0x1c, 0x1c, 0x1c, 0x1c, 0x1c, 0x1a, 0x1b, 0x1a, 0x1c, 0x1c, 0x1a, 0x1a, 0x1b, 0x1b, 0x1b, 0x1b, 0x28, 0x2c, 0x2c, 0x2c, 0x2c, 0x2c, 0x1d, 0x1b, 0x1c, 0x1c, 0x1a, 0x1a, 0x1a, 0x1a, 0x1c, 0x1c, 0x1c, 0x1c, 0x1c, 0x1c, 0x1c, 0x1c, 0x1a, 0x1b, 0x0d, 0x25, 0x2c, 0x2a, 0x2c, 0x28, 0x12, 0x02, 0x07, 0x06, 0x07, 0x07, 0x07, 0x0b, 0x07, 0x07, 0x08, 0x04, 0x04, 0x0b, 0x0a, 0x0b, 0x0b, 0x07, 0x05, 0x09, 0x05, 0x0e, 0x05, 0x0f, 0x18, 0x15, 0x25, 0x2c, 0x29, 0x28,
  0x26, 0x28, 0x2b, 0x25, 0x1e, 0x14, 0x02, 0x02, 0x02, 0x12, 0x19, 0x19, 0x18, 0x15, 0x15, 0x15, 0x15, 0x14, 0x0b, 0x03, 0x07, 0x07, 0x07, 0x09, 0x08, 0x0f, 0x13, 0x18, 0x17, 0x18, 0x1e, 0x27, 0x2c, 0x29, 0x28, 0x25, 0x0d, 0x1c, 0x1c, 0x1c, 0x1c, 0x1c, 0x1a, 0x1a, 0x1a, 0x1c, 0x1c, 0x1a, 0x1a, 0x1b, 0x1b, 0x1b, 0x1b, 0x1b, 0x1d, 0x22, 0x22, 0x22, 0x22, 0x22, 0x1d, 0x1c, 0x1c, 0x1c, 0x1a, 0x1b, 0x1a, 0x1c, 0x1c, 0x1c, 0x1c, 0x1c, 0x1c, 0x1c, 0x1c, 0x1d, 0x1b, 0x0d, 0x26, 0x2a, 0x29, 0x2d, 0x27, 0x12, 0x10, 0x06, 0x07, 0x07, 0x07, 0x07, 0x07, 0x07, 0x0b, 0x07, 0x0b, 0x07, 0x02, 0x03, 0x03, 0x05, 0x09, 0x09, 0x08, 0x0e, 0x0e, 0x05, 0x03, 0x0f, 0x18, 0x15, 0x25, 0x2c, 0x29, 0x28,
  0x28, 0x2a, 0x2b, 0x23, 0x11, 0x14, 0x02, 0x02, 0x02, 0x11, 0x18, 0x18, 0x17, 0x16, 0x15, 0x15, 0x15, 0x14, 0x0f, 0x05, 0x07, 0x07, 0x09, 0x09, 0x0b, 0x02, 0x12, 0x17, 0x16, 0x18, 0x18, 0x1f, 0x26, 0x2b, 0x29, 0x2a, 0x24, 0x1d, 0x1a, 0x1d, 0x1c, 0x1a, 0x1b, 0x1b, 0x1b, 0x1a, 0x1a, 0x1a, 0x1b, 0x1b, 0x1b, 0x1b, 0x1a, 0x1b, 0x1a, 0x1a, 0x1a, 0x1a, 0x1a, 0x1a, 0x1c, 0x1c, 0x1c, 0x1c, 0x1a, 0x1a, 0x1a, 0x1c, 0x1c, 0x1c, 0x1a, 0x1a, 0x1c, 0x1c, 0x1d, 0x1a, 0x1d, 0x25, 0x2a, 0x2a, 0x2d, 0x26, 0x1e, 0x02, 0x05, 0x07, 0x07, 0x07, 0x07, 0x06, 0x07, 0x0b, 0x06, 0x03, 0x03, 0x05, 0x12, 0x12, 0x13, 0x12, 0x03, 0x0b, 0x0e, 0x0e, 0x05, 0x07, 0x03, 0x0f, 0x19, 0x15, 0x25, 0x2c, 0x29, 0x28,
  0x28, 0x29, 0x2b, 0x23, 0x13, 0x14, 0x02, 0x02, 0x02, 0x11, 0x18, 0x18, 0x16, 0x16, 0x15, 0x15, 0x16, 0x16, 0x0f, 0x06, 0x09, 0x0c, 0x08, 0x07, 0x04, 0x02, 0x10, 0x13, 0x16, 0x18, 0x1e, 0x13, 0x21, 0x26, 0x2b, 0x2a, 0x2d, 0x24, 0x22, 0x1a, 0x1a, 0x1a, 0x1a, 0x1a, 0x1a, 0x1a, 0x1b, 0x1b, 0x1b, 0x1b, 0x1b, 0x1b, 0x1a, 0x1c, 0x1c, 0x1c, 0x1c, 0x1c, 0x1c, 0x1c, 0x1c, 0x1c, 0x1c, 0x1c, 0x1a, 0x1a, 0x1a, 0x1a, 0x1c, 0x1c, 0x1a, 0x1a, 0x1a, 0x1a, 0x1a, 0x22, 0x25, 0x2d, 0x29, 0x2c, 0x26, 0x1e, 0x01, 0x10, 0x04, 0x07, 0x07, 0x07, 0x07, 0x06, 0x0b, 0x03, 0x11, 0x12, 0x12, 0x13, 0x17, 0x17, 0x18, 0x12, 0x03, 0x0f, 0x0e, 0x09, 0x06, 0x07, 0x03, 0x10, 0x19, 0x13, 0x25, 0x2c, 0x29, 0x28,
  0x28, 0x29, 0x2b, 0x23, 0x13, 0x16, 0x03, 0x02, 0x02, 0x11, 0x17, 0x15, 0x16, 0x15, 0x15, 0x16, 0x18, 0x18, 0x12, 0x08, 0x0b, 0x08, 0x06, 0x04, 0x04, 0x0a, 0x02, 0x12, 0x19, 0x18, 0x18, 0x19, 0x13, 0x1e, 0x27, 0x2c, 0x2c, 0x2d, 0x28, 0x22, 0x1d, 0x1b, 0x1a, 0x1c, 0x1a, 0x1a, 0x1b, 0x1b, 0x1b, 0x1b, 0x1b, 0x1a, 0x1a, 0x1c, 0x1c, 0x1c, 0x1a, 0x1a, 0x1c, 0x1c, 0x1c, 0x1c, 0x1c, 0x1c, 0x1a, 0x1a, 0x1a, 0x1a, 0x1a, 0x1c, 0x1a, 0x1a, 0x1b, 0x1d, 0x22, 0x26, 0x2d, 0x2a, 0x2a, 0x27, 0x17, 0x01, 0x10, 0x04, 0x07, 0x07, 0x07, 0x07, 0x07, 0x06, 0x07, 0x10, 0x14, 0x18, 0x19, 0x19, 0x18, 0x16, 0x16, 0x13, 0x0f, 0x0e, 0x08, 0x07, 0x03, 0x03, 0x03, 0x10, 0x19, 0x13, 0x25, 0x2b, 0x29, 0x28,
  0x28, 0x29, 0x2b, 0x23, 0x13, 0x17, 0x06, 0x04, 0x02, 0x10, 0x16, 0x15, 0x15, 0x16, 0x16, 0x18, 0x18, 0x19, 0x1e, 0x10, 0x06, 0x06, 0x03, 0x04, 0x04, 0x04, 0x03, 0x12, 0x1e, 0x18, 0x18, 0x18, 0x18, 0x13, 0x1f, 0x29, 0x28, 0x2a, 0x2c, 0x2d, 0x26, 0x0d, 0x1d, 0x1b, 0x1b, 0x1b, 0x1b, 0x1b, 0x1b, 0x1b, 0x1a, 0x1a, 0x1c, 0x1c, 0x1c, 0x1c, 0x1a, 0x1a, 0x1c, 0x1c, 0x1c, 0x1c, 0x1c, 0x1c, 0x1a, 0x1b, 0x1b, 0x1b, 0x1a, 0x1c, 0x1d, 0x1d, 0x1b, 0x27, 0x2d, 0x2a, 0x2a, 0x2c, 0x28, 0x12, 0x01, 0x0b, 0x0a, 0x07, 0x07, 0x07, 0x06, 0x07, 0x07, 0x07, 0x06, 0x14, 0x14, 0x15, 0x18, 0x18, 0x18, 0x18, 0x16, 0x17, 0x14, 0x03, 0x04, 0x03, 0x03, 0x04, 0x03, 0x10, 0x18, 0x13, 0x25, 0x2b, 0x2a, 0x28,
  0x28, 0x29, 0x2c, 0x23, 0x13, 0x17, 0x06, 0x04, 0x04, 0x02, 0x10, 0x16, 0x15, 0x16, 0x18, 0x18, 0x18, 0x19, 0x19, 0x11, 0x06, 0x03, 0x03, 0x0a, 0x0a, 0x07, 0x0c, 0x05, 0x12, 0x1e, 0x16, 0x16, 0x15, 0x18, 0x19, 0x1e, 0x1e, 0x29, 0x2c, 0x29, 0x29, 0x28, 0x28, 0x1d, 0x0d, 0x1b, 0x1b, 0x1b, 0x1b, 0x1a, 0x1c, 0x1c, 0x1c, 0x1c, 0x1c, 0x1c, 0x1c, 0x1c, 0x1c, 0x1c, 0x1c, 0x1c, 0x1c, 0x1c, 0x1c, 0x1c, 0x1b, 0x1b, 0x1b, 0x0d, 0x22, 0x2c, 0x28, 0x29, 0x29, 0x2a, 0x2d, 0x2a, 0x12, 0x02, 0x02, 0x0a, 0x04, 0x07, 0x09, 0x09, 0x07, 0x09, 0x07, 0x07, 0x0b, 0x03, 0x12, 0x16, 0x16, 0x18, 0x18, 0x18, 0x16, 0x17, 0x13, 0x02, 0x02, 0x02, 0x06, 0x0a, 0x03, 0x10, 0x17, 0x13, 0x25, 0x2c, 0x2a, 0x28,
  0x28, 0x2a, 0x2c, 0x23, 0x13, 0x17, 0x06, 0x04, 0x0b, 0x03, 0x10, 0x16, 0x15, 0x18, 0x18, 0x19, 0x18, 0x19, 0x19, 0x17, 0x11, 0x02, 0x0a, 0x0b, 0x08, 0x07, 0x08, 0x06, 0x0f, 0x12, 0x17, 0x18, 0x16, 0x18, 0x19, 0x19, 0x19, 0x21, 0x27, 0x2d, 0x2b, 0x2a, 0x2c, 0x26, 0x27, 0x22, 0x0d, 0x1b, 0x1b, 0x1b, 0x1d, 0x1c, 0x1d, 0x1d, 0x1d, 0x1c, 0x1d, 0x1c, 0x1c, 0x1b, 0x1b, 0x1c, 0x1c, 0x1d, 0x1c, 0x1b, 0x1b, 0x0d, 0x22, 0x26, 0x27, 0x2c, 0x2a, 0x29, 0x2d, 0x26, 0x1e, 0x1f, 0x0c, 0x04, 0x0a, 0x0a, 0x08, 0x07, 0x07, 0x07, 0x07, 0x07, 0x07, 0x07, 0x0b, 0x09, 0x0b, 0x12, 0x18, 0x18, 0x18, 0x18, 0x18, 0x16, 0x14, 0x12, 0x0b, 0x03, 0x06, 0x09, 0x04, 0x10, 0x17, 0x13, 0x25, 0x2c, 0x2a, 0x28,
  0x28, 0x2a, 0x2c, 0x23, 0x13, 0x14, 0x04, 0x04, 0x05, 0x08, 0x06, 0x11, 0x16, 0x18, 0x18, 0x19, 0x18, 0x19, 0x19, 0x18, 0x14, 0x11, 0x02, 0x03, 0x0b, 0x0b, 0x07, 0x0a, 0x04, 0x03, 0x12, 0x15, 0x18, 0x18, 0x18, 0x18, 0x19, 0x13, 0x21, 0x23, 0x23, 0x2d, 0x2c, 0x2a, 0x2c, 0x27, 0x25, 0x25, 0x25, 0x1d, 0x1a, 0x1a, 0x1a, 0x1a, 0x1a, 0x1a, 0x1a, 0x1b, 0x1b, 0x1b, 0x0d, 0x1b, 0x1b, 0x1a, 0x1d, 0x25, 0x25, 0x25, 0x27, 0x2c, 0x2c, 0x2a, 0x2d, 0x2d, 0x25, 0x14, 0x01, 0x02, 0x0b, 0x07, 0x0a, 0x0a, 0x04, 0x07, 0x07, 0x07, 0x07, 0x06, 0x0b, 0x0b, 0x07, 0x0b, 0x03, 0x11, 0x18, 0x18, 0x18, 0x18, 0x18, 0x15, 0x15, 0x16, 0x0f, 0x03, 0x0b, 0x04, 0x02, 0x10, 0x17, 0x13, 0x25, 0x2c, 0x2a, 0x28,
  0x28, 0x2a, 0x2c, 0x23, 0x12, 0x14, 0x03, 0x08, 0x0c, 0x0c, 0x05, 0x0f, 0x17, 0x18, 0x19, 0x19, 0x19, 0x18, 0x17, 0x16, 0x17, 0x14, 0x12, 0x12, 0x05, 0x09, 0x07, 0x04, 0x0a, 0x0a, 0x02, 0x14, 0x19, 0x18, 0x18, 0x18, 0x18, 0x18, 0x13, 0x11, 0x1f, 0x25, 0x25, 0x2a, 0x2b, 0x2b, 0x2b, 0x2c, 0x2d, 0x24, 0x22, 0x24, 0x22, 0x22, 0x22, 0x22, 0x22, 0x22, 0x22, 0x22, 0x22, 0x22, 0x22, 0x22, 0x24, 0x2d, 0x2d, 0x2d, 0x2a, 0x29, 0x2a, 0x2d, 0x25, 0x25, 0x1e, 0x01, 0x0b, 0x04, 0x04, 0x0a, 0x07, 0x07, 0x06, 0x06, 0x06, 0x07, 0x0b, 0x07, 0x0b, 0x07, 0x07, 0x0b, 0x03, 0x12, 0x18, 0x18, 0x18, 0x18, 0x17, 0x16, 0x15, 0x16, 0x0f, 0x04, 0x0a, 0x0a, 0x02, 0x10, 0x18, 0x13, 0x25, 0x2c, 0x2a, 0x28,
  0x28, 0x2a, 0x2c, 0x23, 0x13, 0x14, 0x03, 0x05, 0x0c, 0x0e, 0x06, 0x0f, 0x14, 0x19, 0x19, 0x18, 0x18, 0x18, 0x18, 0x16, 0x16, 0x18, 0x19, 0x17, 0x12, 0x10, 0x07, 0x07, 0x04, 0x0a, 0x0a, 0x11, 0x18, 0x19, 0x18, 0x18, 0x18, 0x18, 0x17, 0x18, 0x18, 0x13, 0x13, 0x25, 0x25, 0x27, 0x2b, 0x2a, 0x2c, 0x2d, 0x2d, 0x2d, 0x2d, 0x2d, 0x2d, 0x2d, 0x2d, 0x2d, 0x2c, 0x2c, 0x2c, 0x2c, 0x2c, 0x2c, 0x2c, 0x2a, 0x2a, 0x2a, 0x2a, 0x2b, 0x29, 0x25, 0x10, 0x02, 0x03, 0x0a, 0x02, 0x02, 0x06, 0x09, 0x08, 0x0a, 0x07, 0x07, 0x07, 0x06, 0x07, 0x07, 0x06, 0x07, 0x07, 0x0b, 0x03, 0x12, 0x19, 0x16, 0x16, 0x16, 0x16, 0x17, 0x17, 0x17, 0x0f, 0x03, 0x04, 0x0a, 0x02, 0x10, 0x17, 0x13, 0x25, 0x2c, 0x2a, 0x28,
  0x28, 0x2a, 0x2c, 0x23, 0x13, 0x14, 0x08, 0x05, 0x0c, 0x05, 0x08, 0x0c, 0x0e, 0x16, 0x19, 0x18, 0x18, 0x18, 0x18, 0x16, 0x15, 0x17, 0x18, 0x19, 0x1e, 0x11, 0x03, 0x07, 0x06, 0x07, 0x0b, 0x05, 0x14, 0x18, 0x18, 0x18, 0x17, 0x18, 0x18, 0x18, 0x19, 0x18, 0x16, 0x13, 0x11, 0x23, 0x29, 0x28, 0x29, 0x29, 0x2a, 0x2a, 0x2a, 0x2a, 0x2a, 0x29, 0x29, 0x2a, 0x29, 0x29, 0x29, 0x29, 0x29, 0x29, 0x2a, 0x2a, 0x2a, 0x2a, 0x2a, 0x2a, 0x25, 0x02, 0x11, 0x10, 0x0c, 0x0a, 0x04, 0x04, 0x07, 0x07, 0x0b, 0x09, 0x07, 0x04, 0x07, 0x06, 0x04, 0x04, 0x07, 0x09, 0x09, 0x0b, 0x03, 0x12, 0x19, 0x17, 0x16, 0x16, 0x16, 0x17, 0x18, 0x16, 0x0f, 0x0a, 0x06, 0x04, 0x04, 0x10, 0x17, 0x13, 0x25, 0x2c, 0x2a, 0x28,
  0x28, 0x2a, 0x2c, 0x23, 0x13, 0x16, 0x14, 0x10, 0x03, 0x0e, 0x05, 0x0e, 0x10, 0x0f, 0x13, 0x1e, 0x16, 0x15, 0x16, 0x15, 0x15, 0x16, 0x18, 0x19, 0x11, 0x0f, 0x0b, 0x06, 0x06, 0x08, 0x09, 0x0c, 0x05, 0x13, 0x18, 0x16, 0x16, 0x17, 0x18, 0x18, 0x18, 0x17, 0x15, 0x16, 0x16, 0x16, 0x17, 0x1e, 0x1e, 0x19, 0x26, 0x2d, 0x2b, 0x2a, 0x2a, 0x2a, 0x2a, 0x2a, 0x2a, 0x2a, 0x29, 0x2a, 0x2a, 0x2a, 0x2a, 0x2a, 0x29, 0x2d, 0x23, 0x10, 0x12, 0x10, 0x10, 0x0e, 0x04, 0x07, 0x04, 0x07, 0x07, 0x08, 0x07, 0x07, 0x07, 0x0a, 0x06, 0x03, 0x02, 0x04, 0x0a, 0x09, 0x09, 0x0b, 0x03, 0x12, 0x18, 0x15, 0x15, 0x15, 0x15, 0x18, 0x15, 0x0f, 0x0c, 0x0a, 0x0a, 0x0c, 0x09, 0x11, 0x18, 0x13, 0x25, 0x2c, 0x2a, 0x28,
  0x28, 0x2a, 0x2c, 0x23, 0x13, 0x17, 0x14, 0x10, 0x02, 0x0e, 0x0f, 0x0f, 0x0f, 0x0f, 0x10, 0x10, 0x11, 0x17, 0x16, 0x17, 0x11, 0x08, 0x11, 0x11, 0x0f, 0x0e, 0x05, 0x07, 0x07, 0x08, 0x0c, 0x0c, 0x0a, 0x06, 0x11, 0x17, 0x15, 0x18, 0x18, 0x18, 0x18, 0x17, 0x18, 0x16, 0x16, 0x15, 0x15, 0x18, 0x18, 0x18, 0x1e, 0x21, 0x21, 0x21, 0x1f, 0x1e, 0x1f, 0x1f, 0x1e, 0x1f, 0x29, 0x2b, 0x2b, 0x29, 0x29, 0x2c, 0x2d, 0x23, 0x14, 0x05, 0x0f, 0x10, 0x0c, 0x0c, 0x06, 0x07, 0x07, 0x07, 0x07, 0x07, 0x07, 0x07, 0x07, 0x03, 0x13, 0x14, 0x10, 0x04, 0x0a, 0x07, 0x0b, 0x06, 0x12, 0x18, 0x18, 0x16, 0x15, 0x15, 0x16, 0x18, 0x15, 0x0e, 0x0c, 0x0b, 0x0b, 0x0c, 0x08, 0x11, 0x1e, 0x13, 0x25, 0x2c, 0x2a, 0x28,
  0x28, 0x2a, 0x2c, 0x23, 0x13, 0x17, 0x16, 0x0e, 0x03, 0x0c, 0x0c, 0x0f, 0x0c, 0x0f, 0x0a, 0x02, 0x04, 0x12, 0x11, 0x12, 0x0a, 0x03, 0x08, 0x06, 0x0b, 0x04, 0x04, 0x09, 0x0e, 0x0c, 0x0c, 0x09, 0x0a, 0x04, 0x0a, 0x11, 0x17, 0x1e, 0x18, 0x18, 0x18, 0x18, 0x18, 0x18, 0x18, 0x18, 0x18, 0x18, 0x18, 0x19, 0x18, 0x18, 0x18, 0x18, 0x15, 0x15, 0x13, 0x0e, 0x18, 0x25, 0x29, 0x29, 0x29, 0x2b, 0x27, 0x1f, 0x1f, 0x10, 0x03, 0x11, 0x10, 0x0f, 0x0c, 0x0c, 0x08, 0x07, 0x07, 0x07, 0x09, 0x04, 0x0a, 0x0a, 0x0a, 0x06, 0x14, 0x17, 0x11, 0x03, 0x0a, 0x0a, 0x0a, 0x03, 0x14, 0x1e, 0x16, 0x15, 0x15, 0x15, 0x15, 0x19, 0x16, 0x0e, 0x0b, 0x0c, 0x0f, 0x0f, 0x06, 0x10, 0x1e, 0x13, 0x25, 0x2c, 0x2a, 0x28,
  0x28, 0x2a, 0x2c, 0x23, 0x13, 0x16, 0x15, 0x13, 0x11, 0x0e, 0x0e, 0x0f, 0x0f, 0x0b, 0x0a, 0x0a, 0x02, 0x02, 0x02, 0x02, 0x04, 0x0b, 0x09, 0x04, 0x02, 0x04, 0x07, 0x08, 0x0e, 0x08, 0x08, 0x04, 0x04, 0x04, 0x02, 0x04, 0x13, 0x15, 0x18, 0x18, 0x16, 0x16, 0x18, 0x18, 0x18, 0x18, 0x18, 0x18, 0x18, 0x18, 0x19, 0x19, 0x19, 0x19, 0x18, 0x13, 0x21, 0x23, 0x25, 0x2b, 0x29, 0x2b, 0x2d, 0x26, 0x1f, 0x01, 0x01, 0x0a, 0x10, 0x0f, 0x0f, 0x0e, 0x09, 0x07, 0x0b, 0x0b, 0x07, 0x09, 0x07, 0x0b, 0x07, 0x0a, 0x07, 0x08, 0x14, 0x17, 0x13, 0x10, 0x04, 0x0a, 0x0a, 0x03, 0x12, 0x12, 0x13, 0x15, 0x15, 0x15, 0x18, 0x16, 0x12, 0x0c, 0x0c, 0x0f, 0x10, 0x0c, 0x0f, 0x13, 0x1e, 0x13, 0x25, 0x2c, 0x2a, 0x28,
  0x28, 0x2a, 0x2d, 0x23, 0x13, 0x16, 0x15, 0x19, 0x13, 0x0e, 0x10, 0x0e, 0x0c, 0x04, 0x03, 0x04, 0x04, 0x04, 0x0a, 0x0a, 0x0b, 0x09, 0x05, 0x06, 0x06, 0x06, 0x07, 0x07, 0x0b, 0x08, 0x04, 0x04, 0x02, 0x04, 0x0a, 0x0c, 0x06, 0x12, 0x14, 0x14, 0x17, 0x18, 0x18, 0x18, 0x18, 0x19, 0x19, 0x18, 0x18, 0x17, 0x18, 0x19, 0x18, 0x19, 0x21, 0x21, 0x26, 0x2d, 0x2b, 0x29, 0x2a, 0x25, 0x26, 0x1f, 0x01, 0x0a, 0x0a, 0x0a, 0x0e, 0x0f, 0x0c, 0x0c, 0x07, 0x07, 0x07, 0x0b, 0x0b, 0x0b, 0x08, 0x08, 0x0b, 0x0b, 0x06, 0x06, 0x15, 0x17, 0x17, 0x12, 0x02, 0x0b, 0x0a, 0x0a, 0x04, 0x02, 0x10, 0x17, 0x15, 0x16, 0x17, 0x12, 0x05, 0x0c, 0x0c, 0x10, 0x0c, 0x08, 0x11, 0x1e, 0x1e, 0x15, 0x25, 0x2c, 0x2a, 0x28,
  0x28, 0x2a, 0x2c, 0x23, 0x13, 0x17, 0x15, 0x18, 0x13, 0x0f, 0x0e, 0x0c, 0x0b, 0x0a, 0x07, 0x04, 0x0a, 0x07, 0x07, 0x08, 0x08, 0x0e, 0x0c, 0x03, 0x03, 0x07, 0x07, 0x07, 0x07, 0x08, 0x04, 0x03, 0x04, 0x04, 0x0b, 0x0f, 0x10, 0x10, 0x03, 0x12, 0x16, 0x16, 0x16, 0x16, 0x18, 0x18, 0x19, 0x19, 0x18, 0x15, 0x15, 0x1e, 0x1e, 0x21, 0x2c, 0x2d, 0x2b, 0x2a, 0x29, 0x27, 0x27, 0x12, 0x01, 0x0a, 0x0c, 0x04, 0x02, 0x04, 0x04, 0x0c, 0x0c, 0x0c, 0x05, 0x07, 0x07, 0x0c, 0x0f, 0x0f, 0x0f, 0x0c, 0x07, 0x04, 0x07, 0x06, 0x14, 0x16, 0x17, 0x12, 0x02, 0x0a, 0x04, 0x04, 0x0a, 0x02, 0x11, 0x16, 0x14, 0x16, 0x12, 0x05, 0x10, 0x0f, 0x0f, 0x10, 0x0c, 0x05, 0x11, 0x19, 0x1e, 0x15, 0x25, 0x2c, 0x2a, 0x28,
  0x28, 0x2a, 0x2c, 0x23, 0x13, 0x18, 0x16, 0x18, 0x1e, 0x13, 0x05, 0x07, 0x0b, 0x0b, 0x0b, 0x07, 0x0a, 0x0b, 0x07, 0x07, 0x0b, 0x0f, 0x0e, 0x06, 0x04, 0x09, 0x09, 0x09, 0x0b, 0x07, 0x04, 0x02, 0x0a, 0x0b, 0x0c, 0x0c, 0x0f, 0x0c, 0x0b, 0x0b, 0x06, 0x05, 0x14, 0x16, 0x16, 0x18, 0x19, 0x1e, 0x18, 0x14, 0x12, 0x21, 0x2a, 0x2a, 0x2a, 0x2a, 0x2c, 0x2d, 0x26, 0x0a, 0x10, 0x0a, 0x0a, 0x0a, 0x0a, 0x07, 0x04, 0x02, 0x04, 0x0e, 0x0f, 0x0e, 0x06, 0x03, 0x05, 0x0e, 0x0f, 0x0f, 0x0f, 0x0e, 0x06, 0x07, 0x07, 0x07, 0x05, 0x14, 0x1e, 0x13, 0x03, 0x04, 0x04, 0x04, 0x02, 0x02, 0x06, 0x0e, 0x06, 0x03, 0x03, 0x0b, 0x0e, 0x0f, 0x0f, 0x0e, 0x0c, 0x03, 0x11, 0x19, 0x19, 0x15, 0x25, 0x2c, 0x2a, 0x28,
  0x28, 0x2a, 0x2c, 0x23, 0x13, 0x18, 0x18, 0x18, 0x1e, 0x13, 0x03, 0x0b, 0x0b, 0x0c, 0x0c, 0x0b, 0x07, 0x07, 0x04, 0x04, 0x06, 0x09, 0x09, 0x08, 0x03, 0x03, 0x03, 0x03, 0x03, 0x0b, 0x0a, 0x04, 0x07, 0x0c, 0x0c, 0x0c, 0x0c, 0x0c, 0x0c, 0x0c, 0x04, 0x02, 0x0a, 0x0a, 0x12, 0x17, 0x17, 0x13, 0x13, 0x25, 0x26, 0x26, 0x29, 0x2a, 0x2d, 0x2d, 0x23, 0x17, 0x14, 0x02, 0x02, 0x04, 0x0c, 0x0a, 0x0a, 0x0a, 0x04, 0x02, 0x02, 0x0e, 0x0f, 0x10, 0x0b, 0x02, 0x12, 0x17, 0x18, 0x18, 0x18, 0x1e, 0x12, 0x03, 0x0b, 0x06, 0x06, 0x11, 0x11, 0x11, 0x04, 0x02, 0x02, 0x03, 0x04, 0x0a, 0x0b, 0x0a, 0x04, 0x02, 0x02, 0x07, 0x0c, 0x0f, 0x10, 0x0e, 0x0c, 0x06, 0x11, 0x1e, 0x1e, 0x15, 0x25, 0x2c, 0x2a, 0x28,
  0x28, 0x2a, 0x2c, 0x23, 0x13, 0x18, 0x18, 0x18, 0x18, 0x15, 0x11, 0x03, 0x0b, 0x0c, 0x0b, 0x0b, 0x07, 0x07, 0x05, 0x07, 0x0b, 0x05, 0x03, 0x05, 0x13, 0x13, 0x13, 0x13, 0x12, 0x02, 0x02, 0x07, 0x0c, 0x09, 0x0b, 0x0b, 0x0c, 0x0c, 0x0c, 0x0f, 0x10, 0x0c, 0x02, 0x01, 0x01, 0x01, 0x1f, 0x25, 0x25, 0x29, 0x2b, 0x2b, 0x2d, 0x28, 0x1f, 0x23, 0x14, 0x02, 0x05, 0x0f, 0x07, 0x06, 0x0c, 0x0a, 0x04, 0x04, 0x02, 0x12, 0x13, 0x14, 0x15, 0x11, 0x05, 0x02, 0x12, 0x19, 0x19, 0x1e, 0x13, 0x12, 0x10, 0x06, 0x0a, 0x04, 0x06, 0x08, 0x0e, 0x0e, 0x07, 0x04, 0x02, 0x02, 0x04, 0x04, 0x0c, 0x0b, 0x0b, 0x04, 0x04, 0x04, 0x0a, 0x0c, 0x0f, 0x0c, 0x0f, 0x05, 0x11, 0x1e, 0x19, 0x15, 0x25, 0x2c, 0x2a, 0x28,
  0x28, 0x2a, 0x2c, 0x23, 0x13, 0x18, 0x18, 0x18, 0x18, 0x18, 0x14, 0x11, 0x0b, 0x06, 0x07, 0x04, 0x06, 0x07, 0x07, 0x0b, 0x06, 0x11, 0x13, 0x13, 0x18, 0x19, 0x17, 0x17, 0x14, 0x12, 0x12, 0x0f, 0x0c, 0x0f, 0x04, 0x04, 0x07, 0x0b, 0x0f, 0x10, 0x0f, 0x02, 0x01, 0x1f, 0x1f, 0x1f, 0x25, 0x2d, 0x2b, 0x2b, 0x2b, 0x26, 0x23, 0x23, 0x01, 0x02, 0x0e, 0x10, 0x0f, 0x0e, 0x05, 0x06, 0x08, 0x0c, 0x04, 0x02, 0x10, 0x14, 0x16, 0x18, 0x19, 0x13, 0x13, 0x11, 0x13, 0x16, 0x17, 0x13, 0x05, 0x03, 0x04, 0x07, 0x07, 0x04, 0x08, 0x05, 0x0e, 0x0c, 0x0b, 0x0a, 0x02, 0x02, 0x04, 0x0a, 0x0c, 0x0c, 0x0a, 0x04, 0x04, 0x04, 0x0a, 0x0b, 0x0c, 0x0c, 0x08, 0x11, 0x14, 0x19, 0x19, 0x15, 0x25, 0x2c, 0x2a, 0x28,
  0x28, 0x2a, 0x2c, 0x25, 0x13, 0x18, 0x18, 0x16, 0x16, 0x15, 0x16, 0x16, 0x03, 0x02, 0x0b, 0x04, 0x05, 0x06, 0x09, 0x0c, 0x03, 0x11, 0x14, 0x15, 0x19, 0x18, 0x17, 0x15, 0x15, 0x18, 0x19, 0x13, 0x11, 0x0c, 0x04, 0x02, 0x04, 0x0b, 0x0e, 0x05, 0x14, 0x1f, 0x1f, 0x27, 0x2d, 0x2b, 0x2b, 0x29, 0x2b, 0x26, 0x26, 0x1f, 0x01, 0x01, 0x0b, 0x10, 0x10, 0x0e, 0x0e, 0x0c, 0x0c, 0x0c, 0x06, 0x07, 0x0c, 0x11, 0x14, 0x15, 0x15, 0x15, 0x18, 0x19, 0x1e, 0x1e, 0x18, 0x16, 0x14, 0x06, 0x07, 0x0b, 0x07, 0x07, 0x07, 0x07, 0x07, 0x05, 0x08, 0x08, 0x08, 0x0a, 0x04, 0x0a, 0x0b, 0x0a, 0x0a, 0x0b, 0x0a, 0x04, 0x06, 0x04, 0x06, 0x05, 0x0b, 0x09, 0x05, 0x13, 0x1e, 0x18, 0x19, 0x15, 0x25, 0x2c, 0x2a, 0x28,
  0x28, 0x2a, 0x2c, 0x23, 0x13, 0x18, 0x18, 0x16, 0x16, 0x16, 0x16, 0x14, 0x06, 0x02, 0x03, 0x06, 0x08, 0x09, 0x0e, 0x0e, 0x09, 0x05, 0x03, 0x11, 0x19, 0x18, 0x18, 0x18, 0x15, 0x16, 0x18, 0x1e, 0x12, 0x08, 0x04, 0x02, 0x02, 0x02, 0x12, 0x11, 0x1f, 0x2d, 0x2d, 0x2a, 0x29, 0x29, 0x27, 0x26, 0x27, 0x14, 0x01, 0x02, 0x0f, 0x0b, 0x04, 0x07, 0x0c, 0x0e, 0x0e, 0x0f, 0x0e, 0x0e, 0x0e, 0x05, 0x11, 0x17, 0x15, 0x15, 0x15, 0x15, 0x15, 0x18, 0x19, 0x18, 0x18, 0x14, 0x03, 0x06, 0x07, 0x07, 0x07, 0x05, 0x08, 0x07, 0x07, 0x07, 0x04, 0x03, 0x04, 0x08, 0x0c, 0x0c, 0x0c, 0x07, 0x04, 0x07, 0x07, 0x07, 0x0c, 0x0b, 0x0a, 0x04, 0x09, 0x0b, 0x03, 0x13, 0x19, 0x18, 0x18, 0x13, 0x25, 0x2c, 0x2a, 0x28,
  0x28, 0x2a, 0x2c, 0x25, 0x13, 0x18, 0x18, 0x17, 0x16, 0x16, 0x16, 0x15, 0x14, 0x0b, 0x03, 0x07, 0x05, 0x0e, 0x0e, 0x05, 0x0b, 0x09, 0x0e, 0x11, 0x19, 0x18, 0x18, 0x18, 0x17, 0x16, 0x17, 0x16, 0x12, 0x10, 0x10, 0x02, 0x02, 0x01, 0x25, 0x2a, 0x28, 0x2a, 0x2a, 0x2a, 0x2d, 0x25, 0x14, 0x0a, 0x0a, 0x02, 0x02, 0x04, 0x07, 0x06, 0x04, 0x09, 0x07, 0x08, 0x0c, 0x09, 0x0e, 0x0c, 0x0e, 0x13, 0x19, 0x18, 0x16, 0x16, 0x15, 0x15, 0x15, 0x16, 0x19, 0x12, 0x0e, 0x0f, 0x0c, 0x08, 0x07, 0x07, 0x09, 0x07, 0x09, 0x08, 0x07, 0x09, 0x06, 0x02, 0x0a, 0x0f, 0x0f, 0x0e, 0x0f, 0x07, 0x06, 0x06, 0x07, 0x0b, 0x0c, 0x09, 0x0b, 0x07, 0x0a, 0x04, 0x03, 0x12, 0x19, 0x17, 0x18, 0x13, 0x25, 0x2c, 0x2a, 0x28,
  0x28, 0x2a, 0x2c, 0x23, 0x13, 0x18, 0x17, 0x18, 0x17, 0x16, 0x16, 0x15, 0x15, 0x14, 0x10, 0x03, 0x0e, 0x0e, 0x09, 0x0e, 0x09, 0x05, 0x10, 0x17, 0x18, 0x19, 0x19, 0x19, 0x19, 0x18, 0x17, 0x10, 0x02, 0x01, 0x14, 0x26, 0x26, 0x26, 0x27, 0x2a, 0x2c, 0x2d, 0x2d, 0x1f, 0x17, 0x14, 0x02, 0x02, 0x02, 0x02, 0x02, 0x03, 0x07, 0x07, 0x07, 0x04, 0x07, 0x07, 0x0c, 0x07, 0x09, 0x0c, 0x0e, 0x14, 0x1e, 0x18, 0x18, 0x16, 0x15, 0x16, 0x15, 0x15, 0x17, 0x15, 0x14, 0x12, 0x0f, 0x0c, 0x06, 0x09, 0x09, 0x05, 0x07, 0x08, 0x07, 0x07, 0x07, 0x07, 0x03, 0x0e, 0x15, 0x17, 0x12, 0x03, 0x0b, 0x07, 0x08, 0x0e, 0x09, 0x0b, 0x07, 0x04, 0x04, 0x04, 0x02, 0x12, 0x18, 0x17, 0x18, 0x13, 0x25, 0x2c, 0x2a, 0x28,
  0x28, 0x2a, 0x2c, 0x23, 0x13, 0x18, 0x17, 0x18, 0x18, 0x16, 0x15, 0x15, 0x15, 0x16, 0x14, 0x11, 0x05, 0x05, 0x0b, 0x0e, 0x0e, 0x0b, 0x0c, 0x12, 0x11, 0x11, 0x12, 0x13, 0x13, 0x12, 0x03, 0x01, 0x1f, 0x23, 0x25, 0x2b, 0x29, 0x29, 0x2b, 0x2d, 0x26, 0x1f, 0x1f, 0x10, 0x02, 0x03, 0x07, 0x03, 0x02, 0x02, 0x02, 0x02, 0x04, 0x07, 0x07, 0x0a, 0x04, 0x09, 0x0b, 0x07, 0x09, 0x0c, 0x0e, 0x11, 0x12, 0x14, 0x18, 0x17, 0x16, 0x15, 0x15, 0x15, 0x15, 0x18, 0x1e, 0x18, 0x10, 0x08, 0x09, 0x0b, 0x09, 0x08, 0x0b, 0x07, 0x07, 0x05, 0x03, 0x10, 0x14, 0x14, 0x18, 0x18, 0x15, 0x12, 0x03, 0x03, 0x0c, 0x08, 0x07, 0x0b, 0x07, 0x04, 0x04, 0x02, 0x10, 0x14, 0x18, 0x17, 0x17, 0x13, 0x25, 0x2c, 0x2a, 0x28,
  0x28, 0x2a, 0x2c, 0x23, 0x13, 0x18, 0x17, 0x17, 0x18, 0x16, 0x15, 0x15, 0x15, 0x16, 0x19, 0x15, 0x13, 0x13, 0x05, 0x08, 0x0b, 0x0b, 0x02, 0x02, 0x02, 0x03, 0x0f, 0x0e, 0x03, 0x11, 0x23, 0x1f, 0x26, 0x2d, 0x2b, 0x29, 0x2a, 0x2b, 0x23, 0x23, 0x1f, 0x01, 0x02, 0x07, 0x0c, 0x0c, 0x0c, 0x07, 0x04, 0x04, 0x04, 0x04, 0x04, 0x0b, 0x07, 0x07, 0x07, 0x07, 0x07, 0x07, 0x09, 0x05, 0x08, 0x05, 0x02, 0x11, 0x1e, 0x18, 0x18, 0x16, 0x15, 0x15, 0x16, 0x12, 0x13, 0x13, 0x0f, 0x0c, 0x0e, 0x0c, 0x0b, 0x08, 0x07, 0x07, 0x09, 0x05, 0x11, 0x13, 0x19, 0x18, 0x15, 0x15, 0x17, 0x15, 0x13, 0x12, 0x0c, 0x07, 0x0b, 0x09, 0x09, 0x06, 0x0b, 0x02, 0x13, 0x18, 0x17, 0x17, 0x17, 0x13, 0x23, 0x2c, 0x2a, 0x28,
  0x28, 0x2a, 0x2c, 0x23, 0x13, 0x17, 0x16, 0x16, 0x16, 0x15, 0x15, 0x15, 0x16, 0x18, 0x18, 0x19, 0x1e, 0x1e, 0x13, 0x08, 0x08, 0x09, 0x04, 0x04, 0x02, 0x02, 0x03, 0x14, 0x1e, 0x1f, 0x2d, 0x2d, 0x2b, 0x29, 0x29, 0x27, 0x25, 0x26, 0x14, 0x01, 0x02, 0x10, 0x10, 0x0c, 0x07, 0x07, 0x07, 0x0b, 0x0a, 0x04, 0x03, 0x08, 0x07, 0x07, 0x07, 0x07, 0x07, 0x07, 0x05, 0x05, 0x05, 0x05, 0x05, 0x08, 0x07, 0x0e, 0x15, 0x18, 0x18, 0x18, 0x16, 0x14, 0x12, 0x02, 0x03, 0x03, 0x07, 0x0e, 0x0e, 0x05, 0x08, 0x07, 0x07, 0x07, 0x09, 0x03, 0x14, 0x1e, 0x18, 0x16, 0x15, 0x15, 0x15, 0x18, 0x19, 0x17, 0x0f, 0x09, 0x09, 0x07, 0x07, 0x0c, 0x0c, 0x03, 0x13, 0x18, 0x17, 0x17, 0x18, 0x13, 0x23, 0x2c, 0x2a, 0x28,
  0x28, 0x2a, 0x2c, 0x25, 0x13, 0x18, 0x16, 0x16, 0x15, 0x15, 0x16, 0x17, 0x17, 0x18, 0x19, 0x18, 0x18, 0x19, 0x19, 0x11, 0x0e, 0x05, 0x02, 0x02, 0x10, 0x12, 0x0a, 0x25, 0x2d, 0x2c, 0x2a, 0x2a, 0x28, 0x27, 0x28, 0x23, 0x01, 0x02, 0x04, 0x0b, 0x0c, 0x07, 0x0b, 0x0b, 0x07, 0x07, 0x07, 0x0a, 0x04, 0x0a, 0x04, 0x07, 0x07, 0x07, 0x07, 0x07, 0x09, 0x09, 0x09, 0x09, 0x09, 0x09, 0x08, 0x05, 0x07, 0x08, 0x0e, 0x15, 0x19, 0x16, 0x14, 0x14, 0x03, 0x04, 0x0b, 0x0b, 0x07, 0x09, 0x09, 0x09, 0x05, 0x07, 0x07, 0x07, 0x09, 0x03, 0x13, 0x19, 0x18, 0x16, 0x15, 0x15, 0x17, 0x18, 0x18, 0x16, 0x0e, 0x04, 0x07, 0x07, 0x08, 0x0e, 0x0c, 0x03, 0x13, 0x18, 0x17, 0x18, 0x18, 0x13, 0x23, 0x2c, 0x2a, 0x28,
  0x2a, 0x2a, 0x2c, 0x25, 0x13, 0x18, 0x16, 0x15, 0x15, 0x15, 0x16, 0x17, 0x18, 0x18, 0x18, 0x18, 0x18, 0x19, 0x19, 0x1e, 0x14, 0x05, 0x02, 0x01, 0x25, 0x29, 0x27, 0x29, 0x2a, 0x2a, 0x2c, 0x2d, 0x23, 0x0a, 0x10, 0x02, 0x02, 0x0c, 0x0b, 0x04, 0x07, 0x04, 0x07, 0x09, 0x09, 0x06, 0x06, 0x0c, 0x07, 0x07, 0x04, 0x07, 0x07, 0x07, 0x07, 0x07, 0x04, 0x04, 0x07, 0x05, 0x0c, 0x09, 0x05, 0x07, 0x07, 0x05, 0x12, 0x17, 0x1e, 0x13, 0x0e, 0x0a, 0x04, 0x0b, 0x07, 0x07, 0x05, 0x04, 0x07, 0x09, 0x08, 0x07, 0x07, 0x07, 0x07, 0x03, 0x13, 0x18, 0x18, 0x16, 0x16, 0x18, 0x18, 0x18, 0x19, 0x16, 0x0e, 0x07, 0x07, 0x07, 0x0e, 0x0e, 0x0e, 0x03, 0x13, 0x18, 0x16, 0x18, 0x18, 0x13, 0x23, 0x2c, 0x29, 0x28,
  0x2a, 0x2a, 0x2d, 0x25, 0x13, 0x18, 0x15, 0x15, 0x15, 0x15, 0x15, 0x16, 0x18, 0x18, 0x18, 0x19, 0x19, 0x19, 0x15, 0x18, 0x13, 0x21, 0x27, 0x26, 0x27, 0x29, 0x29, 0x2b, 0x2d, 0x28, 0x1e, 0x17, 0x12, 0x02, 0x02, 0x02, 0x02, 0x07, 0x06, 0x06, 0x07, 0x04, 0x07, 0x09, 0x0b, 0x0b, 0x09, 0x0b, 0x0c, 0x0c, 0x0b, 0x07, 0x07, 0x07, 0x07, 0x07, 0x06, 0x06, 0x07, 0x07, 0x07, 0x05, 0x0e, 0x03, 0x12, 0x14, 0x1e, 0x14, 0x12, 0x10, 0x0c, 0x06, 0x04, 0x0a, 0x04, 0x04, 0x07, 0x07, 0x07, 0x07, 0x05, 0x07, 0x06, 0x07, 0x09, 0x03, 0x13, 0x18, 0x16, 0x18, 0x18, 0x18, 0x16, 0x18, 0x19, 0x17, 0x0e, 0x03, 0x06, 0x05, 0x05, 0x0e, 0x05, 0x13, 0x16, 0x17, 0x16, 0x18, 0x18, 0x13, 0x23, 0x2b, 0x29, 0x28,
  0x2c, 0x2a, 0x2d, 0x25, 0x15, 0x19, 0x18, 0x15, 0x15, 0x15, 0x15, 0x15, 0x16, 0x18, 0x19, 0x15, 0x15, 0x15, 0x25, 0x25, 0x25, 0x27, 0x2b, 0x2b, 0x2b, 0x2b, 0x29, 0x1f, 0x1f, 0x1f, 0x02, 0x02, 0x03, 0x0e, 0x04, 0x04, 0x02, 0x03, 0x07, 0x0b, 0x08, 0x0b, 0x0b, 0x06, 0x06, 0x07, 0x0c, 0x0b, 0x06, 0x0c, 0x08, 0x08, 0x07, 0x07, 0x07, 0x07, 0x07, 0x07, 0x06, 0x07, 0x07, 0x05, 0x05, 0x10, 0x14, 0x17, 0x12, 0x0d, 0x0a, 0x0c, 0x10, 0x09, 0x05, 0x04, 0x03, 0x03, 0x04, 0x07, 0x07, 0x07, 0x07, 0x08, 0x08, 0x07, 0x07, 0x03, 0x0f, 0x14, 0x16, 0x18, 0x18, 0x18, 0x18, 0x18, 0x14, 0x11, 0x0e, 0x07, 0x09, 0x07, 0x0c, 0x09, 0x05, 0x14, 0x18, 0x18, 0x18, 0x16, 0x17, 0x13, 0x23, 0x2b, 0x29, 0x28,
  0x2c, 0x2a, 0x2d, 0x25, 0x15, 0x19, 0x18, 0x17, 0x16, 0x16, 0x14, 0x13, 0x13, 0x13, 0x18, 0x23, 0x23, 0x23, 0x2a, 0x2d, 0x2d, 0x2d, 0x2b, 0x29, 0x23, 0x23, 0x23, 0x02, 0x01, 0x02, 0x0c, 0x0c, 0x0b, 0x0e, 0x07, 0x03, 0x02, 0x04, 0x07, 0x0b, 0x0e, 0x0c, 0x0b, 0x04, 0x03, 0x02, 0x03, 0x05, 0x11, 0x0f, 0x06, 0x06, 0x07, 0x08, 0x07, 0x07, 0x07, 0x0c, 0x09, 0x0b, 0x03, 0x11, 0x12, 0x14, 0x18, 0x14, 0x0d, 0x0d, 0x0d, 0x0b, 0x0c, 0x0e, 0x0e, 0x07, 0x03, 0x03, 0x0a, 0x08, 0x07, 0x08, 0x08, 0x09, 0x07, 0x07, 0x08, 0x09, 0x02, 0x12, 0x18, 0x19, 0x19, 0x19, 0x18, 0x18, 0x14, 0x02, 0x05, 0x05, 0x07, 0x0b, 0x0c, 0x09, 0x0e, 0x15, 0x19, 0x18, 0x18, 0x18, 0x18, 0x11, 0x23, 0x2b, 0x29, 0x28,
  0x27, 0x28, 0x2d, 0x25, 0x13, 0x19, 0x18, 0x18, 0x15, 0x14, 0x14, 0x1f, 0x1f, 0x1f, 0x21, 0x2c, 0x2d, 0x2d, 0x2c, 0x2c, 0x27, 0x26, 0x26, 0x25, 0x02, 0x01, 0x01, 0x04, 0x0b, 0x04, 0x05, 0x07, 0x08, 0x0e, 0x05, 0x04, 0x02, 0x03, 0x03, 0x04, 0x0c, 0x0e, 0x0e, 0x04, 0x02, 0x0c, 0x11, 0x11, 0x17, 0x10, 0x03, 0x06, 0x03, 0x05, 0x07, 0x07, 0x07, 0x0b, 0x07, 0x07, 0x03, 0x14, 0x18, 0x18, 0x17, 0x14, 0x0d, 0x0d, 0x0d, 0x0a, 0x0c, 0x0f, 0x0f, 0x0c, 0x07, 0x07, 0x0b, 0x0b, 0x09, 0x0b, 0x05, 0x05, 0x07, 0x07, 0x07, 0x07, 0x02, 0x12, 0x16, 0x17, 0x16, 0x15, 0x14, 0x16, 0x13, 0x03, 0x07, 0x08, 0x07, 0x04, 0x07, 0x0c, 0x0e, 0x15, 0x18, 0x18, 0x18, 0x18, 0x16, 0x1e, 0x25, 0x2b, 0x28, 0x26,
  0x00, 0x26, 0x2d, 0x25, 0x15, 0x18, 0x18, 0x19, 0x1e, 0x17, 0x1f, 0x2a, 0x29, 0x29, 0x2a, 0x2a, 0x2a, 0x2a, 0x28, 0x2c, 0x1f, 0x02, 0x0b, 0x02, 0x0c, 0x10, 0x0c, 0x04, 0x03, 0x06, 0x05, 0x07, 0x08, 0x0e, 0x0c, 0x07, 0x06, 0x03, 0x02, 0x0f, 0x11, 0x11, 0x10, 0x03, 0x04, 0x13, 0x17, 0x17, 0x17, 0x10, 0x06, 0x06, 0x06, 0x07, 0x0a, 0x07, 0x07, 0x0a, 0x07, 0x07, 0x03, 0x13, 0x14, 0x16, 0x14, 0x0d, 0x0d, 0x0d, 0x0d, 0x0a, 0x08, 0x0c, 0x0f, 0x0c, 0x0f, 0x09, 0x06, 0x08, 0x04, 0x04, 0x0c, 0x0f, 0x08, 0x0c, 0x07, 0x07, 0x03, 0x03, 0x0c, 0x0f, 0x0e, 0x05, 0x0e, 0x0e, 0x06, 0x09, 0x04, 0x08, 0x07, 0x04, 0x04, 0x0e, 0x0e, 0x15, 0x18, 0x18, 0x18, 0x18, 0x13, 0x26, 0x2b, 0x2a, 0x26, 0x00,
  0x00, 0x26, 0x2a, 0x2a, 0x25, 0x11, 0x15, 0x13, 0x25, 0x2a, 0x27, 0x29, 0x29, 0x29, 0x29, 0x2d, 0x26, 0x12, 0x12, 0x12, 0x10, 0x08, 0x0b, 0x07, 0x04, 0x07, 0x06, 0x06, 0x07, 0x07, 0x07, 0x0a, 0x07, 0x0e, 0x0f, 0x0e, 0x0c, 0x0a, 0x02, 0x12, 0x1e, 0x18, 0x0e, 0x03, 0x14, 0x16, 0x15, 0x15, 0x16, 0x10, 0x03, 0x05, 0x07, 0x07, 0x07, 0x07, 0x07, 0x06, 0x0a, 0x0b, 0x03, 0x06, 0x05, 0x11, 0x12, 0x0d, 0x0d, 0x0d, 0x0d, 0x0a, 0x0a, 0x0c, 0x0c, 0x0f, 0x0f, 0x0c, 0x0b, 0x06, 0x04, 0x02, 0x12, 0x14, 0x03, 0x07, 0x04, 0x07, 0x0b, 0x08, 0x07, 0x0b, 0x0c, 0x08, 0x0b, 0x0c, 0x0c, 0x0b, 0x07, 0x07, 0x04, 0x03, 0x04, 0x04, 0x05, 0x15, 0x19, 0x18, 0x18, 0x18, 0x13, 0x26, 0x2b, 0x2a, 0x26, 0x00,
  0x00, 0x25, 0x2a, 0x29, 0x29, 0x26, 0x26, 0x26, 0x29, 0x2c, 0x2a, 0x2c, 0x2c, 0x2a, 0x1f, 0x17, 0x14, 0x03, 0x03, 0x03, 0x06, 0x0b, 0x09, 0x07, 0x0b, 0x07, 0x0b, 0x06, 0x06, 0x07, 0x07, 0x07, 0x07, 0x08, 0x0c, 0x0e, 0x0e, 0x0b, 0x02, 0x12, 0x18, 0x18, 0x13, 0x14, 0x16, 0x16, 0x15, 0x14, 0x0f, 0x06, 0x05, 0x05, 0x05, 0x07, 0x07, 0x07, 0x07, 0x07, 0x0a, 0x06, 0x04, 0x04, 0x03, 0x10, 0x12, 0x0d, 0x0d, 0x0d, 0x0d, 0x0a, 0x0a, 0x0b, 0x0c, 0x0f, 0x0f, 0x0f, 0x0c, 0x04, 0x02, 0x12, 0x16, 0x13, 0x03, 0x04, 0x04, 0x08, 0x0c, 0x0c, 0x0c, 0x0c, 0x07, 0x07, 0x09, 0x08, 0x08, 0x07, 0x09, 0x08, 0x07, 0x04, 0x02, 0x02, 0x02, 0x15, 0x19, 0x18, 0x18, 0x18, 0x13, 0x26, 0x2b, 0x2a, 0x26, 0x00,
  0x00, 0x25, 0x2a, 0x29, 0x29, 0x2b, 0x2b, 0x2d, 0x2d, 0x2d, 0x28, 0x1f, 0x1f, 0x1f, 0x02, 0x01, 0x02, 0x0f, 0x0c, 0x0b, 0x06, 0x03, 0x03, 0x03, 0x03, 0x03, 0x03, 0x03, 0x07, 0x07, 0x07, 0x07, 0x07, 0x04, 0x0a, 0x0c, 0x0e, 0x0c, 0x02, 0x11, 0x13, 0x13, 0x18, 0x17, 0x16, 0x16, 0x16, 0x14, 0x02, 0x03, 0x05, 0x05, 0x05, 0x07, 0x07, 0x07, 0x07, 0x07, 0x08, 0x0b, 0x07, 0x0a, 0x03, 0x12, 0x12, 0x0d, 0x0d, 0x0d, 0x0d, 0x0d, 0x0d, 0x0a, 0x0c, 0x0c, 0x0f, 0x0f, 0x0e, 0x03, 0x11, 0x14, 0x16, 0x13, 0x03, 0x0a, 0x06, 0x05, 0x05, 0x0c, 0x0b, 0x0b, 0x0b, 0x07, 0x0b, 0x0b, 0x09, 0x09, 0x05, 0x09, 0x09, 0x04, 0x02, 0x02, 0x12, 0x15, 0x17, 0x17, 0x17, 0x18, 0x15, 0x26, 0x2c, 0x2a, 0x26, 0x00,
  0x00, 0x25, 0x2b, 0x29, 0x29, 0x29, 0x2c, 0x25, 0x23, 0x23, 0x23, 0x01, 0x01, 0x01, 0x02, 0x02, 0x04, 0x0c, 0x08, 0x05, 0x11, 0x12, 0x12, 0x12, 0x12, 0x12, 0x13, 0x11, 0x03, 0x0b, 0x07, 0x06, 0x04, 0x0a, 0x0a, 0x0a, 0x0c, 0x0e, 0x0a, 0x02, 0x02, 0x12, 0x16, 0x16, 0x17, 0x16, 0x16, 0x14, 0x03, 0x03, 0x05, 0x05, 0x05, 0x05, 0x09, 0x05, 0x07, 0x07, 0x06, 0x0b, 0x07, 0x07, 0x06, 0x10, 0x12, 0x0d, 0x0d, 0x0d, 0x0d, 0x0d, 0x0d, 0x0d, 0x0d, 0x0a, 0x10, 0x10, 0x0f, 0x11, 0x14, 0x15, 0x15, 0x14, 0x03, 0x02, 0x04, 0x05, 0x0b, 0x0b, 0x08, 0x0a, 0x0a, 0x0b, 0x07, 0x07, 0x05, 0x09, 0x09, 0x09, 0x07, 0x07, 0x03, 0x03, 0x16, 0x17, 0x16, 0x17, 0x18, 0x18, 0x15, 0x26, 0x2c, 0x2a, 0x26, 0x00,
  0x00, 0x25, 0x2a, 0x29, 0x2a, 0x29, 0x23, 0x10, 0x01, 0x02, 0x03, 0x11, 0x10, 0x0b, 0x03, 0x03, 0x02, 0x03, 0x0b, 0x03, 0x14, 0x1e, 0x19, 0x1e, 0x19, 0x18, 0x18, 0x12, 0x03, 0x09, 0x09, 0x04, 0x04, 0x0d, 0x0d, 0x0d, 0x0a, 0x0e, 0x0b, 0x02, 0x10, 0x18, 0x17, 0x17, 0x17, 0x16, 0x16, 0x14, 0x03, 0x08, 0x08, 0x08, 0x08, 0x09, 0x09, 0x07, 0x07, 0x04, 0x07, 0x07, 0x07, 0x06, 0x0b, 0x06, 0x0a, 0x0d, 0x0d, 0x0d, 0x0d, 0x0d, 0x0d, 0x0d, 0x0d, 0x0d, 0x10, 0x11, 0x13, 0x18, 0x16, 0x15, 0x16, 0x14, 0x04, 0x04, 0x04, 0x07, 0x0b, 0x07, 0x07, 0x06, 0x0a, 0x0b, 0x07, 0x07, 0x08, 0x0b, 0x07, 0x0b, 0x0b, 0x07, 0x03, 0x06, 0x15, 0x17, 0x16, 0x16, 0x18, 0x19, 0x18, 0x26, 0x2c, 0x2c, 0x27, 0x00,
  0x00, 0x25, 0x2b, 0x29, 0x2a, 0x2a, 0x14, 0x07, 0x10, 0x10, 0x10, 0x0f, 0x0c, 0x05, 0x03, 0x04, 0x02, 0x02, 0x05, 0x11, 0x17, 0x19, 0x19, 0x18, 0x17, 0x17, 0x11, 0x03, 0x0b, 0x07, 0x07, 0x0a, 0x0a, 0x0d, 0x0d, 0x0d, 0x0a, 0x08, 0x08, 0x03, 0x13, 0x16, 0x16, 0x15, 0x16, 0x16, 0x16, 0x16, 0x12, 0x10, 0x0e, 0x0c, 0x0b, 0x04, 0x07, 0x07, 0x08, 0x06, 0x07, 0x07, 0x07, 0x07, 0x07, 0x0c, 0x0a, 0x0a, 0x0d, 0x0d, 0x0d, 0x0d, 0x0d, 0x0d, 0x0d, 0x0d, 0x10, 0x13, 0x1e, 0x18, 0x16, 0x15, 0x16, 0x13, 0x03, 0x0b, 0x07, 0x07, 0x08, 0x07, 0x04, 0x07, 0x07, 0x04, 0x07, 0x07, 0x07, 0x09, 0x0a, 0x0b, 0x0c, 0x0c, 0x0b, 0x03, 0x14, 0x16, 0x15, 0x16, 0x17, 0x19, 0x18, 0x26, 0x2c, 0x2c, 0x27, 0x00,
  0x00, 0x25, 0x2a, 0x2a, 0x2a, 0x2a, 0x25, 0x12, 0x02, 0x10, 0x0e, 0x0e, 0x0c, 0x0a, 0x02, 0x02, 0x02, 0x04, 0x14, 0x17, 0x11, 0x11, 0x11, 0x11, 0x0f, 0x0f, 0x06, 0x03, 0x07, 0x07, 0x07, 0x0a, 0x0d, 0x0d, 0x0d, 0x0d, 0x0d, 0x0a, 0x03, 0x11, 0x14, 0x15, 0x15, 0x15, 0x16, 0x16, 0x16, 0x18, 0x1e, 0x12, 0x0e, 0x08, 0x07, 0x07, 0x07, 0x07, 0x08, 0x0b, 0x0b, 0x0b, 0x0b, 0x0b, 0x0b, 0x0b, 0x0c, 0x0a, 0x0a, 0x0d, 0x0d, 0x0d, 0x0d, 0x0d, 0x0d, 0x14, 0x17, 0x18, 0x18, 0x18, 0x18, 0x15, 0x16, 0x12, 0x04, 0x0c, 0x0c, 0x0b, 0x0b, 0x08, 0x0b, 0x0b, 0x07, 0x04, 0x07, 0x07, 0x07, 0x07, 0x06, 0x0c, 0x0e, 0x0f, 0x10, 0x11, 0x14, 0x16, 0x15, 0x15, 0x17, 0x18, 0x18, 0x26, 0x2c, 0x2c, 0x27, 0x00,
  0x00, 0x00, 0x27, 0x2a, 0x2a, 0x2a, 0x2a, 0x26, 0x1e, 0x02, 0x11, 0x0c, 0x0b, 0x04, 0x02, 0x02, 0x02, 0x03, 0x11, 0x11, 0x05, 0x05, 0x0e, 0x07, 0x06, 0x05, 0x05, 0x04, 0x07, 0x07, 0x0b, 0x0a, 0x0d, 0x0d, 0x0d, 0x0d, 0x0d, 0x0a, 0x03, 0x12, 0x17, 0x16, 0x15, 0x15, 0x15, 0x16, 0x18, 0x18, 0x18, 0x18, 0x11, 0x05, 0x0b, 0x07, 0x09, 0x07, 0x09, 0x07, 0x07, 0x07, 0x07, 0x08, 0x0a, 0x0b, 0x0b, 0x0b, 0x0b, 0x0a, 0x0a, 0x0a, 0x12, 0x14, 0x14, 0x14, 0x15, 0x17, 0x18, 0x18, 0x18, 0x16, 0x16, 0x13, 0x03, 0x0c, 0x0c, 0x0a, 0x0a, 0x08, 0x07, 0x07, 0x0c, 0x07, 0x07, 0x07, 0x06, 0x07, 0x0e, 0x0c, 0x0f, 0x0e, 0x11, 0x17, 0x15, 0x16, 0x16, 0x15, 0x16, 0x17, 0x16, 0x26, 0x2c, 0x2d, 0x27, 0x00,
  0x00, 0x00, 0x28, 0x2a, 0x2a, 0x2a, 0x2a, 0x2d, 0x27, 0x1e, 0x02, 0x10, 0x03, 0x03, 0x02, 0x02, 0x03, 0x03, 0x03, 0x03, 0x05, 0x07, 0x07, 0x07, 0x0c, 0x08, 0x09, 0x07, 0x07, 0x09, 0x07, 0x0a, 0x0d, 0x0d, 0x0d, 0x0d, 0x0d, 0x0a, 0x03, 0x11, 0x17, 0x17, 0x16, 0x15, 0x15, 0x16, 0x17, 0x18, 0x18, 0x19, 0x17, 0x12, 0x03, 0x08, 0x0b, 0x07, 0x07, 0x04, 0x06, 0x07, 0x07, 0x0a, 0x0b, 0x0b, 0x0b, 0x0c, 0x03, 0x12, 0x14, 0x13, 0x15, 0x18, 0x15, 0x14, 0x14, 0x17, 0x19, 0x1e, 0x1e, 0x19, 0x13, 0x10, 0x06, 0x0b, 0x07, 0x07, 0x07, 0x07, 0x04, 0x07, 0x07, 0x07, 0x07, 0x07, 0x06, 0x09, 0x0c, 0x0c, 0x0c, 0x0e, 0x11, 0x19, 0x17, 0x16, 0x15, 0x15, 0x16, 0x15, 0x13, 0x26, 0x2d, 0x27, 0x23, 0x00,
  0x00, 0x00, 0x28, 0x2a, 0x2a, 0x2a, 0x2c, 0x2a, 0x2d, 0x25, 0x17, 0x02, 0x02, 0x02, 0x02, 0x03, 0x0c, 0x0b, 0x06, 0x06, 0x07, 0x04, 0x03, 0x09, 0x0b, 0x07, 0x0b, 0x07, 0x07, 0x07, 0x07, 0x0a, 0x0d, 0x0d, 0x0d, 0x0d, 0x0d, 0x0a, 0x04, 0x0f, 0x17, 0x18, 0x16, 0x15, 0x15, 0x17, 0x17, 0x17, 0x18, 0x18, 0x19, 0x13, 0x02, 0x09, 0x0b, 0x09, 0x07, 0x0b, 0x07, 0x07, 0x07, 0x07, 0x07, 0x07, 0x09, 0x0c, 0x12, 0x17, 0x1e, 0x1e, 0x1e, 0x16, 0x14, 0x12, 0x12, 0x13, 0x13, 0x13, 0x14, 0x14, 0x10, 0x03, 0x0b, 0x07, 0x07, 0x0b, 0x0b, 0x0b, 0x09, 0x0b, 0x0b, 0x0b, 0x0b, 0x0b, 0x0b, 0x0b, 0x0b, 0x0c, 0x0f, 0x0e, 0x12, 0x1e, 0x18, 0x18, 0x16, 0x16, 0x15, 0x15, 0x21, 0x27, 0x2d, 0x25, 0x00, 0x00,
  0x00, 0x00, 0x28, 0x2a, 0x2a, 0x2c, 0x28, 0x2c, 0x2a, 0x2d, 0x26, 0x10, 0x02, 0x02, 0x0a, 0x08, 0x0c, 0x0c, 0x0b, 0x07, 0x04, 0x03, 0x06, 0x0b, 0x0a, 0x09, 0x09, 0x08, 0x08, 0x07, 0x07, 0x0a, 0x0d, 0x0d, 0x0d, 0x0d, 0x0d, 0x0a, 0x0b, 0x0f, 0x16, 0x17, 0x16, 0x16, 0x17, 0x18, 0x18, 0x18, 0x18, 0x17, 0x17, 0x13, 0x08, 0x06, 0x07, 0x07, 0x08, 0x07, 0x07, 0x0b, 0x07, 0x07, 0x07, 0x07, 0x07, 0x0f, 0x14, 0x15, 0x15, 0x15, 0x15, 0x16, 0x16, 0x11, 0x02, 0x03, 0x03, 0x03, 0x05, 0x03, 0x07, 0x0c, 0x0b, 0x07, 0x0b, 0x0b, 0x0a, 0x0b, 0x0c, 0x0b, 0x0c, 0x0c, 0x08, 0x0c, 0x0c, 0x0b, 0x0b, 0x0c, 0x10, 0x0e, 0x13, 0x1e, 0x18, 0x18, 0x18, 0x16, 0x15, 0x16, 0x27, 0x2a, 0x2c, 0x26, 0x00, 0x00,
  0x00, 0x00, 0x28, 0x2a, 0x2a, 0x2c, 0x1f, 0x26, 0x2c, 0x2a, 0x2a, 0x27, 0x12, 0x02, 0x0a, 0x0f, 0x0e, 0x0c, 0x09, 0x07, 0x04, 0x04, 0x04, 0x06, 0x04, 0x08, 0x05, 0x05, 0x0b, 0x0b, 0x07, 0x0a, 0x0a, 0x0d, 0x0d, 0x0d, 0x0d, 0x0a, 0x0a, 0x0e, 0x14, 0x17, 0x15, 0x16, 0x18, 0x18, 0x18, 0x18, 0x17, 0x16, 0x15, 0x17, 0x14, 0x03, 0x07, 0x07, 0x0b, 0x07, 0x04, 0x07, 0x07, 0x07, 0x07, 0x07, 0x07, 0x06, 0x03, 0x05, 0x0e, 0x05, 0x11, 0x17, 0x14, 0x17, 0x11, 0x0c, 0x0c, 0x0b, 0x0c, 0x0c, 0x0c, 0x0e, 0x0b, 0x0a, 0x0a, 0x06, 0x0b, 0x0b, 0x0c, 0x0b, 0x0a, 0x0c, 0x0b, 0x0b, 0x0b, 0x0b, 0x0a, 0x06, 0x0f, 0x11, 0x13, 0x19, 0x18, 0x18, 0x18, 0x17, 0x15, 0x15, 0x27, 0x2a, 0x2a, 0x25, 0x00, 0x00,
  0x00, 0x00, 0x28, 0x2c, 0x2b, 0x2c, 0x21, 0x18, 0x26, 0x2c, 0x29, 0x29, 0x28, 0x12, 0x02, 0x11, 0x10, 0x0f, 0x07, 0x06, 0x07, 0x09, 0x0b, 0x0b, 0x07, 0x06, 0x08, 0x05, 0x0e, 0x08, 0x07, 0x06, 0x04, 0x0a, 0x0a, 0x0d, 0x0d, 0x0a, 0x0b, 0x03, 0x12, 0x17, 0x15, 0x17, 0x18, 0x18, 0x17, 0x17, 0x16, 0x15, 0x16, 0x17, 0x14, 0x05, 0x07, 0x06, 0x08, 0x07, 0x09, 0x07, 0x07, 0x07, 0x07, 0x07, 0x07, 0x07, 0x09, 0x0c, 0x0f, 0x0b, 0x0c, 0x0f, 0x0e, 0x14, 0x17, 0x16, 0x13, 0x03, 0x0c, 0x05, 0x14, 0x13, 0x03, 0x0a, 0x04, 0x07, 0x0b, 0x0c, 0x0b, 0x0a, 0x0d, 0x0a, 0x0a, 0x0b, 0x0b, 0x0b, 0x0a, 0x04, 0x05, 0x13, 0x1e, 0x18, 0x18, 0x18, 0x18, 0x18, 0x15, 0x15, 0x27, 0x2a, 0x2a, 0x25, 0x00, 0x00,
  0x00, 0x00, 0x28, 0x2c, 0x2c, 0x2c, 0x21, 0x19, 0x1e, 0x25, 0x2b, 0x29, 0x29, 0x27, 0x1e, 0x01, 0x0f, 0x11, 0x0a, 0x04, 0x09, 0x09, 0x06, 0x05, 0x03, 0x03, 0x06, 0x08, 0x0c, 0x0b, 0x0b, 0x06, 0x0a, 0x0b, 0x0a, 0x0a, 0x0a, 0x0a, 0x0c, 0x0a, 0x0c, 0x12, 0x18, 0x18, 0x18, 0x18, 0x18, 0x17, 0x15, 0x16, 0x11, 0x06, 0x10, 0x07, 0x07, 0x07, 0x08, 0x0b, 0x0b, 0x07, 0x07, 0x07, 0x0b, 0x0b, 0x0b, 0x06, 0x05, 0x08, 0x0e, 0x0c, 0x0a, 0x0a, 0x06, 0x14, 0x19, 0x18, 0x16, 0x14, 0x06, 0x02, 0x13, 0x17, 0x13, 0x03, 0x0a, 0x0b, 0x0b, 0x0b, 0x0a, 0x0d, 0x0d, 0x0d, 0x0d, 0x0a, 0x08, 0x08, 0x04, 0x04, 0x02, 0x12, 0x19, 0x19, 0x18, 0x18, 0x18, 0x18, 0x16, 0x16, 0x27, 0x2a, 0x2a, 0x25, 0x00, 0x00,
  0x00, 0x00, 0x00, 0x27, 0x2c, 0x2c, 0x1e, 0x18, 0x15, 0x1e, 0x25, 0x2b, 0x29, 0x2c, 0x26, 0x25, 0x1e, 0x01, 0x0b, 0x04, 0x07, 0x05, 0x06, 0x03, 0x06, 0x06, 0x04, 0x04, 0x06, 0x07, 0x07, 0x07, 0x0b, 0x09, 0x08, 0x07, 0x07, 0x07, 0x07, 0x07, 0x04, 0x0c, 0x12, 0x18, 0x19, 0x19, 0x18, 0x16, 0x15, 0x15, 0x13, 0x11, 0x03, 0x07, 0x07, 0x0b, 0x09, 0x08, 0x07, 0x08, 0x08, 0x07, 0x08, 0x07, 0x07, 0x06, 0x09, 0x08, 0x07, 0x07, 0x07, 0x0a, 0x06, 0x11, 0x15, 0x18, 0x18, 0x17, 0x12, 0x12, 0x15, 0x18, 0x17, 0x13, 0x0f, 0x0b, 0x09, 0x09, 0x0d, 0x0d, 0x0d, 0x0d, 0x0d, 0x0a, 0x0a, 0x05, 0x04, 0x02, 0x10, 0x14, 0x18, 0x18, 0x18, 0x18, 0x18, 0x19, 0x15, 0x13, 0x27, 0x2a, 0x2b, 0x25, 0x00, 0x00,
  0x00, 0x00, 0x00, 0x00, 0x2a, 0x2c, 0x26, 0x1f, 0x15, 0x13, 0x1e, 0x25, 0x27, 0x2c, 0x2d, 0x2d, 0x25, 0x1f, 0x02, 0x03, 0x0b, 0x04, 0x06, 0x06, 0x06, 0x04, 0x03, 0x03, 0x06, 0x06, 0x06, 0x07, 0x07, 0x07, 0x07, 0x07, 0x07, 0x07, 0x04, 0x04, 0x08, 0x06, 0x05, 0x13, 0x14, 0x14, 0x16, 0x18, 0x15, 0x15, 0x17, 0x14, 0x03, 0x04, 0x04, 0x04, 0x04, 0x07, 0x07, 0x07, 0x07, 0x04, 0x03, 0x0b, 0x0b, 0x07, 0x0b, 0x0b, 0x04, 0x07, 0x07, 0x04, 0x0a, 0x03, 0x13, 0x1e, 0x18, 0x18, 0x18, 0x18, 0x18, 0x16, 0x15, 0x16, 0x0f, 0x07, 0x0b, 0x09, 0x0d, 0x0d, 0x0d, 0x0d, 0x0d, 0x0d, 0x0a, 0x08, 0x04, 0x02, 0x12, 0x16, 0x15, 0x18, 0x18, 0x18, 0x19, 0x18, 0x1e, 0x21, 0x27, 0x2a, 0x25, 0x23, 0x00, 0x00,
  0x00, 0x00, 0x00, 0x26, 0x2c, 0x2a, 0x2d, 0x21, 0x13, 0x17, 0x13, 0x13, 0x17, 0x26, 0x2c, 0x2a, 0x2d, 0x2a, 0x14, 0x08, 0x07, 0x04, 0x06, 0x06, 0x06, 0x05, 0x06, 0x03, 0x06, 0x06, 0x06, 0x06, 0x06, 0x07, 0x04, 0x07, 0x04, 0x04, 0x05, 0x05, 0x07, 0x07, 0x0c, 0x05, 0x05, 0x03, 0x11, 0x13, 0x15, 0x15, 0x17, 0x13, 0x02, 0x02, 0x02, 0x04, 0x0a, 0x07, 0x07, 0x07, 0x07, 0x07, 0x07, 0x0b, 0x07, 0x07, 0x0a, 0x0b, 0x0b, 0x04, 0x07, 0x04, 0x0a, 0x06, 0x12, 0x16, 0x18, 0x18, 0x18, 0x18, 0x16, 0x16, 0x15, 0x14, 0x10, 0x0a, 0x0b, 0x0b, 0x0a, 0x0d, 0x0d, 0x0d, 0x0d, 0x0d, 0x04, 0x08, 0x04, 0x03, 0x12, 0x16, 0x15, 0x18, 0x18, 0x19, 0x19, 0x15, 0x21, 0x2c, 0x29, 0x29, 0x00, 0x00, 0x00, 0x00,
  0x00, 0x00, 0x00, 0x00, 0x2a, 0x2a, 0x2a, 0x1f, 0x13, 0x15, 0x15, 0x14, 0x03, 0x10, 0x26, 0x2d, 0x2a, 0x29, 0x2a, 0x17, 0x02, 0x0a, 0x02, 0x03, 0x03, 0x05, 0x05, 0x06, 0x06, 0x06, 0x06, 0x06, 0x06, 0x07, 0x07, 0x07, 0x07, 0x07, 0x06, 0x07, 0x08, 0x09, 0x07, 0x07, 0x0b, 0x0b, 0x03, 0x06, 0x16, 0x17, 0x17, 0x14, 0x12, 0x10, 0x04, 0x0b, 0x0a, 0x08, 0x07, 0x03, 0x07, 0x07, 0x07, 0x07, 0x07, 0x07, 0x07, 0x07, 0x07, 0x07, 0x0b, 0x0b, 0x0b, 0x0c, 0x03, 0x11, 0x17, 0x18, 0x18, 0x18, 0x17, 0x16, 0x16, 0x16, 0x10, 0x04, 0x0a, 0x0a, 0x0d, 0x0d, 0x0d, 0x0d, 0x0d, 0x0d, 0x0a, 0x0c, 0x0e, 0x14, 0x14, 0x15, 0x16, 0x18, 0x18, 0x18, 0x19, 0x15, 0x21, 0x2a, 0x29, 0x28, 0x25, 0x00, 0x00, 0x00,
  0x00, 0x00, 0x00, 0x26, 0x2a, 0x2a, 0x2a, 0x1f, 0x15, 0x16, 0x15, 0x16, 0x11, 0x0e, 0x14, 0x27, 0x2d, 0x29, 0x29, 0x28, 0x1f, 0x01, 0x0a, 0x0c, 0x0b, 0x06, 0x06, 0x06, 0x06, 0x06, 0x06, 0x06, 0x06, 0x07, 0x07, 0x07, 0x07, 0x07, 0x07, 0x07, 0x09, 0x05, 0x05, 0x07, 0x08, 0x08, 0x04, 0x0f, 0x14, 0x17, 0x15, 0x15, 0x14, 0x14, 0x12, 0x03, 0x03, 0x03, 0x10, 0x12, 0x06, 0x09, 0x07, 0x07, 0x07, 0x07, 0x09, 0x09, 0x04, 0x07, 0x0b, 0x0c, 0x07, 0x0b, 0x03, 0x12, 0x17, 0x16, 0x17, 0x18, 0x17, 0x16, 0x16, 0x16, 0x14, 0x10, 0x04, 0x0a, 0x0d, 0x0d, 0x0d, 0x0d, 0x0d, 0x0d, 0x0a, 0x0e, 0x0f, 0x15, 0x16, 0x15, 0x16, 0x18, 0x18, 0x18, 0x19, 0x15, 0x1f, 0x2a, 0x2a, 0x28, 0x25, 0x00, 0x00, 0x00,
  0x00, 0x00, 0x00, 0x00, 0x23, 0x29, 0x2b, 0x1e, 0x13, 0x18, 0x18, 0x18, 0x14, 0x12, 0x05, 0x17, 0x23, 0x2d, 0x29, 0x2b, 0x26, 0x23, 0x03, 0x01, 0x10, 0x0b, 0x07, 0x07, 0x06, 0x06, 0x06, 0x09, 0x0b, 0x07, 0x07, 0x07, 0x07, 0x07, 0x07, 0x07, 0x05, 0x08, 0x08, 0x06, 0x0c, 0x07, 0x07, 0x0c, 0x14, 0x16, 0x15, 0x14, 0x14, 0x14, 0x14, 0x14, 0x14, 0x14, 0x14, 0x11, 0x06, 0x07, 0x07, 0x07, 0x09, 0x09, 0x07, 0x09, 0x07, 0x07, 0x06, 0x07, 0x07, 0x0b, 0x02, 0x12, 0x17, 0x16, 0x17, 0x18, 0x16, 0x16, 0x16, 0x15, 0x17, 0x11, 0x07, 0x0a, 0x0d, 0x0d, 0x0d, 0x0d, 0x0d, 0x0a, 0x0c, 0x10, 0x12, 0x15, 0x18, 0x16, 0x16, 0x16, 0x16, 0x18, 0x18, 0x15, 0x21, 0x2c, 0x2a, 0x28, 0x00, 0x00, 0x00, 0x00,
  0x00, 0x00, 0x00, 0x00, 0x00, 0x27, 0x2a, 0x26, 0x21, 0x13, 0x18, 0x18, 0x1e, 0x12, 0x10, 0x03, 0x11, 0x1f, 0x27, 0x2b, 0x2b, 0x2a, 0x25, 0x23, 0x03, 0x0e, 0x10, 0x0c, 0x04, 0x06, 0x07, 0x09, 0x07, 0x07, 0x07, 0x07, 0x07, 0x07, 0x07, 0x07, 0x07, 0x07, 0x07, 0x0b, 0x08, 0x07, 0x0b, 0x07, 0x10, 0x14, 0x16, 0x12, 0x12, 0x0d, 0x0d, 0x0d, 0x12, 0x14, 0x12, 0x03, 0x0b, 0x08, 0x05, 0x08, 0x07, 0x07, 0x07, 0x07, 0x07, 0x07, 0x07, 0x07, 0x07, 0x07, 0x10, 0x14, 0x18, 0x15, 0x16, 0x18, 0x18, 0x18, 0x16, 0x16, 0x16, 0x11, 0x04, 0x0a, 0x0d, 0x0d, 0x0d, 0x0d, 0x0a, 0x0c, 0x0e, 0x11, 0x15, 0x18, 0x18, 0x16, 0x16, 0x16, 0x16, 0x18, 0x18, 0x15, 0x21, 0x2c, 0x2a, 0x2a, 0x26, 0x00, 0x00, 0x00,
  0x00, 0x00, 0x00, 0x00, 0x00, 0x27, 0x29, 0x2d, 0x23, 0x13, 0x18, 0x18, 0x19, 0x11, 0x0e, 0x10, 0x03, 0x01, 0x1f, 0x26, 0x29, 0x2a, 0x2d, 0x2c, 0x23, 0x11, 0x02, 0x02, 0x0c, 0x09, 0x07, 0x07, 0x07, 0x07, 0x07, 0x05, 0x07, 0x07, 0x07, 0x07, 0x07, 0x07, 0x07, 0x07, 0x07, 0x07, 0x07, 0x07, 0x03, 0x12, 0x12, 0x10, 0x0d, 0x0d, 0x0d, 0x0d, 0x0d, 0x0a, 0x05, 0x08, 0x05, 0x09, 0x05, 0x07, 0x07, 0x07, 0x07, 0x07, 0x07, 0x07, 0x07, 0x07, 0x09, 0x03, 0x13, 0x1e, 0x18, 0x16, 0x15, 0x16, 0x18, 0x18, 0x17, 0x15, 0x17, 0x11, 0x03, 0x0a, 0x0d, 0x0d, 0x0a, 0x0a, 0x0a, 0x0c, 0x0f, 0x11, 0x19, 0x19, 0x18, 0x18, 0x16, 0x16, 0x16, 0x18, 0x15, 0x1e, 0x23, 0x2c, 0x2a, 0x26, 0x00, 0x00, 0x00, 0x00,
  0x00, 0x00, 0x00, 0x00, 0x00, 0x27, 0x29, 0x2b, 0x23, 0x13, 0x19, 0x18, 0x19, 0x13, 0x11, 0x0e, 0x04, 0x02, 0x11, 0x14, 0x23, 0x27, 0x2a, 0x2c, 0x2d, 0x23, 0x1f, 0x1e, 0x02, 0x03, 0x07, 0x07, 0x07, 0x07, 0x07, 0x07, 0x07, 0x05, 0x07, 0x07, 0x07, 0x05, 0x07, 0x07, 0x07, 0x0b, 0x07, 0x0b, 0x0c, 0x03, 0x02, 0x02, 0x0d, 0x0d, 0x0d, 0x0d, 0x0d, 0x0b, 0x0c, 0x08, 0x0b, 0x08, 0x05, 0x07, 0x07, 0x07, 0x07, 0x07, 0x07, 0x06, 0x0a, 0x07, 0x0b, 0x03, 0x13, 0x19, 0x18, 0x17, 0x16, 0x16, 0x18, 0x18, 0x18, 0x18, 0x14, 0x0f, 0x07, 0x0a, 0x0a, 0x02, 0x04, 0x04, 0x0a, 0x04, 0x0f, 0x15, 0x19, 0x19, 0x18, 0x18, 0x16, 0x16, 0x16, 0x18, 0x13, 0x23, 0x2d, 0x2c, 0x27, 0x00, 0x00, 0x00, 0x00, 0x00,
  0x00, 0x00, 0x00, 0x00, 0x00, 0x27, 0x29, 0x2c, 0x23, 0x13, 0x19, 0x18, 0x18, 0x19, 0x12, 0x05, 0x04, 0x02, 0x04, 0x14, 0x11, 0x23, 0x2c, 0x2a, 0x2a, 0x2c, 0x2d, 0x25, 0x0a, 0x12, 0x0c, 0x09, 0x04, 0x04, 0x07, 0x07, 0x07, 0x07, 0x07, 0x07, 0x07, 0x07, 0x07, 0x07, 0x08, 0x08, 0x0b, 0x0a, 0x07, 0x04, 0x0a, 0x02, 0x0a, 0x0a, 0x0a, 0x0a, 0x0a, 0x0a, 0x0a, 0x0b, 0x07, 0x07, 0x09, 0x0a, 0x07, 0x07, 0x07, 0x08, 0x07, 0x06, 0x0b, 0x07, 0x0b, 0x03, 0x13, 0x19, 0x18, 0x18, 0x17, 0x18, 0x18, 0x18, 0x18, 0x1e, 0x11, 0x03, 0x0b, 0x0a, 0x0a, 0x04, 0x04, 0x04, 0x03, 0x05, 0x12, 0x18, 0x17, 0x18, 0x18, 0x18, 0x18, 0x18, 0x18, 0x18, 0x13, 0x23, 0x2c, 0x2c, 0x28, 0x00, 0x00, 0x00, 0x00, 0x00,
  0x00, 0x00, 0x00, 0x00, 0x00, 0x00, 0x28, 0x2d, 0x23, 0x15, 0x19, 0x18, 0x18, 0x18, 0x12, 0x02, 0x02, 0x04, 0x02, 0x12, 0x17, 0x1e, 0x1e, 0x21, 0x2d, 0x2a, 0x29, 0x29, 0x29, 0x26, 0x02, 0x02, 0x04, 0x0b, 0x05, 0x07, 0x08, 0x08, 0x09, 0x07, 0x05, 0x07, 0x07, 0x07, 0x0b, 0x07, 0x0b, 0x0b, 0x0b, 0x04, 0x04, 0x04, 0x0b, 0x0b, 0x0c, 0x0f, 0x0c, 0x0a, 0x0a, 0x0b, 0x04, 0x07, 0x04, 0x07, 0x07, 0x07, 0x07, 0x08, 0x07, 0x08, 0x0b, 0x0c, 0x03, 0x12, 0x17, 0x18, 0x18, 0x18, 0x17, 0x18, 0x18, 0x18, 0x19, 0x18, 0x11, 0x05, 0x08, 0x04, 0x03, 0x04, 0x02, 0x04, 0x02, 0x11, 0x17, 0x16, 0x17, 0x18, 0x18, 0x18, 0x17, 0x16, 0x16, 0x18, 0x13, 0x23, 0x2c, 0x2a, 0x27, 0x00, 0x00, 0x00, 0x00, 0x00,
  0x00, 0x00, 0x00, 0x00, 0x00, 0x00, 0x28, 0x2d, 0x23, 0x13, 0x19, 0x18, 0x18, 0x19, 0x12, 0x02, 0x02, 0x02, 0x02, 0x05, 0x13, 0x1e, 0x19, 0x1e, 0x21, 0x27, 0x2d, 0x29, 0x29, 0x29, 0x25, 0x25, 0x12, 0x01, 0x10, 0x0b, 0x0e, 0x0e, 0x0e, 0x0c, 0x08, 0x06, 0x07, 0x07, 0x04, 0x07, 0x07, 0x0b, 0x0b, 0x07, 0x07, 0x07, 0x0b, 0x0c, 0x0c, 0x09, 0x0c, 0x0b, 0x0a, 0x0b, 0x0b, 0x0a, 0x0a, 0x05, 0x08, 0x0b, 0x0b, 0x08, 0x0b, 0x0c, 0x0b, 0x06, 0x12, 0x14, 0x17, 0x18, 0x18, 0x18, 0x18, 0x18, 0x18, 0x19, 0x18, 0x11, 0x08, 0x09, 0x05, 0x05, 0x02, 0x03, 0x02, 0x02, 0x02, 0x10, 0x16, 0x16, 0x17, 0x18, 0x18, 0x18, 0x17, 0x15, 0x15, 0x16, 0x11, 0x23, 0x2b, 0x2a, 0x27, 0x00, 0x00, 0x00, 0x00, 0x00,
  0x00, 0x00, 0x00, 0x00, 0x00, 0x00, 0x28, 0x2c, 0x26, 0x21, 0x15, 0x19, 0x18, 0x18, 0x11, 0x02, 0x04, 0x02, 0x04, 0x03, 0x13, 0x1e, 0x19, 0x19, 0x15, 0x21, 0x23, 0x25, 0x2d, 0x2b, 0x2b, 0x2b, 0x25, 0x1f, 0x01, 0x02, 0x0f, 0x0f, 0x0e, 0x08, 0x08, 0x07, 0x04, 0x07, 0x07, 0x08, 0x07, 0x07, 0x07, 0x07, 0x07, 0x07, 0x09, 0x0b, 0x07, 0x0b, 0x0b, 0x0b, 0x0b, 0x0b, 0x0a, 0x0a, 0x0a, 0x0b, 0x0b, 0x0b, 0x09, 0x0c, 0x0b, 0x03, 0x10, 0x12, 0x14, 0x16, 0x16, 0x16, 0x16, 0x18, 0x18, 0x18, 0x18, 0x14, 0x11, 0x05, 0x05, 0x08, 0x05, 0x08, 0x06, 0x06, 0x03, 0x02, 0x10, 0x13, 0x15, 0x15, 0x16, 0x17, 0x18, 0x18, 0x18, 0x16, 0x16, 0x13, 0x21, 0x26, 0x2a, 0x27, 0x23, 0x00, 0x00, 0x00, 0x00, 0x00,
  0x00, 0x00, 0x00, 0x00, 0x00, 0x00, 0x28, 0x2a, 0x2d, 0x25, 0x15, 0x19, 0x18, 0x16, 0x13, 0x0c, 0x02, 0x04, 0x09, 0x0f, 0x11, 0x15, 0x1e, 0x19, 0x19, 0x14, 0x11, 0x1f, 0x25, 0x25, 0x29, 0x29, 0x2d, 0x26, 0x23, 0x1f, 0x02, 0x02, 0x03, 0x0c, 0x09, 0x09, 0x06, 0x0a, 0x06, 0x04, 0x04, 0x07, 0x07, 0x07, 0x04, 0x07, 0x07, 0x07, 0x07, 0x0b, 0x0b, 0x0b, 0x0a, 0x0a, 0x0d, 0x0d, 0x0d, 0x0a, 0x0a, 0x0c, 0x0b, 0x0c, 0x0b, 0x08, 0x12, 0x17, 0x15, 0x16, 0x16, 0x17, 0x17, 0x18, 0x19, 0x19, 0x18, 0x12, 0x03, 0x0c, 0x0e, 0x0e, 0x0c, 0x0c, 0x07, 0x0b, 0x02, 0x0f, 0x14, 0x16, 0x15, 0x15, 0x17, 0x17, 0x17, 0x18, 0x18, 0x17, 0x18, 0x13, 0x25, 0x2c, 0x29, 0x26, 0x00, 0x00, 0x00, 0x00, 0x00, 0x00,
  0x00, 0x00, 0x00, 0x00, 0x00, 0x00, 0x2c, 0x2c, 0x2d, 0x23, 0x13, 0x19, 0x16, 0x15, 0x16, 0x13, 0x07, 0x09, 0x0c, 0x0f, 0x0e, 0x11, 0x18, 0x19, 0x16, 0x17, 0x17, 0x14, 0x11, 0x1e, 0x29, 0x29, 0x29, 0x2a, 0x2d, 0x2a, 0x1e, 0x1e, 0x12, 0x02, 0x03, 0x08, 0x08, 0x07, 0x07, 0x0a, 0x0a, 0x04, 0x04, 0x07, 0x07, 0x07, 0x07, 0x07, 0x08, 0x08, 0x08, 0x07, 0x0a, 0x0d, 0x0d, 0x0d, 0x0d, 0x0d, 0x0a, 0x0c, 0x0b, 0x0c, 0x03, 0x13, 0x1e, 0x16, 0x16, 0x16, 0x17, 0x14, 0x13, 0x13, 0x14, 0x14, 0x12, 0x03, 0x08, 0x08, 0x0c, 0x0f, 0x0f, 0x0f, 0x09, 0x07, 0x0c, 0x13, 0x16, 0x15, 0x15, 0x16, 0x16, 0x17, 0x17, 0x18, 0x18, 0x17, 0x18, 0x13, 0x25, 0x2b, 0x29, 0x27, 0x00, 0x00, 0x00, 0x00, 0x00, 0x00,
  0x00, 0x00, 0x00, 0x00, 0x00, 0x00, 0x27, 0x2a, 0x2d, 0x25, 0x15, 0x18, 0x15, 0x15, 0x15, 0x16, 0x14, 0x05, 0x0f, 0x0e, 0x0f, 0x0e, 0x10, 0x14, 0x16, 0x16, 0x16, 0x15, 0x17, 0x17, 0x15, 0x26, 0x2a, 0x29, 0x2a, 0x2a, 0x2c, 0x2d, 0x1f, 0x04, 0x12, 0x09, 0x0b, 0x05, 0x08, 0x07, 0x04, 0x04, 0x04, 0x08, 0x07, 0x04, 0x07, 0x07, 0x07, 0x07, 0x09, 0x09, 0x0a, 0x0d, 0x0d, 0x0d, 0x0d, 0x0d, 0x0a, 0x08, 0x09, 0x0c, 0x05, 0x13, 0x17, 0x14, 0x14, 0x14, 0x14, 0x12, 0x02, 0x03, 0x03, 0x03, 0x06, 0x09, 0x06, 0x0c, 0x0c, 0x0f, 0x0f, 0x0f, 0x0e, 0x0e, 0x14, 0x15, 0x15, 0x16, 0x15, 0x16, 0x16, 0x16, 0x16, 0x17, 0x17, 0x17, 0x18, 0x13, 0x25, 0x2b, 0x29, 0x27, 0x00, 0x00, 0x00, 0x00, 0x00, 0x00,
  0x00, 0x00, 0x00, 0x00, 0x00, 0x00, 0x00, 0x27, 0x2c, 0x2a, 0x26, 0x15, 0x16, 0x16, 0x18, 0x18, 0x14, 0x0e, 0x0f, 0x0f, 0x0e, 0x0c, 0x02, 0x0f, 0x16, 0x15, 0x16, 0x18, 0x18, 0x16, 0x14, 0x1e, 0x17, 0x23, 0x2d, 0x2c, 0x2c, 0x2c, 0x28, 0x28, 0x25, 0x01, 0x02, 0x04, 0x10, 0x0c, 0x07, 0x07, 0x07, 0x07, 0x07, 0x07, 0x07, 0x07, 0x07, 0x07, 0x09, 0x0b, 0x0a, 0x0d, 0x0d, 0x0d, 0x0d, 0x0a, 0x0a, 0x05, 0x07, 0x0b, 0x0b, 0x0c, 0x0f, 0x0e, 0x0b, 0x06, 0x0a, 0x04, 0x03, 0x04, 0x07, 0x09, 0x08, 0x0b, 0x0b, 0x0b, 0x0c, 0x0f, 0x0f, 0x0f, 0x10, 0x0f, 0x16, 0x17, 0x15, 0x15, 0x15, 0x15, 0x15, 0x15, 0x16, 0x16, 0x18, 0x18, 0x18, 0x25, 0x2a, 0x2a, 0x26, 0x00, 0x00, 0x00, 0x00, 0x00, 0x00, 0x00,
  0x00, 0x00, 0x00, 0x00, 0x00, 0x00, 0x00, 0x26, 0x2c, 0x2c, 0x26, 0x11, 0x14, 0x16, 0x18, 0x18, 0x18, 0x14, 0x0f, 0x0f, 0x0c, 0x06, 0x02, 0x02, 0x04, 0x14, 0x17, 0x18, 0x19, 0x17, 0x15, 0x14, 0x13, 0x1e, 0x21, 0x23, 0x2d, 0x2d, 0x2b, 0x2b, 0x27, 0x25, 0x25, 0x10, 0x01, 0x02, 0x10, 0x0c, 0x07, 0x07, 0x04, 0x04, 0x07, 0x07, 0x07, 0x0b, 0x0b, 0x0b, 0x0b, 0x0a, 0x0a, 0x0d, 0x0a, 0x04, 0x06, 0x04, 0x07, 0x0b, 0x04, 0x05, 0x08, 0x0c, 0x0b, 0x06, 0x07, 0x07, 0x04, 0x04, 0x04, 0x03, 0x08, 0x04, 0x06, 0x04, 0x06, 0x0c, 0x10, 0x0e, 0x11, 0x15, 0x18, 0x17, 0x16, 0x15, 0x15, 0x15, 0x15, 0x16, 0x16, 0x17, 0x18, 0x19, 0x18, 0x26, 0x2c, 0x2a, 0x25, 0x00, 0x00, 0x00, 0x00, 0x00, 0x00, 0x00,
  0x00, 0x00, 0x00, 0x00, 0x00, 0x00, 0x00, 0x26, 0x2c, 0x2a, 0x27, 0x23, 0x16, 0x15, 0x18, 0x18, 0x19, 0x16, 0x0e, 0x0e, 0x0c, 0x04, 0x02, 0x02, 0x02, 0x0b, 0x13, 0x1e, 0x19, 0x16, 0x15, 0x16, 0x17, 0x15, 0x13, 0x19, 0x23, 0x23, 0x27, 0x2c, 0x2b, 0x2b, 0x2b, 0x23, 0x23, 0x1e, 0x01, 0x02, 0x0c, 0x0c, 0x0c, 0x0b, 0x07, 0x07, 0x06, 0x07, 0x0b, 0x0b, 0x0b, 0x0b, 0x0a, 0x0a, 0x0a, 0x04, 0x04, 0x06, 0x07, 0x08, 0x07, 0x07, 0x0b, 0x0e, 0x0c, 0x06, 0x05, 0x07, 0x07, 0x04, 0x03, 0x02, 0x03, 0x04, 0x04, 0x04, 0x04, 0x02, 0x06, 0x11, 0x15, 0x19, 0x18, 0x17, 0x16, 0x15, 0x15, 0x15, 0x15, 0x15, 0x15, 0x16, 0x18, 0x19, 0x13, 0x26, 0x2c, 0x2c, 0x26, 0x00, 0x00, 0x00, 0x00, 0x00, 0x00, 0x00,
  0x00, 0x00, 0x00, 0x00, 0x00, 0x00, 0x00, 0x23, 0x28, 0x29, 0x2b, 0x2a, 0x18, 0x15, 0x18, 0x18, 0x19, 0x18, 0x13, 0x0f, 0x03, 0x04, 0x02, 0x04, 0x0a, 0x02, 0x10, 0x13, 0x15, 0x18, 0x18, 0x18, 0x18, 0x18, 0x19, 0x19, 0x13, 0x11, 0x23, 0x25, 0x25, 0x2b, 0x2b, 0x2b, 0x2d, 0x25, 0x1f, 0x1f, 0x03, 0x03, 0x02, 0x03, 0x0b, 0x0b, 0x07, 0x07, 0x0b, 0x0b, 0x0b, 0x0b, 0x0b, 0x0b, 0x0b, 0x05, 0x07, 0x07, 0x07, 0x08, 0x07, 0x07, 0x07, 0x08, 0x07, 0x07, 0x07, 0x07, 0x07, 0x06, 0x03, 0x02, 0x03, 0x03, 0x04, 0x04, 0x02, 0x10, 0x11, 0x13, 0x1e, 0x18, 0x18, 0x18, 0x17, 0x15, 0x15, 0x16, 0x15, 0x15, 0x15, 0x15, 0x16, 0x1e, 0x23, 0x27, 0x2c, 0x27, 0x25, 0x00, 0x00, 0x00, 0x00, 0x00, 0x00, 0x00,
  0x00, 0x00, 0x00, 0x00, 0x00, 0x00, 0x00, 0x00, 0x28, 0x29, 0x2b, 0x27, 0x16, 0x15, 0x18, 0x19, 0x19, 0x19, 0x1e, 0x11, 0x02, 0x02, 0x04, 0x0a, 0x0a, 0x0c, 0x0e, 0x05, 0x0f, 0x14, 0x18, 0x19, 0x19, 0x19, 0x18, 0x18, 0x18, 0x18, 0x13, 0x11, 0x1f, 0x27, 0x26, 0x29, 0x29, 0x2a, 0x2d, 0x28, 0x14, 0x14, 0x14, 0x12, 0x03, 0x05, 0x0b, 0x0b, 0x0b, 0x0b, 0x0c, 0x0b, 0x0b, 0x0b, 0x0b, 0x07, 0x08, 0x07, 0x07, 0x0b, 0x07, 0x07, 0x07, 0x07, 0x07, 0x07, 0x08, 0x0a, 0x04, 0x03, 0x03, 0x03, 0x04, 0x02, 0x02, 0x02, 0x0c, 0x14, 0x17, 0x17, 0x18, 0x18, 0x18, 0x18, 0x18, 0x17, 0x16, 0x15, 0x15, 0x15, 0x15, 0x15, 0x14, 0x1e, 0x2a, 0x2c, 0x2c, 0x23, 0x00, 0x00, 0x00, 0x00, 0x00, 0x00, 0x00, 0x00,
  0x00, 0x00, 0x00, 0x00, 0x00, 0x00, 0x00, 0x00, 0x27, 0x28, 0x2a, 0x29, 0x1f, 0x18, 0x18, 0x18, 0x19, 0x18, 0x18, 0x17, 0x10, 0x02, 0x04, 0x03, 0x0c, 0x0f, 0x10, 0x10, 0x0f, 0x0e, 0x11, 0x18, 0x1e, 0x19, 0x18, 0x18, 0x18, 0x16, 0x16, 0x16, 0x16, 0x13, 0x13, 0x27, 0x2b, 0x29, 0x2a, 0x2c, 0x2c, 0x2c, 0x2d, 0x23, 0x10, 0x12, 0x10, 0x0c, 0x0c, 0x0c, 0x0b, 0x0b, 0x0b, 0x0b, 0x0b, 0x05, 0x07, 0x05, 0x07, 0x0a, 0x07, 0x07, 0x0a, 0x07, 0x07, 0x07, 0x06, 0x06, 0x04, 0x03, 0x04, 0x02, 0x02, 0x02, 0x02, 0x03, 0x14, 0x14, 0x14, 0x15, 0x16, 0x18, 0x18, 0x18, 0x18, 0x18, 0x16, 0x15, 0x15, 0x15, 0x15, 0x15, 0x14, 0x1e, 0x28, 0x2a, 0x2d, 0x25, 0x00, 0x00, 0x00, 0x00, 0x00, 0x00, 0x00, 0x00,
  0x00, 0x00, 0x00, 0x00, 0x00, 0x00, 0x00, 0x00, 0x00, 0x23, 0x29, 0x2a, 0x2a, 0x21, 0x18, 0x19, 0x19, 0x18, 0x18, 0x17, 0x14, 0x10, 0x02, 0x04, 0x0c, 0x0f, 0x0f, 0x0f, 0x0f, 0x0c, 0x10, 0x11, 0x11, 0x13, 0x17, 0x15, 0x17, 0x17, 0x16, 0x16, 0x16, 0x15, 0x15, 0x1e, 0x25, 0x2c, 0x2a, 0x2a, 0x2c, 0x2a, 0x2c, 0x2a, 0x2a, 0x27, 0x03, 0x02, 0x02, 0x02, 0x0c, 0x0c, 0x0c, 0x0a, 0x0a, 0x05, 0x0b, 0x0c, 0x0c, 0x0c, 0x0c, 0x0b, 0x07, 0x08, 0x0b, 0x0b, 0x04, 0x07, 0x0a, 0x03, 0x04, 0x04, 0x03, 0x02, 0x0c, 0x14, 0x14, 0x15, 0x16, 0x15, 0x15, 0x17, 0x18, 0x18, 0x18, 0x18, 0x17, 0x16, 0x15, 0x15, 0x16, 0x13, 0x1f, 0x27, 0x29, 0x2c, 0x27, 0x26, 0x00, 0x00, 0x00, 0x00, 0x00, 0x00, 0x00, 0x00,
  0x00, 0x00, 0x00, 0x00, 0x00, 0x00, 0x00, 0x00, 0x00, 0x23, 0x28, 0x2b, 0x2a, 0x1e, 0x18, 0x19, 0x18, 0x18, 0x18, 0x18, 0x18, 0x11, 0x02, 0x0c, 0x0c, 0x0f, 0x0f, 0x0f, 0x10, 0x10, 0x10, 0x0f, 0x0c, 0x06, 0x11, 0x17, 0x12, 0x10, 0x14, 0x16, 0x15, 0x16, 0x17, 0x11, 0x25, 0x2d, 0x2c, 0x2d, 0x2d, 0x2d, 0x2d, 0x2c, 0x2c, 0x2a, 0x25, 0x25, 0x26, 0x22, 0x01, 0x01, 0x01, 0x02, 0x0c, 0x10, 0x10, 0x10, 0x0f, 0x0c, 0x0c, 0x0c, 0x0b, 0x0b, 0x0b, 0x0a, 0x0a, 0x0b, 0x0b, 0x02, 0x02, 0x02, 0x12, 0x14, 0x14, 0x14, 0x15, 0x15, 0x16, 0x15, 0x15, 0x15, 0x18, 0x18, 0x18, 0x18, 0x18, 0x18, 0x17, 0x16, 0x17, 0x13, 0x1e, 0x2a, 0x29, 0x2a, 0x23, 0x00, 0x00, 0x00, 0x00, 0x00, 0x00, 0x00, 0x00, 0x00,
  0x00, 0x00, 0x00, 0x00, 0x00, 0x00, 0x00, 0x00, 0x00, 0x23, 0x28, 0x2b, 0x2a, 0x27, 0x21, 0x15, 0x18, 0x17, 0x17, 0x18, 0x18, 0x14, 0x0e, 0x0e, 0x0f, 0x0c, 0x0f, 0x0f, 0x0f, 0x0f, 0x0f, 0x0c, 0x0b, 0x02, 0x0c, 0x17, 0x14, 0x0a, 0x0d, 0x14, 0x17, 0x16, 0x18, 0x15, 0x23, 0x2d, 0x26, 0x1f, 0x23, 0x23, 0x25, 0x2c, 0x2d, 0x2d, 0x2b, 0x2a, 0x2b, 0x26, 0x1f, 0x23, 0x23, 0x0a, 0x01, 0x02, 0x02, 0x02, 0x0b, 0x10, 0x0c, 0x0c, 0x0c, 0x0c, 0x0a, 0x0a, 0x02, 0x02, 0x02, 0x0c, 0x12, 0x11, 0x14, 0x17, 0x16, 0x15, 0x16, 0x16, 0x16, 0x16, 0x15, 0x16, 0x17, 0x18, 0x18, 0x19, 0x18, 0x13, 0x13, 0x13, 0x11, 0x1e, 0x23, 0x29, 0x29, 0x27, 0x25, 0x00, 0x00, 0x00, 0x00, 0x00, 0x00, 0x00, 0x00, 0x00,
  0x00, 0x00, 0x00, 0x00, 0x00, 0x00, 0x00, 0x00, 0x00, 0x00, 0x25, 0x29, 0x2a, 0x2d, 0x23, 0x13, 0x17, 0x17, 0x17, 0x17, 0x17, 0x18, 0x14, 0x0f, 0x0e, 0x0e, 0x0e, 0x0f, 0x0f, 0x0c, 0x08, 0x0b, 0x03, 0x0c, 0x14, 0x17, 0x17, 0x12, 0x0d, 0x0d, 0x14, 0x18, 0x19, 0x15, 0x21, 0x2c, 0x27, 0x23, 0x03, 0x02, 0x12, 0x23, 0x25, 0x25, 0x2a, 0x2b, 0x2a, 0x2b, 0x2d, 0x2b, 0x2d, 0x23, 0x1f, 0x23, 0x21, 0x1f, 0x0f, 0x02, 0x02, 0x02, 0x02, 0x02, 0x02, 0x01, 0x0a, 0x12, 0x11, 0x13, 0x17, 0x14, 0x14, 0x15, 0x15, 0x17, 0x17, 0x17, 0x16, 0x15, 0x14, 0x13, 0x13, 0x15, 0x15, 0x15, 0x1e, 0x23, 0x23, 0x23, 0x21, 0x25, 0x2b, 0x29, 0x28, 0x25, 0x00, 0x00, 0x00, 0x00, 0x00, 0x00, 0x00, 0x00, 0x00, 0x00,
  0x00, 0x00, 0x00, 0x00, 0x00, 0x00, 0x00, 0x00, 0x00, 0x00, 0x00, 0x28, 0x2c, 0x2c, 0x25, 0x1e, 0x15, 0x16, 0x17, 0x18, 0x16, 0x17, 0x19, 0x13, 0x11, 0x0f, 0x0c, 0x0f, 0x0f, 0x0c, 0x0a, 0x04, 0x02, 0x12, 0x16, 0x17, 0x18, 0x14, 0x0d, 0x0d, 0x0d, 0x1e, 0x1e, 0x18, 0x21, 0x2a, 0x2d, 0x2c, 0x12, 0x10, 0x0f, 0x03, 0x01, 0x0a, 0x25, 0x25, 0x25, 0x26, 0x27, 0x29, 0x29, 0x2b, 0x2d, 0x2d, 0x2d, 0x2c, 0x1f, 0x14, 0x17, 0x17, 0x14, 0x14, 0x14, 0x14, 0x14, 0x15, 0x17, 0x18, 0x15, 0x14, 0x14, 0x14, 0x15, 0x17, 0x18, 0x18, 0x15, 0x13, 0x17, 0x1f, 0x1f, 0x1f, 0x21, 0x1f, 0x23, 0x2d, 0x2c, 0x2b, 0x2b, 0x2a, 0x29, 0x29, 0x28, 0x00, 0x00, 0x00, 0x00, 0x00, 0x00, 0x00, 0x00, 0x00, 0x00, 0x00,
  0x00, 0x00, 0x00, 0x00, 0x00, 0x00, 0x00, 0x00, 0x00, 0x00, 0x00, 0x26, 0x2c, 0x2a, 0x2d, 0x25, 0x11, 0x17, 0x16, 0x17, 0x17, 0x18, 0x18, 0x1e, 0x13, 0x0e, 0x0f, 0x0e, 0x0f, 0x04, 0x02, 0x04, 0x10, 0x14, 0x16, 0x18, 0x1e, 0x14, 0x0d, 0x0d, 0x0d, 0x0d, 0x1e, 0x15, 0x23, 0x2c, 0x2a, 0x27, 0x11, 0x0c, 0x0c, 0x0c, 0x07, 0x02, 0x01, 0x01, 0x02, 0x01, 0x1f, 0x2a, 0x28, 0x29, 0x2a, 0x2a, 0x2a, 0x2a, 0x2c, 0x2c, 0x2c, 0x2a, 0x2a, 0x29, 0x28, 0x2c, 0x23, 0x13, 0x1e, 0x19, 0x1e, 0x17, 0x15, 0x16, 0x17, 0x1e, 0x1e, 0x1e, 0x17, 0x13, 0x23, 0x2b, 0x29, 0x2a, 0x2a, 0x2c, 0x2c, 0x2a, 0x2a, 0x29, 0x29, 0x29, 0x29, 0x29, 0x25, 0x00, 0x00, 0x00, 0x00, 0x00, 0x00, 0x00, 0x00, 0x00, 0x00, 0x00,
  0x00, 0x00, 0x00, 0x00, 0x00, 0x00, 0x00, 0x00, 0x00, 0x00, 0x00, 0x00, 0x27, 0x2a, 0x2b, 0x23, 0x13, 0x14, 0x15, 0x16, 0x17, 0x18, 0x18, 0x19, 0x19, 0x11, 0x0e, 0x0c, 0x04, 0x02, 0x02, 0x13, 0x14, 0x15, 0x16, 0x18, 0x1e, 0x0d, 0x0d, 0x0d, 0x0d, 0x0d, 0x1e, 0x15, 0x25, 0x2c, 0x2a, 0x27, 0x10, 0x05, 0x0c, 0x03, 0x02, 0x02, 0x04, 0x02, 0x04, 0x06, 0x10, 0x12, 0x10, 0x25, 0x2d, 0x2c, 0x2c, 0x2c, 0x2d, 0x2c, 0x2a, 0x29, 0x29, 0x29, 0x29, 0x29, 0x27, 0x27, 0x27, 0x27, 0x28, 0x27, 0x27, 0x27, 0x27, 0x27, 0x28, 0x27, 0x27, 0x27, 0x27, 0x29, 0x29, 0x29, 0x29, 0x2a, 0x2c, 0x2c, 0x2c, 0x2a, 0x2a, 0x29, 0x29, 0x26, 0x00, 0x00, 0x00, 0x00, 0x00, 0x00, 0x00, 0x00, 0x00, 0x00, 0x00, 0x00,
  0x00, 0x00, 0x00, 0x00, 0x00, 0x00, 0x00, 0x00, 0x00, 0x00, 0x00, 0x00, 0x1f, 0x26, 0x2a, 0x29, 0x25, 0x14, 0x15, 0x17, 0x18, 0x18, 0x18, 0x18, 0x19, 0x18, 0x11, 0x03, 0x02, 0x03, 0x14, 0x15, 0x17, 0x16, 0x17, 0x18, 0x18, 0x0d, 0x0d, 0x0d, 0x0d, 0x0d, 0x1e, 0x13, 0x23, 0x2b, 0x2a, 0x27, 0x0c, 0x03, 0x0b, 0x03, 0x02, 0x04, 0x07, 0x0b, 0x07, 0x0b, 0x03, 0x02, 0x02, 0x14, 0x1f, 0x1e, 0x1e, 0x1e, 0x1e, 0x27, 0x2d, 0x2c, 0x2c, 0x2c, 0x2c, 0x2c, 0x2d, 0x2d, 0x2a, 0x2a, 0x2a, 0x2a, 0x2a, 0x2a, 0x2a, 0x2c, 0x2a, 0x2a, 0x29, 0x29, 0x29, 0x2b, 0x2b, 0x2b, 0x2b, 0x2d, 0x25, 0x1f, 0x1f, 0x27, 0x2a, 0x2b, 0x25, 0x14, 0x00, 0x00, 0x00, 0x00, 0x00, 0x00, 0x00, 0x00, 0x00, 0x00, 0x00, 0x00,
  0x00, 0x00, 0x00, 0x00, 0x00, 0x00, 0x00, 0x00, 0x00, 0x00, 0x00, 0x00, 0x00, 0x25, 0x2b, 0x2b, 0x26, 0x13, 0x17, 0x18, 0x18, 0x18, 0x18, 0x18, 0x18, 0x19, 0x15, 0x13, 0x12, 0x13, 0x15, 0x16, 0x17, 0x18, 0x18, 0x16, 0x1e, 0x0d, 0x0d, 0x0d, 0x0d, 0x0d, 0x1e, 0x13, 0x25, 0x2b, 0x29, 0x26, 0x0a, 0x03, 0x07, 0x06, 0x04, 0x07, 0x09, 0x0b, 0x06, 0x0b, 0x0b, 0x0c, 0x0f, 0x03, 0x02, 0x02, 0x02, 0x02, 0x02, 0x1f, 0x1f, 0x1f, 0x1f, 0x1f, 0x1f, 0x1f, 0x1f, 0x25, 0x2d, 0x2d, 0x2d, 0x2d, 0x2d, 0x2d, 0x2d, 0x2d, 0x2d, 0x2b, 0x2b, 0x2b, 0x27, 0x21, 0x21, 0x21, 0x21, 0x23, 0x1f, 0x15, 0x1e, 0x27, 0x2c, 0x2c, 0x25, 0x00, 0x00, 0x00, 0x00, 0x00, 0x00, 0x00, 0x00, 0x00, 0x00, 0x00, 0x00, 0x00,
  0x00, 0x00, 0x00, 0x00, 0x00, 0x00, 0x00, 0x00, 0x00, 0x00, 0x00, 0x00, 0x00, 0x25, 0x27, 0x29, 0x29, 0x25, 0x15, 0x18, 0x18, 0x18, 0x18, 0x18, 0x18, 0x18, 0x17, 0x16, 0x16, 0x16, 0x16, 0x18, 0x18, 0x18, 0x18, 0x17, 0x14, 0x0d, 0x0d, 0x0d, 0x0d, 0x0d, 0x1e, 0x11, 0x23, 0x2b, 0x2a, 0x27, 0x0c, 0x03, 0x07, 0x06, 0x06, 0x09, 0x07, 0x07, 0x07, 0x0a, 0x0a, 0x0b, 0x07, 0x0c, 0x0c, 0x0c, 0x0c, 0x0c, 0x0c, 0x01, 0x01, 0x01, 0x01, 0x01, 0x01, 0x02, 0x01, 0x1e, 0x25, 0x23, 0x23, 0x23, 0x23, 0x23, 0x23, 0x23, 0x23, 0x23, 0x23, 0x25, 0x23, 0x13, 0x13, 0x13, 0x13, 0x13, 0x15, 0x1e, 0x28, 0x2a, 0x2c, 0x28, 0x00, 0x00, 0x00, 0x00, 0x00, 0x00, 0x00, 0x00, 0x00, 0x00, 0x00, 0x00, 0x00, 0x00,
  0x00, 0x00, 0x00, 0x00, 0x00, 0x00, 0x00, 0x00, 0x00, 0x00, 0x00, 0x00, 0x00, 0x00, 0x25, 0x28, 0x2a, 0x2a, 0x23, 0x1e, 0x19, 0x18, 0x18, 0x18, 0x18, 0x17, 0x16, 0x16, 0x16, 0x16, 0x16, 0x18, 0x19, 0x19, 0x18, 0x14, 0x0d, 0x0d, 0x0d, 0x0d, 0x0d, 0x14, 0x1e, 0x21, 0x25, 0x2b, 0x27, 0x25, 0x0b, 0x03, 0x07, 0x04, 0x07, 0x05, 0x07, 0x07, 0x07, 0x04, 0x0a, 0x07, 0x07, 0x0b, 0x07, 0x0b, 0x0b, 0x0b, 0x08, 0x0a, 0x0a, 0x0a, 0x0a, 0x0a, 0x0c, 0x10, 0x11, 0x0e, 0x02, 0x02, 0x02, 0x03, 0x03, 0x02, 0x03, 0x05, 0x02, 0x11, 0x13, 0x13, 0x15, 0x19, 0x18, 0x18, 0x17, 0x15, 0x18, 0x23, 0x2a, 0x2c, 0x28, 0x25, 0x00, 0x00, 0x00, 0x00, 0x00, 0x00, 0x00, 0x00, 0x00, 0x00, 0x00, 0x00, 0x00, 0x00,
  0x00, 0x00, 0x00, 0x00, 0x00, 0x00, 0x00, 0x00, 0x00, 0x00, 0x00, 0x00, 0x00, 0x00, 0x00, 0x25, 0x2a, 0x2a, 0x2c, 0x21, 0x19, 0x18, 0x18, 0x18, 0x16, 0x16, 0x15, 0x16, 0x17, 0x16, 0x16, 0x17, 0x17, 0x1e, 0x14, 0x0d, 0x0d, 0x0d, 0x0d, 0x0d, 0x14, 0x1f, 0x1e, 0x29, 0x2c, 0x2c, 0x25, 0x01, 0x0b, 0x06, 0x04, 0x04, 0x07, 0x07, 0x0b, 0x07, 0x07, 0x07, 0x07, 0x04, 0x07, 0x09, 0x07, 0x07, 0x07, 0x0b, 0x07, 0x04, 0x02, 0x02, 0x04, 0x07, 0x0c, 0x0f, 0x0f, 0x10, 0x11, 0x11, 0x11, 0x11, 0x11, 0x11, 0x14, 0x1e, 0x17, 0x14, 0x15, 0x17, 0x18, 0x18, 0x18, 0x17, 0x17, 0x13, 0x1f, 0x2c, 0x2a, 0x2a, 0x25, 0x00, 0x00, 0x00, 0x00, 0x00, 0x00, 0x00, 0x00, 0x00, 0x00, 0x00, 0x00, 0x00, 0x00, 0x00,
  0x00, 0x00, 0x00, 0x00, 0x00, 0x00, 0x00, 0x00, 0x00, 0x00, 0x00, 0x00, 0x00, 0x00, 0x00, 0x23, 0x28, 0x2c, 0x2a, 0x2a, 0x21, 0x15, 0x18, 0x16, 0x16, 0x16, 0x16, 0x16, 0x16, 0x16, 0x17, 0x14, 0x0d, 0x0d, 0x0d, 0x0d, 0x0d, 0x0d, 0x0d, 0x0d, 0x1e, 0x15, 0x25, 0x2c, 0x2a, 0x2d, 0x25, 0x02, 0x0c, 0x06, 0x07, 0x08, 0x04, 0x0a, 0x07, 0x07, 0x0a, 0x07, 0x07, 0x07, 0x04, 0x07, 0x07, 0x07, 0x0a, 0x07, 0x07, 0x07, 0x04, 0x04, 0x05, 0x0b, 0x0f, 0x0f, 0x0f, 0x0c, 0x10, 0x10, 0x0f, 0x0e, 0x13, 0x18, 0x16, 0x15, 0x14, 0x14, 0x16, 0x16, 0x18, 0x18, 0x18, 0x1e, 0x13, 0x21, 0x27, 0x29, 0x29, 0x28, 0x25, 0x00, 0x00, 0x00, 0x00, 0x00, 0x00, 0x00, 0x00, 0x00, 0x00, 0x00, 0x00, 0x00, 0x00, 0x00,
  0x00, 0x00, 0x00, 0x00, 0x00, 0x00, 0x00, 0x00, 0x00, 0x00, 0x00, 0x00, 0x00, 0x00, 0x00, 0x00, 0x23, 0x28, 0x2c, 0x2c, 0x2a, 0x23, 0x13, 0x18, 0x15, 0x16, 0x17, 0x16, 0x17, 0x18, 0x17, 0x12, 0x0d, 0x0d, 0x0d, 0x0d, 0x0d, 0x0d, 0x14, 0x14, 0x11, 0x23, 0x2a, 0x2a, 0x2d, 0x26, 0x12, 0x0b, 0x09, 0x06, 0x07, 0x07, 0x06, 0x0b, 0x07, 0x08, 0x07, 0x07, 0x08, 0x08, 0x0b, 0x09, 0x05, 0x07, 0x0a, 0x04, 0x04, 0x04, 0x04, 0x03, 0x06, 0x0b, 0x0f, 0x0f, 0x10, 0x0f, 0x0e, 0x0f, 0x14, 0x15, 0x18, 0x18, 0x16, 0x15, 0x15, 0x16, 0x16, 0x16, 0x18, 0x18, 0x1e, 0x15, 0x21, 0x26, 0x29, 0x29, 0x27, 0x23, 0x00, 0x00, 0x00, 0x00, 0x00, 0x00, 0x00, 0x00, 0x00, 0x00, 0x00, 0x00, 0x00, 0x00, 0x00, 0x00,
  0x00, 0x00, 0x00, 0x00, 0x00, 0x00, 0x00, 0x00, 0x00, 0x00, 0x00, 0x00, 0x00, 0x00, 0x00, 0x00, 0x00, 0x23, 0x2c, 0x2c, 0x2c, 0x27, 0x1f, 0x13, 0x17, 0x16, 0x17, 0x18, 0x17, 0x13, 0x14, 0x12, 0x0a, 0x0d, 0x0d, 0x0d, 0x0d, 0x10, 0x12, 0x1f, 0x23, 0x26, 0x2a, 0x2d, 0x26, 0x1e, 0x03, 0x10, 0x05, 0x07, 0x07, 0x09, 0x07, 0x07, 0x0b, 0x0b, 0x07, 0x0c, 0x0e, 0x0e, 0x0e, 0x09, 0x09, 0x07, 0x04, 0x04, 0x04, 0x03, 0x02, 0x04, 0x07, 0x0c, 0x10, 0x0f, 0x05, 0x12, 0x14, 0x15, 0x19, 0x1e, 0x18, 0x16, 0x15, 0x15, 0x15, 0x15, 0x15, 0x15, 0x18, 0x1e, 0x15, 0x21, 0x27, 0x2b, 0x29, 0x27, 0x23, 0x00, 0x00, 0x00, 0x00, 0x00, 0x00, 0x00, 0x00, 0x00, 0x00, 0x00, 0x00, 0x00, 0x00, 0x00, 0x00, 0x00,
  0x00, 0x00, 0x00, 0x00, 0x00, 0x00, 0x00, 0x00, 0x00, 0x00, 0x00, 0x00, 0x00, 0x00, 0x00, 0x00, 0x00, 0x00, 0x23, 0x28, 0x2c, 0x2c, 0x26, 0x21, 0x13, 0x17, 0x17, 0x16, 0x1e, 0x23, 0x23, 0x23, 0x23, 0x23, 0x23, 0x23, 0x23, 0x23, 0x23, 0x26, 0x2d, 0x2a, 0x2c, 0x27, 0x1e, 0x02, 0x10, 0x0e, 0x0c, 0x0b, 0x09, 0x09, 0x08, 0x07, 0x0b, 0x09, 0x05, 0x0c, 0x0e, 0x08, 0x05, 0x05, 0x07, 0x0b, 0x04, 0x02, 0x02, 0x02, 0x02, 0x02, 0x02, 0x03, 0x06, 0x13, 0x13, 0x15, 0x1e, 0x19, 0x18, 0x18, 0x18, 0x15, 0x15, 0x15, 0x15, 0x15, 0x15, 0x15, 0x17, 0x16, 0x21, 0x26, 0x2c, 0x2a, 0x28, 0x25, 0x00, 0x00, 0x00, 0x00, 0x00, 0x00, 0x00, 0x00, 0x00, 0x00, 0x00, 0x00, 0x00, 0x00, 0x00, 0x00, 0x00, 0x00,
  0x00, 0x00, 0x00, 0x00, 0x00, 0x00, 0x00, 0x00, 0x00, 0x00, 0x00, 0x00, 0x00, 0x00, 0x00, 0x00, 0x00, 0x00, 0x00, 0x25, 0x2a, 0x29, 0x2b, 0x27, 0x1f, 0x16, 0x17, 0x15, 0x21, 0x2d, 0x2c, 0x2b, 0x2b, 0x2b, 0x2c, 0x2c, 0x2d, 0x2d, 0x2d, 0x2c, 0x2a, 0x2a, 0x26, 0x14, 0x02, 0x11, 0x0c, 0x0b, 0x0e, 0x0e, 0x08, 0x07, 0x08, 0x0b, 0x0b, 0x07, 0x07, 0x09, 0x0e, 0x0e, 0x0e, 0x05, 0x09, 0x04, 0x02, 0x02, 0x02, 0x02, 0x04, 0x0c, 0x10, 0x10, 0x10, 0x17, 0x1e, 0x18, 0x16, 0x18, 0x17, 0x17, 0x18, 0x16, 0x15, 0x16, 0x16, 0x16, 0x16, 0x15, 0x14, 0x21, 0x29, 0x2c, 0x2a, 0x28, 0x26, 0x00, 0x00, 0x00, 0x00, 0x00, 0x00, 0x00, 0x00, 0x00, 0x00, 0x00, 0x00, 0x00, 0x00, 0x00, 0x00, 0x00, 0x00, 0x00,
  0x00, 0x00, 0x00, 0x00, 0x00, 0x00, 0x00, 0x00, 0x00, 0x00, 0x00, 0x00, 0x00, 0x00, 0x00, 0x00, 0x00, 0x00, 0x00, 0x00, 0x25, 0x28, 0x29, 0x29, 0x29, 0x1f, 0x19, 0x15, 0x21, 0x29, 0x29, 0x29, 0x29, 0x29, 0x29, 0x2a, 0x2a, 0x28, 0x27, 0x27, 0x27, 0x25, 0x02, 0x02, 0x0b, 0x0f, 0x10, 0x0c, 0x0c, 0x0e, 0x09, 0x0b, 0x0c, 0x0c, 0x0c, 0x0b, 0x08, 0x0f, 0x0f, 0x0c, 0x0e, 0x0e, 0x07, 0x04, 0x03, 0x03, 0x02, 0x02, 0x12, 0x16, 0x14, 0x15, 0x16, 0x18, 0x18, 0x16, 0x17, 0x18, 0x17, 0x17, 0x17, 0x16, 0x16, 0x16, 0x16, 0x17, 0x16, 0x18, 0x1f, 0x29, 0x2a, 0x2c, 0x28, 0x23, 0x00, 0x00, 0x00, 0x00, 0x00, 0x00, 0x00, 0x00, 0x00, 0x00, 0x00, 0x00, 0x00, 0x00, 0x00, 0x00, 0x00, 0x00, 0x00, 0x00,
  0x00, 0x00, 0x00, 0x00, 0x00, 0x00, 0x00, 0x00, 0x00, 0x00, 0x00, 0x00, 0x00, 0x00, 0x00, 0x00, 0x00, 0x00, 0x00, 0x00, 0x00, 0x23, 0x27, 0x29, 0x29, 0x2b, 0x23, 0x18, 0x19, 0x1f, 0x28, 0x29, 0x29, 0x29, 0x2a, 0x2a, 0x2c, 0x21, 0x16, 0x1e, 0x14, 0x02, 0x02, 0x02, 0x02, 0x06, 0x06, 0x08, 0x05, 0x05, 0x05, 0x05, 0x05, 0x05, 0x0e, 0x0e, 0x05, 0x0e, 0x0e, 0x0e, 0x0c, 0x03, 0x02, 0x12, 0x14, 0x14, 0x14, 0x14, 0x14, 0x15, 0x15, 0x15, 0x16, 0x17, 0x18, 0x17, 0x18, 0x18, 0x18, 0x17, 0x17, 0x16, 0x16, 0x17, 0x17, 0x18, 0x13, 0x21, 0x2b, 0x29, 0x2a, 0x28, 0x22, 0x00, 0x00, 0x00, 0x00, 0x00, 0x00, 0x00, 0x00, 0x00, 0x00, 0x00, 0x00, 0x00, 0x00, 0x00, 0x00, 0x00, 0x00, 0x00, 0x00, 0x00,
  0x00, 0x00, 0x00, 0x00, 0x00, 0x00, 0x00, 0x00, 0x00, 0x00, 0x00, 0x00, 0x00, 0x00, 0x00, 0x00, 0x00, 0x00, 0x00, 0x00, 0x00, 0x00, 0x22, 0x27, 0x29, 0x2a, 0x2c, 0x23, 0x11, 0x13, 0x1e, 0x1e, 0x1e, 0x1f, 0x1f, 0x1f, 0x1f, 0x1e, 0x18, 0x18, 0x17, 0x14, 0x14, 0x14, 0x14, 0x12, 0x12, 0x12, 0x12, 0x12, 0x12, 0x12, 0x12, 0x12, 0x12, 0x13, 0x13, 0x13, 0x13, 0x13, 0x12, 0x12, 0x13, 0x14, 0x15, 0x16, 0x16, 0x15, 0x15, 0x15, 0x15, 0x15, 0x15, 0x17, 0x18, 0x18, 0x17, 0x18, 0x18, 0x16, 0x16, 0x16, 0x16, 0x17, 0x18, 0x13, 0x23, 0x27, 0x29, 0x29, 0x28, 0x23, 0x00, 0x00, 0x00, 0x00, 0x00, 0x00, 0x00, 0x00, 0x00, 0x00, 0x00, 0x00, 0x00, 0x00, 0x00, 0x00, 0x00, 0x00, 0x00, 0x00, 0x00, 0x00,
  0x00, 0x00, 0x00, 0x00, 0x00, 0x00, 0x00, 0x00, 0x00, 0x00, 0x00, 0x00, 0x00, 0x00, 0x00, 0x00, 0x00, 0x00, 0x00, 0x00, 0x00, 0x00, 0x00, 0x1f, 0x26, 0x2c, 0x2c, 0x28, 0x25, 0x23, 0x11, 0x13, 0x15, 0x14, 0x15, 0x15, 0x15, 0x16, 0x17, 0x17, 0x17, 0x17, 0x15, 0x16, 0x15, 0x17, 0x18, 0x1e, 0x1e, 0x19, 0x18, 0x18, 0x18, 0x18, 0x18, 0x18, 0x19, 0x18, 0x17, 0x18, 0x18, 0x18, 0x18, 0x16, 0x16, 0x16, 0x15, 0x15, 0x15, 0x16, 0x15, 0x16, 0x16, 0x16, 0x16, 0x16, 0x17, 0x17, 0x17, 0x17, 0x17, 0x17, 0x18, 0x16, 0x13, 0x23, 0x27, 0x29, 0x29, 0x27, 0x22, 0x00, 0x00, 0x00, 0x00, 0x00, 0x00, 0x00, 0x00, 0x00, 0x00, 0x00, 0x00, 0x00, 0x00, 0x00, 0x00, 0x00, 0x00, 0x00, 0x00, 0x00, 0x00, 0x00,
  0x00, 0x00, 0x00, 0x00, 0x00, 0x00, 0x00, 0x00, 0x00, 0x00, 0x00, 0x00, 0x00, 0x00, 0x00, 0x00, 0x00, 0x00, 0x00, 0x00, 0x00, 0x00, 0x00, 0x00, 0x00, 0x2c, 0x2d, 0x2c, 0x2d, 0x29, 0x23, 0x16, 0x15, 0x18, 0x18, 0x17, 0x17, 0x17, 0x17, 0x17, 0x17, 0x17, 0x16, 0x15, 0x15, 0x16, 0x18, 0x18, 0x18, 0x18, 0x17, 0x17, 0x16, 0x16, 0x16, 0x18, 0x18, 0x16, 0x15, 0x16, 0x16, 0x16, 0x16, 0x17, 0x17, 0x17, 0x16, 0x16, 0x17, 0x16, 0x15, 0x15, 0x15, 0x15, 0x16, 0x16, 0x16, 0x16, 0x16, 0x18, 0x18, 0x15, 0x13, 0x1f, 0x25, 0x29, 0x29, 0x29, 0x2a, 0x00, 0x00, 0x00, 0x00, 0x00, 0x00, 0x00, 0x00, 0x00, 0x00, 0x00, 0x00, 0x00, 0x00, 0x00, 0x00, 0x00, 0x00, 0x00, 0x00, 0x00, 0x00, 0x00, 0x00, 0x00,
  0x00, 0x00, 0x00, 0x00, 0x00, 0x00, 0x00, 0x00, 0x00, 0x00, 0x00, 0x00, 0x00, 0x00, 0x00, 0x00, 0x00, 0x00, 0x00, 0x00, 0x00, 0x00, 0x00, 0x00, 0x00, 0x23, 0x26, 0x2d, 0x2a, 0x2a, 0x2d, 0x25, 0x1e, 0x13, 0x15, 0x17, 0x17, 0x17, 0x16, 0x16, 0x17, 0x17, 0x16, 0x16, 0x15, 0x16, 0x18, 0x17, 0x17, 0x18, 0x18, 0x18, 0x17, 0x16, 0x18, 0x18, 0x18, 0x16, 0x16, 0x16, 0x16, 0x18, 0x18, 0x17, 0x16, 0x16, 0x17, 0x17, 0x18, 0x17, 0x16, 0x15, 0x15, 0x16, 0x17, 0x16, 0x16, 0x17, 0x17, 0x15, 0x13, 0x1e, 0x23, 0x26, 0x2c, 0x29, 0x2a, 0x25, 0x23, 0x00, 0x00, 0x00, 0x00, 0x00, 0x00, 0x00, 0x00, 0x00, 0x00, 0x00, 0x00, 0x00, 0x00, 0x00, 0x00, 0x00, 0x00, 0x00, 0x00, 0x00, 0x00, 0x00, 0x00, 0x00,
  0x00, 0x00, 0x00, 0x00, 0x00, 0x00, 0x00, 0x00, 0x00, 0x00, 0x00, 0x00, 0x00, 0x00, 0x00, 0x00, 0x00, 0x00, 0x00, 0x00, 0x00, 0x00, 0x00, 0x00, 0x00, 0x00, 0x22, 0x27, 0x2c, 0x2c, 0x2a, 0x2d, 0x25, 0x21, 0x21, 0x15, 0x14, 0x15, 0x16, 0x16, 0x17, 0x18, 0x18, 0x17, 0x17, 0x16, 0x16, 0x16, 0x17, 0x18, 0x18, 0x18, 0x17, 0x18, 0x16, 0x18, 0x18, 0x16, 0x16, 0x16, 0x16, 0x18, 0x16, 0x16, 0x17, 0x18, 0x17, 0x17, 0x18, 0x18, 0x18, 0x16, 0x16, 0x17, 0x17, 0x17, 0x15, 0x15, 0x15, 0x1f, 0x1f, 0x25, 0x2d, 0x2a, 0x2a, 0x29, 0x26, 0x22, 0x00, 0x00, 0x00, 0x00, 0x00, 0x00, 0x00, 0x00, 0x00, 0x00, 0x00, 0x00, 0x00, 0x00, 0x00, 0x00, 0x00, 0x00, 0x00, 0x00, 0x00, 0x00, 0x00, 0x00, 0x00, 0x00,
  0x00, 0x00, 0x00, 0x00, 0x00, 0x00, 0x00, 0x00, 0x00, 0x00, 0x00, 0x00, 0x00, 0x00, 0x00, 0x00, 0x00, 0x00, 0x00, 0x00, 0x00, 0x00, 0x00, 0x00, 0x00, 0x00, 0x00, 0x00, 0x26, 0x28, 0x2c, 0x2a, 0x2c, 0x2d, 0x27, 0x1e, 0x1f, 0x17, 0x14, 0x15, 0x15, 0x18, 0x18, 0x18, 0x17, 0x16, 0x15, 0x17, 0x18, 0x18, 0x18, 0x18, 0x18, 0x18, 0x18, 0x18, 0x18, 0x18, 0x18, 0x18, 0x18, 0x18, 0x18, 0x17, 0x17, 0x18, 0x18, 0x16, 0x17, 0x18, 0x17, 0x17, 0x16, 0x15, 0x15, 0x15, 0x19, 0x1e, 0x1e, 0x27, 0x2d, 0x2c, 0x2c, 0x2c, 0x28, 0x27, 0x00, 0x00, 0x00, 0x00, 0x00, 0x00, 0x00, 0x00, 0x00, 0x00, 0x00, 0x00, 0x00, 0x00, 0x00, 0x00, 0x00, 0x00, 0x00, 0x00, 0x00, 0x00, 0x00, 0x00, 0x00, 0x00, 0x00, 0x00,
  0x00, 0x00, 0x00, 0x00, 0x00, 0x00, 0x00, 0x00, 0x00, 0x00, 0x00, 0x00, 0x00, 0x00, 0x00, 0x00, 0x00, 0x00, 0x00, 0x00, 0x00, 0x00, 0x00, 0x00, 0x00, 0x00, 0x00, 0x00, 0x00, 0x00, 0x27, 0x28, 0x28, 0x2a, 0x29, 0x29, 0x2b, 0x23, 0x13, 0x17, 0x18, 0x1e, 0x1e, 0x19, 0x19, 0x18, 0x17, 0x17, 0x19, 0x18, 0x18, 0x18, 0x17, 0x17, 0x18, 0x18, 0x18, 0x18, 0x18, 0x18, 0x18, 0x18, 0x18, 0x17, 0x18, 0x19, 0x18, 0x18, 0x17, 0x19, 0x18, 0x18, 0x18, 0x18, 0x17, 0x13, 0x21, 0x2a, 0x29, 0x29, 0x2a, 0x28, 0x27, 0x25, 0x00, 0x00, 0x00, 0x00, 0x00, 0x00, 0x00, 0x00, 0x00, 0x00, 0x00, 0x00, 0x00, 0x00, 0x00, 0x00, 0x00, 0x00, 0x00, 0x00, 0x00, 0x00, 0x00, 0x00, 0x00, 0x00, 0x00, 0x00, 0x00, 0x00,
  0x00, 0x00, 0x00, 0x00, 0x00, 0x00, 0x00, 0x00, 0x00, 0x00, 0x00, 0x00, 0x00, 0x00, 0x00, 0x00, 0x00, 0x00, 0x00, 0x00, 0x00, 0x00, 0x00, 0x00, 0x00, 0x00, 0x00, 0x00, 0x00, 0x00, 0x00, 0x00, 0x26, 0x28, 0x28, 0x29, 0x29, 0x29, 0x27, 0x27, 0x29, 0x25, 0x13, 0x15, 0x15, 0x15, 0x13, 0x13, 0x15, 0x19, 0x19, 0x18, 0x18, 0x18, 0x18, 0x18, 0x18, 0x18, 0x18, 0x18, 0x18, 0x18, 0x18, 0x19, 0x19, 0x15, 0x15, 0x13, 0x13, 0x13, 0x15, 0x13, 0x15, 0x26, 0x27, 0x26, 0x27, 0x29, 0x29, 0x27, 0x27, 0x25, 0x00, 0x00, 0x00, 0x00, 0x00, 0x00, 0x00, 0x00, 0x00, 0x00, 0x00, 0x00, 0x00, 0x00, 0x00, 0x00, 0x00, 0x00, 0x00, 0x00, 0x00, 0x00, 0x00, 0x00, 0x00, 0x00, 0x00, 0x00, 0x00, 0x00, 0x00, 0x00,
  0x00, 0x00, 0x00, 0x00, 0x00, 0x00, 0x00, 0x00, 0x00, 0x00, 0x00, 0x00, 0x00, 0x00, 0x00, 0x00, 0x00, 0x00, 0x00, 0x00, 0x00, 0x00, 0x00, 0x00, 0x00, 0x00, 0x00, 0x00, 0x00, 0x00, 0x00, 0x00, 0x00, 0x00, 0x00, 0x27, 0x28, 0x29, 0x2a, 0x2a, 0x2c, 0x27, 0x25, 0x25, 0x25, 0x25, 0x25, 0x25, 0x25, 0x1e, 0x15, 0x15, 0x15, 0x13, 0x13, 0x13, 0x13, 0x13, 0x13, 0x13, 0x13, 0x15, 0x15, 0x13, 0x1e, 0x25, 0x25, 0x25, 0x25, 0x25, 0x25, 0x25, 0x25, 0x29, 0x2a, 0x29, 0x29, 0x27, 0x27, 0x23, 0x00, 0x00, 0x00, 0x00, 0x00, 0x00, 0x00, 0x00, 0x00, 0x00, 0x00, 0x00, 0x00, 0x00, 0x00, 0x00, 0x00, 0x00, 0x00, 0x00, 0x00, 0x00, 0x00, 0x00, 0x00, 0x00, 0x00, 0x00, 0x00, 0x00, 0x00, 0x00, 0x00, 0x00,
  0x00, 0x00, 0x00, 0x00, 0x00, 0x00, 0x00, 0x00, 0x00, 0x00, 0x00, 0x00, 0x00, 0x00, 0x00, 0x00, 0x00, 0x00, 0x00, 0x00, 0x00, 0x00, 0x00, 0x00, 0x00, 0x00, 0x00, 0x00, 0x00, 0x00, 0x00, 0x00, 0x00, 0x00, 0x00, 0x1f, 0x00, 0x23, 0x28, 0x2c, 0x2a, 0x2c, 0x2d, 0x2c, 0x2c, 0x2c, 0x2c, 0x2c, 0x2c, 0x23, 0x21, 0x21, 0x21, 0x21, 0x21, 0x21, 0x1f, 0x21, 0x1f, 0x1f, 0x21, 0x21, 0x21, 0x21, 0x23, 0x2d, 0x2c, 0x2c, 0x2c, 0x2b, 0x2b, 0x2b, 0x2c, 0x29, 0x28, 0x28, 0x23, 0x00, 0x00, 0x00, 0x00, 0x00, 0x00, 0x00, 0x00, 0x00, 0x00, 0x00, 0x00, 0x00, 0x00, 0x00, 0x00, 0x00, 0x00, 0x00, 0x00, 0x00, 0x00, 0x00, 0x00, 0x00, 0x00, 0x00, 0x00, 0x00, 0x00, 0x00, 0x00, 0x00, 0x00, 0x00, 0x00, 0x00,
  0x00, 0x00, 0x00, 0x00, 0x00, 0x00, 0x00, 0x00, 0x00, 0x00, 0x00, 0x00, 0x00, 0x00, 0x00, 0x00, 0x00, 0x00, 0x00, 0x00, 0x00, 0x00, 0x00, 0x00, 0x00, 0x00, 0x00, 0x00, 0x00, 0x00, 0x00, 0x00, 0x00, 0x00, 0x00, 0x00, 0x00, 0x00, 0x23, 0x23, 0x25, 0x25, 0x28, 0x2c, 0x2a, 0x2a, 0x2a, 0x2a, 0x29, 0x2c, 0x2c, 0x2a, 0x2a, 0x2a, 0x29, 0x29, 0x29, 0x29, 0x29, 0x29, 0x2a, 0x2a, 0x2c, 0x2c, 0x2c, 0x29, 0x2a, 0x2a, 0x2a, 0x2a, 0x2a, 0x2a, 0x28, 0x27, 0x27, 0x26, 0x00, 0x00, 0x00, 0x00, 0x00, 0x00, 0x00, 0x00, 0x00, 0x00, 0x00, 0x00, 0x00, 0x00, 0x00, 0x00, 0x00, 0x00, 0x00, 0x00, 0x00, 0x00, 0x00, 0x00, 0x00, 0x00, 0x00, 0x00, 0x00, 0x00, 0x00, 0x00, 0x00, 0x00, 0x00, 0x00, 0x00, 0x00,
  0x00, 0x00, 0x00, 0x00, 0x00, 0x00, 0x00, 0x00, 0x00, 0x00, 0x00, 0x00, 0x00, 0x00, 0x00, 0x00, 0x00, 0x00, 0x00, 0x00, 0x00, 0x00, 0x00, 0x00, 0x00, 0x00, 0x00, 0x00, 0x00, 0x00, 0x00, 0x00, 0x00, 0x00, 0x00, 0x00, 0x00, 0x00, 0x00, 0x00, 0x00, 0x00, 0x25, 0x27, 0x26, 0x27, 0x26, 0x26, 0x2c, 0x2a, 0x2a, 0x29, 0x29, 0x29, 0x29, 0x29, 0x29, 0x29, 0x29, 0x29, 0x29, 0x29, 0x2a, 0x2a, 0x2a, 0x2c, 0x27, 0x26, 0x26, 0x26, 0x26, 0x26, 0x26, 0x00, 0x00, 0x00, 0x00, 0x00, 0x00, 0x00, 0x00, 0x00, 0x00, 0x00, 0x00, 0x00, 0x00, 0x00, 0x00, 0x00, 0x00, 0x00, 0x00, 0x00, 0x00, 0x00, 0x00, 0x00, 0x00, 0x00, 0x00, 0x00, 0x00, 0x00, 0x00, 0x00, 0x00, 0x00, 0x00, 0x00, 0x00, 0x00, 0x00, 0x00,
  0x00, 0x00, 0x00, 0x00, 0x00, 0x00, 0x00, 0x00, 0x00, 0x00, 0x00, 0x00, 0x00, 0x00, 0x00, 0x00, 0x00, 0x00, 0x00, 0x00, 0x00, 0x00, 0x00, 0x00, 0x00, 0x00, 0x00, 0x00, 0x00, 0x00, 0x00, 0x00, 0x00, 0x00, 0x00, 0x00, 0x00, 0x00, 0x00, 0x00, 0x00, 0x00, 0x00, 0x00, 0x00, 0x00, 0x00, 0x00, 0x27, 0x28, 0x27, 0x27, 0x27, 0x27, 0x27, 0x27, 0x27, 0x27, 0x27, 0x27, 0x27, 0x27, 0x27, 0x27, 0x28, 0x28, 0x00, 0x00, 0x00, 0x00, 0x00, 0x00, 0x00, 0x00, 0x00, 0x00, 0x00, 0x00, 0x00, 0x00, 0x00, 0x00, 0x00, 0x00, 0x00, 0x00, 0x00, 0x00, 0x00, 0x00, 0x00, 0x00, 0x00, 0x00, 0x00, 0x00, 0x00, 0x00, 0x00, 0x00, 0x00, 0x00, 0x00, 0x00, 0x00, 0x00, 0x00, 0x00, 0x00, 0x00, 0x00, 0x00, 0x00, 0x00,
};

const lv_img_dsc_t img_baby_sleep = {
  .header.cf = LV_IMG_CF_INDEXED_8BIT,
  .header.always_zero = 0,
  .header.reserved = 0,
  .header.w = 114,
  .header.h = 185,
  .data_size = 22114,
  .data = img_baby_sleep_map,
};

static const uint8_t img_baby_yawn1_map[] = {
  /* palette (256 x BGRA) */
  0x00, 0x00, 0x00, 0x00,
  0xff, 0xfb, 0xef, 0xff,
  0xfb, 0xef, 0xdd, 0xff,
  0xfb, 0xee, 0xd8, 0xff,
  0xf9, 0xec, 0xd8, 0xff,
  0xfa, 0xed, 0xd5, 0xff,
  0xfa, 0xec, 0xd6, 0xff,
  0xf9, 0xec, 0xd6, 0xff,
  0xf9, 0xec, 0xd5, 0xff,
  0xf8, 0xec, 0xd5, 0xff,
  0xf8, 0xeb, 0xd8, 0xff,
  0xf8, 0xeb, 0xd5, 0xff,
  0xf8, 0xea, 0xd4, 0xff,
  0xd4, 0xde, 0xe7, 0xff,
  0xf9, 0xeb, 0xd2, 0xff,
  0xf8, 0xe9, 0xd1, 0xff,
  0xf6, 0xe7, 0xd0, 0xff,
  0xf6, 0xe4, 0xc8, 0xff,
  0xef, 0xdd, 0xc5, 0xff,
  0xf0, 0xd9, 0xba, 0xff,
  0xe7, 0xd0, 0xb6, 0xff,
  0xe9, 0xcf, 0xae, 0xff,
  0xe7, 0xcc, 0xad, 0xff,
  0xe6, 0xca, 0xac, 0xff,
  0xe6, 0xca, 0xa9, 0xff,
  0xe5, 0xc9, 0xa2, 0xff,
  0xa8, 0xc2, 0xf5, 0xff,
  0xaa, 0xc3, 0xf1, 0xff,
  0xa5, 0xbf, 0xf2, 0xff,
  0xa0, 0xb3, 0xe7, 0xff,
  0xde, 0xc2, 0xa0, 0xff,
  0xc4, 0xaf, 0x9d, 0xff,
  0xde, 0xb8, 0x80, 0xff,
  0xd1, 0xab, 0x7b, 0xff,
  0x93, 0x8a, 0xa4, 0xff,
  0x9f, 0x80, 0x6a, 0xff,
  0x6f, 0x5d, 0x89, 0xff,
  0x7a, 0x5c, 0x4e, 0xff,
  0x70, 0x4d, 0x38, 0xff,
  0x60, 0x3b, 0x2d, 0xff,
  0x53, 0x2f, 0x23, 0xff,
  0x5a, 0x2b, 0x18, 0xff,
  0x53, 0x25, 0x16, 0xff,
  0x56, 0x1f, 0x0e, 0xff,
  0x44, 0x1d, 0x11, 0xff,
  0x3d, 0x14, 0x05, 0xff,
  0x00, 0x00, 0x01, 0xff,
  0x00, 0x00, 0x00, 0xff,
  0x00, 0x00, 0x00, 0x00,
  0x00, 0x00, 0x00, 0x00,
  0x00, 0x00, 0x00, 0x00,
  0x00, 0x00, 0x00, 0x00,
  0x00, 0x00, 0x00, 0x00,
  0x00, 0x00, 0x00, 0x00,
  0x00, 0x00, 0x00, 0x00,
  0x00, 0x00, 0x00, 0x00,
  0x00, 0x00, 0x00, 0x00,
  0x00, 0x00, 0x00, 0x00,
  0x00, 0x00, 0x00, 0x00,
  0x00, 0x00, 0x00, 0x00,
  0x00, 0x00, 0x00, 0x00,
  0x00, 0x00, 0x00, 0x00,
  0x00, 0x00, 0x00, 0x00,
  0x00, 0x00, 0x00, 0x00,
  0x00, 0x00, 0x00, 0x00,
  0x00, 0x00, 0x00, 0x00,
  0x00, 0x00, 0x00, 0x00,
  0x00, 0x00, 0x00, 0x00,
  0x00, 0x00, 0x00, 0x00,
  0x00, 0x00, 0x00, 0x00,
  0x00, 0x00, 0x00, 0x00,
  0x00, 0x00, 0x00, 0x00,
  0x00, 0x00, 0x00, 0x00,
  0x00, 0x00, 0x00, 0x00,
  0x00, 0x00, 0x00, 0x00,
  0x00, 0x00, 0x00, 0x00,
  0x00, 0x00, 0x00, 0x00,
  0x00, 0x00, 0x00, 0x00,
  0x00, 0x00, 0x00, 0x00,
  0x00, 0x00, 0x00, 0x00,
  0x00, 0x00, 0x00, 0x00,
  0x00, 0x00, 0x00, 0x00,
  0x00, 0x00, 0x00, 0x00,
  0x00, 0x00, 0x00, 0x00,
  0x00, 0x00, 0x00, 0x00,
  0x00, 0x00, 0x00, 0x00,
  0x00, 0x00, 0x00, 0x00,
  0x00, 0x00, 0x00, 0x00,
  0x00, 0x00, 0x00, 0x00,
  0x00, 0x00, 0x00, 0x00,
  0x00, 0x00, 0x00, 0x00,
  0x00, 0x00, 0x00, 0x00,
  0x00, 0x00, 0x00, 0x00,
  0x00, 0x00, 0x00, 0x00,
  0x00, 0x00, 0x00, 0x00,
  0x00, 0x00, 0x00, 0x00,
  0x00, 0x00, 0x00, 0x00,
  0x00, 0x00, 0x00, 0x00,
  0x00, 0x00, 0x00, 0x00,
  0x00, 0x00, 0x00, 0x00,
  0x00, 0x00, 0x00, 0x00,
  0x00, 0x00, 0x00, 0x00,
  0x00, 0x00, 0x00, 0x00,
  0x00, 0x00, 0x00, 0x00,
  0x00, 0x00, 0x00, 0x00,
  0x00, 0x00, 0x00, 0x00,
  0x00, 0x00, 0x00, 0x00,
  0x00, 0x00, 0x00, 0x00,
  0x00, 0x00, 0x00, 0x00,
  0x00, 0x00, 0x00, 0x00,
  0x00, 0x00, 0x00, 0x00,
  0x00, 0x00, 0x00, 0x00,
  0x00, 0x00, 0x00, 0x00,
  0x00, 0x00, 0x00, 0x00,
  0x00, 0x00, 0x00, 0x00,
  0x00, 0x00, 0x00, 0x00,
  0x00, 0x00, 0x00, 0x00,
  0x00, 0x00, 0x00, 0x00,
  0x00, 0x00, 0x00, 0x00,
  0x00, 0x00, 0x00, 0x00,
  0x00, 0x00, 0x00, 0x00,
  0x00, 0x00, 0x00, 0x00,
  0x00, 0x00, 0x00, 0x00,
  0x00, 0x00, 0x00, 0x00,
  0x00, 0x00, 0x00, 0x00,
  0x00, 0x00, 0x00, 0x00,
  0x00, 0x00, 0x00, 0x00,
  0x00, 0x00, 0x00, 0x00,
  0x00, 0x00, 0x00, 0x00,
  0x00, 0x00, 0x00, 0x00,
  0x00, 0x00, 0x00, 0x00,
  0x00, 0x00, 0x00, 0x00,
  0x00, 0x00, 0x00, 0x00,
  0x00, 0x00, 0x00, 0x00,
  0x00, 0x00, 0x00, 0x00,
  0x00, 0x00, 0x00, 0x00,
  0x00, 0x00, 0x00, 0x00,
  0x00, 0x00, 0x00, 0x00,
  0x00, 0x00, 0x00, 0x00,
  0x00, 0x00, 0x00, 0x00,
  0x00, 0x00, 0x00, 0x00,
  0x00, 0x00, 0x00, 0x00,
  0x00, 0x00, 0x00, 0x00,
  0x00, 0x00, 0x00, 0x00,
  0x00, 0x00, 0x00, 0x00,
  0x00, 0x00, 0x00, 0x00,
  0x00, 0x00, 0x00, 0x00,
  0x00, 0x00, 0x00, 0x00,
  0x00, 0x00, 0x00, 0x00,
  0x00, 0x00, 0x00, 0x00,
  0x00, 0x00, 0x00, 0x00,
  0x00, 0x00, 0x00, 0x00,
  0x00, 0x00, 0x00, 0x00,
  0x00, 0x00, 0x00, 0x00,
  0x00, 0x00, 0x00, 0x00,
  0x00, 0x00, 0x00, 0x00,
  0x00, 0x00, 0x00, 0x00,
  0x00, 0x00, 0x00, 0x00,
  0x00, 0x00, 0x00, 0x00,
  0x00, 0x00, 0x00, 0x00,
  0x00, 0x00, 0x00, 0x00,
  0x00, 0x00, 0x00, 0x00,
  0x00, 0x00, 0x00, 0x00,
  0x00, 0x00, 0x00, 0x00,
  0x00, 0x00, 0x00, 0x00,
  0x00, 0x00, 0x00, 0x00,
  0x00, 0x00, 0x00, 0x00,
  0x00, 0x00, 0x00, 0x00,
  0x00, 0x00, 0x00, 0x00,
  0x00, 0x00, 0x00, 0x00,
  0x00, 0x00, 0x00, 0x00,
  0x00, 0x00, 0x00, 0x00,
  0x00, 0x00, 0x00, 0x00,
  0x00, 0x00, 0x00, 0x00,
  0x00, 0x00, 0x00, 0x00,
  0x00, 0x00, 0x00, 0x00,
  0x00, 0x00, 0x00, 0x00,
  0x00, 0x00, 0x00, 0x00,
  0x00, 0x00, 0x00, 0x00,
  0x00, 0x00, 0x00, 0x00,
  0x00, 0x00, 0x00, 0x00,
  0x00, 0x00, 0x00, 0x00,
  0x00, 0x00, 0x00, 0x00,
  0x00, 0x00, 0x00, 0x00,
  0x00, 0x00, 0x00, 0x00,
  0x00, 0x00, 0x00, 0x00,
  0x00, 0x00, 0x00, 0x00,
  0x00, 0x00, 0x00, 0x00,
  0x00, 0x00, 0x00, 0x00,
  0x00, 0x00, 0x00, 0x00,
  0x00, 0x00, 0x00, 0x00,
  0x00, 0x00, 0x00, 0x00,
  0x00, 0x00, 0x00, 0x00,
  0x00, 0x00, 0x00, 0x00,
  0x00, 0x00, 0x00, 0x00,
  0x00, 0x00, 0x00, 0x00,
  0x00, 0x00, 0x00, 0x00,
  0x00, 0x00, 0x00, 0x00,
  0x00, 0x00, 0x00, 0x00,
  0x00, 0x00, 0x00, 0x00,
  0x00, 0x00, 0x00, 0x00,
  0x00, 0x00, 0x00, 0x00,
  0x00, 0x00, 0x00, 0x00,
  0x00, 0x00, 0x00, 0x00,
  0x00, 0x00, 0x00, 0x00,
  0x00, 0x00, 0x00, 0x00,
  0x00, 0x00, 0x00, 0x00,
  0x00, 0x00, 0x00, 0x00,
  0x00, 0x00, 0x00, 0x00,
  0x00, 0x00, 0x00, 0x00,
  0x00, 0x00, 0x00, 0x00,
  0x00, 0x00, 0x00, 0x00,
  0x00, 0x00, 0x00, 0x00,
  0x00, 0x00, 0x00, 0x00,
  0x00, 0x00, 0x00, 0x00,
  0x00, 0x00, 0x00, 0x00,
  0x00, 0x00, 0x00, 0x00,
  0x00, 0x00, 0x00, 0x00,
  0x00, 0x00, 0x00, 0x00,
  0x00, 0x00, 0x00, 0x00,
  0x00, 0x00, 0x00, 0x00,
  0x00, 0x00, 0x00, 0x00,
  0x00, 0x00, 0x00, 0x00,
  0x00, 0x00, 0x00, 0x00,
  0x00, 0x00, 0x00, 0x00,
  0x00, 0x00, 0x00, 0x00,
  0x00, 0x00, 0x00, 0x00,
  0x00, 0x00, 0x00, 0x00,
  0x00, 0x00, 0x00, 0x00,
  0x00, 0x00, 0x00, 0x00,
  0x00, 0x00, 0x00, 0x00,
  0x00, 0x00, 0x00, 0x00,
  0x00, 0x00, 0x00, 0x00,
  0x00, 0x00, 0x00, 0x00,
  0x00, 0x00, 0x00, 0x00,
  0x00, 0x00, 0x00, 0x00,
  0x00, 0x00, 0x00, 0x00,
  0x00, 0x00, 0x00, 0x00,
  0x00, 0x00, 0x00, 0x00,
  0x00, 0x00, 0x00, 0x00,
  0x00, 0x00, 0x00, 0x00,
  0x00, 0x00, 0x00, 0x00,
  0x00, 0x00, 0x00, 0x00,
  0x00, 0x00, 0x00, 0x00,
  0x00, 0x00, 0x00, 0x00,
  0x00, 0x00, 0x00, 0x00,
  0x00, 0x00, 0x00, 0x00,
  0x00, 0x00, 0x00, 0x00,
  0x00, 0x00, 0x00, 0x00,
  0x00, 0x00, 0x00, 0x00,
  0x00, 0x00, 0x00, 0x00,
  0x00, 0x00, 0x00, 0x00,
  0x00, 0x00, 0x00, 0x00,
  0x00, 0x00, 0x00, 0x00,
  0x00, 0x00, 0x00, 0x00,
  0x00, 0x00, 0x00, 0x00,
  /* pixel indices */
  0x00, 0x00, 0x00, 0x00, 0x00, 0x00, 0x00, 0x00, 0x00, 0x00, 0x00, 0x00, 0x00, 0x00, 0x00, 0x00, 0x00, 0x00, 0x00, 0x00, 0x00, 0x00, 0x00, 0x00, 0x00, 0x00, 0x00, 0x00, 0x00, 0x00, 0x00, 0x00, 0x00, 0x00, 0x00, 0x00, 0x00, 0x00, 0x00, 0x00, 0x00, 0x00, 0x00, 0x00, 0x00, 0x00, 0x00, 0x00, 0x00, 0x00, 0x00, 0x00, 0x00, 0x27, 0x28, 0x25, 0x25, 0x25, 0x25, 0x28, 0x28, 0x00, 0x00, 0x00, 0x00, 0x00, 0x00, 0x00, 0x00, 0x00, 0x00, 0x00, 0x00, 0x00, 0x00, 0x00, 0x00, 0x00, 0x00, 0x00, 0x00, 0x00, 0x00, 0x00, 0x00, 0x00, 0x00, 0x00, 0x00, 0x00, 0x00, 0x00, 0x00, 0x00, 0x00, 0x00, 0x00, 0x00, 0x00, 0x00, 0x00, 0x00, 0x00, 0x00, 0x00, 0x00, 0x00, 0x00, 0x00, 0x00, 0x00, 0x00, 0x00, 0x00,
  0x00, 0x00, 0x00, 0x00, 0x00, 0x00, 0x00, 0x00, 0x00, 0x00, 0x00, 0x00, 0x00, 0x00, 0x00, 0x00, 0x00, 0x00, 0x00, 0x00, 0x00, 0x00, 0x00, 0x00, 0x00, 0x00, 0x00, 0x00, 0x00, 0x00, 0x00, 0x00, 0x00, 0x00, 0x00, 0x00, 0x00, 0x00, 0x00, 0x00, 0x00, 0x00, 0x00, 0x00, 0x00, 0x00, 0x00, 0x00, 0x00, 0x00, 0x00, 0x00, 0x23, 0x2a, 0x2a, 0x2d, 0x2d, 0x2d, 0x2d, 0x2a, 0x2a, 0x23, 0x00, 0x00, 0x00, 0x00, 0x00, 0x00, 0x00, 0x00, 0x00, 0x00, 0x00, 0x00, 0x00, 0x00, 0x00, 0x00, 0x00, 0x00, 0x00, 0x00, 0x00, 0x00, 0x00, 0x00, 0x00, 0x00, 0x00, 0x00, 0x00, 0x00, 0x00, 0x00, 0x00, 0x00, 0x00, 0x00, 0x00, 0x00, 0x00, 0x00, 0x00, 0x00, 0x00, 0x00, 0x00, 0x00, 0x00, 0x00, 0x00, 0x00, 0x00, 0x00,
  0x00, 0x00, 0x00, 0x00, 0x00, 0x00, 0x00, 0x00, 0x00, 0x00, 0x00, 0x00, 0x00, 0x00, 0x00, 0x00, 0x00, 0x00, 0x00, 0x00, 0x00, 0x00, 0x00, 0x00, 0x00, 0x00, 0x00, 0x00, 0x00, 0x00, 0x00, 0x00, 0x00, 0x00, 0x00, 0x00, 0x00, 0x00, 0x00, 0x00, 0x00, 0x00, 0x00, 0x00, 0x00, 0x00, 0x00, 0x00, 0x00, 0x00, 0x1f, 0x25, 0x29, 0x2a, 0x2c, 0x2c, 0x2a, 0x2a, 0x2a, 0x2a, 0x29, 0x29, 0x26, 0x00, 0x00, 0x00, 0x00, 0x00, 0x00, 0x00, 0x00, 0x00, 0x00, 0x00, 0x00, 0x00, 0x00, 0x00, 0x00, 0x00, 0x00, 0x00, 0x00, 0x00, 0x00, 0x00, 0x00, 0x00, 0x00, 0x00, 0x00, 0x00, 0x00, 0x00, 0x00, 0x00, 0x00, 0x00, 0x00, 0x00, 0x00, 0x00, 0x00, 0x00, 0x00, 0x00, 0x00, 0x00, 0x00, 0x00, 0x00, 0x00, 0x00, 0x00,
  0x00, 0x00, 0x00, 0x00, 0x00, 0x00, 0x00, 0x00, 0x00, 0x00, 0x00, 0x00, 0x00, 0x00, 0x00, 0x00, 0x00, 0x00, 0x00, 0x00, 0x00, 0x00, 0x00, 0x00, 0x00, 0x00, 0x00, 0x00, 0x00, 0x00, 0x00, 0x00, 0x00, 0x00, 0x00, 0x00, 0x00, 0x00, 0x00, 0x00, 0x00, 0x00, 0x00, 0x00, 0x00, 0x00, 0x00, 0x00, 0x00, 0x26, 0x28, 0x29, 0x29, 0x28, 0x28, 0x28, 0x28, 0x28, 0x28, 0x28, 0x28, 0x29, 0x29, 0x28, 0x27, 0x00, 0x00, 0x00, 0x00, 0x00, 0x00, 0x00, 0x00, 0x00, 0x00, 0x00, 0x00, 0x00, 0x00, 0x00, 0x00, 0x00, 0x00, 0x00, 0x00, 0x00, 0x00, 0x00, 0x00, 0x00, 0x00, 0x00, 0x00, 0x00, 0x00, 0x00, 0x00, 0x00, 0x00, 0x00, 0x00, 0x00, 0x00, 0x00, 0x00, 0x00, 0x00, 0x00, 0x00, 0x00, 0x00, 0x00, 0x00, 0x00,
  0x00, 0x00, 0x00, 0x00, 0x00, 0x00, 0x00, 0x00, 0x00, 0x00, 0x00, 0x00, 0x00, 0x00, 0x00, 0x00, 0x00, 0x00, 0x00, 0x00, 0x00, 0x00, 0x00, 0x00, 0x00, 0x00, 0x00, 0x00, 0x00, 0x00, 0x00, 0x00, 0x00, 0x00, 0x00, 0x00, 0x00, 0x00, 0x00, 0x00, 0x00, 0x00, 0x00, 0x27, 0x28, 0x28, 0x27, 0x27, 0x27, 0x29, 0x29, 0x29, 0x28, 0x28, 0x24, 0x24, 0x24, 0x24, 0x24, 0x24, 0x28, 0x2a, 0x29, 0x29, 0x28, 0x27, 0x27, 0x28, 0x28, 0x28, 0x27, 0x00, 0x00, 0x00, 0x00, 0x00, 0x00, 0x00, 0x00, 0x00, 0x00, 0x00, 0x00, 0x00, 0x00, 0x00, 0x00, 0x00, 0x00, 0x00, 0x00, 0x00, 0x00, 0x00, 0x00, 0x00, 0x00, 0x00, 0x00, 0x00, 0x00, 0x00, 0x00, 0x00, 0x00, 0x00, 0x00, 0x00, 0x00, 0x00, 0x00, 0x00, 0x00, 0x00,
  0x00, 0x00, 0x00, 0x00, 0x00, 0x00, 0x00, 0x00, 0x00, 0x00, 0x00, 0x00, 0x00, 0x00, 0x00, 0x00, 0x00, 0x00, 0x00, 0x00, 0x00, 0x00, 0x00, 0x00, 0x00, 0x00, 0x00, 0x00, 0x00, 0x00, 0x00, 0x00, 0x00, 0x00, 0x00, 0x00, 0x00, 0x00, 0x00, 0x25, 0x26, 0x26, 0x26, 0x2a, 0x2c, 0x2a, 0x2a, 0x29, 0x29, 0x29, 0x29, 0x2a, 0x27, 0x24, 0x24, 0x24, 0x24, 0x24, 0x24, 0x24, 0x24, 0x27, 0x2a, 0x29, 0x2a, 0x2a, 0x2a, 0x2c, 0x2c, 0x2c, 0x2c, 0x27, 0x27, 0x26, 0x00, 0x00, 0x00, 0x00, 0x00, 0x00, 0x00, 0x00, 0x00, 0x00, 0x00, 0x00, 0x00, 0x00, 0x00, 0x00, 0x00, 0x00, 0x00, 0x00, 0x00, 0x00, 0x00, 0x00, 0x00, 0x00, 0x00, 0x00, 0x00, 0x00, 0x00, 0x00, 0x00, 0x00, 0x00, 0x00, 0x00, 0x00, 0x00, 0x00,
  0x00, 0x00, 0x00, 0x00, 0x00, 0x00, 0x00, 0x00, 0x00, 0x00, 0x00, 0x00, 0x00, 0x00, 0x00, 0x00, 0x00, 0x00, 0x00, 0x00, 0x00, 0x00, 0x00, 0x00, 0x00, 0x00, 0x00, 0x00, 0x00, 0x00, 0x00, 0x00, 0x00, 0x00, 0x00, 0x00, 0x25, 0x27, 0x26, 0x28, 0x2c, 0x2c, 0x2d, 0x2d, 0x2d, 0x2d, 0x2d, 0x2c, 0x29, 0x29, 0x2a, 0x27, 0x24, 0x22, 0x24, 0x24, 0x24, 0x24, 0x24, 0x24, 0x22, 0x24, 0x27, 0x2a, 0x29, 0x2a, 0x2d, 0x2d, 0x2d, 0x2d, 0x2d, 0x2d, 0x2c, 0x2c, 0x28, 0x26, 0x27, 0x25, 0x00, 0x00, 0x00, 0x00, 0x00, 0x00, 0x00, 0x00, 0x00, 0x00, 0x00, 0x00, 0x00, 0x00, 0x00, 0x00, 0x00, 0x00, 0x00, 0x00, 0x00, 0x00, 0x00, 0x00, 0x00, 0x00, 0x00, 0x00, 0x00, 0x00, 0x00, 0x00, 0x00, 0x00, 0x00, 0x00,
  0x00, 0x00, 0x00, 0x00, 0x00, 0x00, 0x00, 0x00, 0x00, 0x00, 0x00, 0x00, 0x00, 0x00, 0x00, 0x00, 0x00, 0x00, 0x00, 0x00, 0x00, 0x00, 0x00, 0x00, 0x00, 0x00, 0x00, 0x00, 0x00, 0x00, 0x00, 0x00, 0x00, 0x00, 0x23, 0x23, 0x27, 0x29, 0x29, 0x2b, 0x2b, 0x2d, 0x26, 0x23, 0x25, 0x23, 0x23, 0x23, 0x29, 0x29, 0x2a, 0x24, 0x22, 0x24, 0x24, 0x24, 0x24, 0x24, 0x24, 0x24, 0x24, 0x22, 0x24, 0x2a, 0x2a, 0x28, 0x23, 0x23, 0x23, 0x25, 0x23, 0x27, 0x2d, 0x2b, 0x2a, 0x29, 0x29, 0x27, 0x23, 0x23, 0x00, 0x00, 0x00, 0x00, 0x00, 0x00, 0x00, 0x00, 0x00, 0x00, 0x00, 0x00, 0x00, 0x00, 0x00, 0x00, 0x00, 0x00, 0x00, 0x00, 0x00, 0x00, 0x00, 0x00, 0x00, 0x00, 0x00, 0x00, 0x00, 0x00, 0x00, 0x00, 0x00, 0x00,
  0x00, 0x00, 0x00, 0x00, 0x00, 0x00, 0x00, 0x00, 0x00, 0x00, 0x00, 0x00, 0x00, 0x00, 0x00, 0x00, 0x00, 0x00, 0x00, 0x00, 0x00, 0x00, 0x00, 0x00, 0x00, 0x00, 0x00, 0x00, 0x00, 0x00, 0x00, 0x00, 0x00, 0x27, 0x28, 0x29, 0x29, 0x2a, 0x29, 0x27, 0x26, 0x28, 0x21, 0x02, 0x03, 0x03, 0x02, 0x10, 0x28, 0x2a, 0x2a, 0x24, 0x22, 0x24, 0x24, 0x24, 0x24, 0x24, 0x24, 0x24, 0x24, 0x22, 0x24, 0x2a, 0x2b, 0x27, 0x02, 0x02, 0x02, 0x03, 0x02, 0x23, 0x27, 0x26, 0x27, 0x2a, 0x29, 0x2a, 0x2a, 0x2a, 0x25, 0x00, 0x00, 0x00, 0x00, 0x00, 0x00, 0x00, 0x00, 0x00, 0x00, 0x00, 0x00, 0x00, 0x00, 0x00, 0x00, 0x00, 0x00, 0x00, 0x00, 0x00, 0x00, 0x00, 0x00, 0x00, 0x00, 0x00, 0x00, 0x00, 0x00, 0x00, 0x00, 0x00,
  0x00, 0x00, 0x00, 0x00, 0x00, 0x00, 0x00, 0x00, 0x00, 0x00, 0x00, 0x00, 0x00, 0x00, 0x00, 0x00, 0x00, 0x00, 0x00, 0x00, 0x00, 0x00, 0x00, 0x00, 0x00, 0x00, 0x00, 0x00, 0x00, 0x00, 0x00, 0x26, 0x2c, 0x2a, 0x29, 0x29, 0x27, 0x27, 0x27, 0x1e, 0x02, 0x10, 0x11, 0x11, 0x10, 0x11, 0x10, 0x14, 0x2a, 0x2a, 0x2c, 0x24, 0x24, 0x24, 0x24, 0x24, 0x24, 0x24, 0x24, 0x24, 0x24, 0x22, 0x24, 0x2a, 0x2b, 0x27, 0x12, 0x10, 0x10, 0x10, 0x11, 0x11, 0x0f, 0x01, 0x1f, 0x28, 0x27, 0x27, 0x29, 0x2a, 0x2a, 0x2a, 0x28, 0x00, 0x00, 0x00, 0x00, 0x00, 0x00, 0x00, 0x00, 0x00, 0x00, 0x00, 0x00, 0x00, 0x00, 0x00, 0x00, 0x00, 0x00, 0x00, 0x00, 0x00, 0x00, 0x00, 0x00, 0x00, 0x00, 0x00, 0x00, 0x00, 0x00, 0x00,
  0x00, 0x00, 0x00, 0x00, 0x00, 0x00, 0x00, 0x00, 0x00, 0x00, 0x00, 0x00, 0x00, 0x00, 0x00, 0x00, 0x00, 0x00, 0x00, 0x00, 0x00, 0x00, 0x00, 0x00, 0x00, 0x00, 0x00, 0x00, 0x22, 0x26, 0x27, 0x2a, 0x2a, 0x2c, 0x2d, 0x28, 0x12, 0x10, 0x10, 0x02, 0x02, 0x0b, 0x10, 0x10, 0x0f, 0x10, 0x0e, 0x14, 0x28, 0x2c, 0x2c, 0x27, 0x24, 0x24, 0x24, 0x24, 0x24, 0x24, 0x24, 0x24, 0x24, 0x22, 0x27, 0x2c, 0x2c, 0x27, 0x11, 0x0f, 0x10, 0x0f, 0x10, 0x0f, 0x04, 0x02, 0x02, 0x10, 0x10, 0x12, 0x28, 0x2d, 0x2c, 0x2c, 0x2c, 0x28, 0x27, 0x00, 0x00, 0x00, 0x00, 0x00, 0x00, 0x00, 0x00, 0x00, 0x00, 0x00, 0x00, 0x00, 0x00, 0x00, 0x00, 0x00, 0x00, 0x00, 0x00, 0x00, 0x00, 0x00, 0x00, 0x00, 0x00, 0x00, 0x00, 0x00,
  0x00, 0x00, 0x00, 0x00, 0x00, 0x00, 0x00, 0x00, 0x00, 0x00, 0x00, 0x00, 0x00, 0x00, 0x00, 0x00, 0x00, 0x00, 0x00, 0x00, 0x00, 0x00, 0x00, 0x00, 0x00, 0x00, 0x00, 0x23, 0x26, 0x2d, 0x2c, 0x2d, 0x2d, 0x26, 0x1f, 0x1e, 0x02, 0x02, 0x02, 0x02, 0x0a, 0x0a, 0x10, 0x10, 0x0f, 0x10, 0x0f, 0x14, 0x2d, 0x2c, 0x2a, 0x2c, 0x24, 0x22, 0x22, 0x22, 0x22, 0x22, 0x22, 0x24, 0x24, 0x24, 0x2c, 0x2a, 0x2d, 0x2a, 0x12, 0x0f, 0x0f, 0x0f, 0x0e, 0x0b, 0x0a, 0x04, 0x02, 0x02, 0x02, 0x02, 0x1e, 0x1e, 0x27, 0x2d, 0x2d, 0x2c, 0x2d, 0x27, 0x22, 0x00, 0x00, 0x00, 0x00, 0x00, 0x00, 0x00, 0x00, 0x00, 0x00, 0x00, 0x00, 0x00, 0x00, 0x00, 0x00, 0x00, 0x00, 0x00, 0x00, 0x00, 0x00, 0x00, 0x00, 0x00, 0x00, 0x00,
  0x00, 0x00, 0x00, 0x00, 0x00, 0x00, 0x00, 0x00, 0x00, 0x00, 0x00, 0x00, 0x00, 0x00, 0x00, 0x00, 0x00, 0x00, 0x00, 0x00, 0x00, 0x00, 0x00, 0x00, 0x00, 0x00, 0x25, 0x27, 0x2d, 0x2a, 0x2d, 0x23, 0x23, 0x1e, 0x02, 0x02, 0x04, 0x04, 0x0a, 0x04, 0x04, 0x04, 0x0b, 0x10, 0x10, 0x11, 0x11, 0x11, 0x1f, 0x28, 0x2c, 0x2c, 0x28, 0x24, 0x24, 0x24, 0x24, 0x24, 0x24, 0x24, 0x27, 0x2c, 0x2c, 0x2c, 0x27, 0x1f, 0x03, 0x11, 0x11, 0x10, 0x0c, 0x04, 0x04, 0x0a, 0x02, 0x0a, 0x0a, 0x0a, 0x03, 0x02, 0x1f, 0x1f, 0x23, 0x2d, 0x2c, 0x2c, 0x27, 0x25, 0x00, 0x00, 0x00, 0x00, 0x00, 0x00, 0x00, 0x00, 0x00, 0x00, 0x00, 0x00, 0x00, 0x00, 0x00, 0x00, 0x00, 0x00, 0x00, 0x00, 0x00, 0x00, 0x00, 0x00, 0x00, 0x00,
  0x00, 0x00, 0x00, 0x00, 0x00, 0x00, 0x00, 0x00, 0x00, 0x00, 0x00, 0x00, 0x00, 0x00, 0x00, 0x00, 0x00, 0x00, 0x00, 0x00, 0x00, 0x00, 0x00, 0x00, 0x23, 0x23, 0x27, 0x2d, 0x2d, 0x2a, 0x25, 0x12, 0x02, 0x05, 0x11, 0x10, 0x0e, 0x05, 0x04, 0x03, 0x04, 0x0a, 0x0a, 0x0c, 0x05, 0x03, 0x03, 0x1e, 0x1f, 0x27, 0x2c, 0x2a, 0x2a, 0x2a, 0x2a, 0x2a, 0x2a, 0x2a, 0x2a, 0x2c, 0x2c, 0x2a, 0x2a, 0x2c, 0x27, 0x1f, 0x1f, 0x0f, 0x03, 0x05, 0x0b, 0x0a, 0x04, 0x0a, 0x0a, 0x0a, 0x04, 0x0a, 0x10, 0x10, 0x05, 0x02, 0x14, 0x25, 0x2c, 0x2d, 0x2d, 0x27, 0x25, 0x25, 0x00, 0x00, 0x00, 0x00, 0x00, 0x00, 0x00, 0x00, 0x00, 0x00, 0x00, 0x00, 0x00, 0x00, 0x00, 0x00, 0x00, 0x00, 0x00, 0x00, 0x00, 0x00, 0x00, 0x00,
  0x00, 0x00, 0x00, 0x00, 0x00, 0x00, 0x00, 0x00, 0x00, 0x00, 0x00, 0x00, 0x00, 0x00, 0x00, 0x00, 0x00, 0x00, 0x00, 0x00, 0x00, 0x00, 0x00, 0x00, 0x27, 0x2c, 0x2c, 0x28, 0x27, 0x25, 0x02, 0x10, 0x10, 0x10, 0x10, 0x10, 0x0f, 0x0c, 0x04, 0x04, 0x04, 0x04, 0x02, 0x02, 0x14, 0x1f, 0x1e, 0x26, 0x2d, 0x2c, 0x2a, 0x2c, 0x2a, 0x29, 0x29, 0x29, 0x29, 0x29, 0x29, 0x2a, 0x2a, 0x2c, 0x2a, 0x2a, 0x2c, 0x2d, 0x2c, 0x1f, 0x1e, 0x14, 0x02, 0x02, 0x02, 0x0a, 0x0a, 0x04, 0x0c, 0x0c, 0x0c, 0x0e, 0x10, 0x11, 0x0f, 0x05, 0x25, 0x26, 0x2a, 0x2d, 0x2c, 0x2c, 0x00, 0x00, 0x00, 0x00, 0x00, 0x00, 0x00, 0x00, 0x00, 0x00, 0x00, 0x00, 0x00, 0x00, 0x00, 0x00, 0x00, 0x00, 0x00, 0x00, 0x00, 0x00, 0x00, 0x00,
  0x00, 0x00, 0x00, 0x00, 0x00, 0x00, 0x00, 0x00, 0x00, 0x00, 0x00, 0x00, 0x00, 0x00, 0x00, 0x00, 0x00, 0x00, 0x00, 0x00, 0x00, 0x00, 0x00, 0x28, 0x2a, 0x29, 0x2d, 0x23, 0x02, 0x11, 0x11, 0x10, 0x0c, 0x0c, 0x0c, 0x0c, 0x0f, 0x0c, 0x06, 0x04, 0x02, 0x02, 0x10, 0x0a, 0x25, 0x2d, 0x2c, 0x2c, 0x2a, 0x2a, 0x2c, 0x2a, 0x29, 0x29, 0x29, 0x23, 0x21, 0x21, 0x26, 0x29, 0x29, 0x2a, 0x2a, 0x2a, 0x2a, 0x2a, 0x2a, 0x2c, 0x2d, 0x25, 0x0a, 0x10, 0x02, 0x02, 0x04, 0x0b, 0x0b, 0x0c, 0x0f, 0x08, 0x0c, 0x0f, 0x10, 0x11, 0x0e, 0x0e, 0x25, 0x2c, 0x2a, 0x2a, 0x26, 0x00, 0x00, 0x00, 0x00, 0x00, 0x00, 0x00, 0x00, 0x00, 0x00, 0x00, 0x00, 0x00, 0x00, 0x00, 0x00, 0x00, 0x00, 0x00, 0x00, 0x00, 0x00, 0x00,
  0x00, 0x00, 0x00, 0x00, 0x00, 0x00, 0x00, 0x00, 0x00, 0x00, 0x00, 0x00, 0x00, 0x00, 0x00, 0x00, 0x00, 0x00, 0x00, 0x00, 0x00, 0x22, 0x26, 0x29, 0x29, 0x2d, 0x23, 0x13, 0x10, 0x10, 0x10, 0x0f, 0x0b, 0x0b, 0x0b, 0x0c, 0x0f, 0x10, 0x10, 0x03, 0x01, 0x10, 0x27, 0x27, 0x29, 0x29, 0x2a, 0x2d, 0x2c, 0x2d, 0x25, 0x21, 0x21, 0x21, 0x21, 0x20, 0x20, 0x20, 0x21, 0x21, 0x21, 0x21, 0x21, 0x26, 0x2d, 0x2c, 0x2c, 0x2a, 0x29, 0x29, 0x27, 0x27, 0x10, 0x01, 0x0c, 0x10, 0x10, 0x0c, 0x0c, 0x0e, 0x0e, 0x10, 0x0f, 0x11, 0x15, 0x19, 0x15, 0x25, 0x2d, 0x29, 0x2b, 0x28, 0x00, 0x00, 0x00, 0x00, 0x00, 0x00, 0x00, 0x00, 0x00, 0x00, 0x00, 0x00, 0x00, 0x00, 0x00, 0x00, 0x00, 0x00, 0x00, 0x00, 0x00, 0x00,
  0x00, 0x00, 0x00, 0x00, 0x00, 0x00, 0x00, 0x00, 0x00, 0x00, 0x00, 0x00, 0x00, 0x00, 0x00, 0x00, 0x00, 0x00, 0x00, 0x00, 0x23, 0x26, 0x2b, 0x29, 0x2a, 0x23, 0x10, 0x05, 0x11, 0x10, 0x10, 0x0e, 0x0f, 0x0c, 0x0b, 0x0b, 0x10, 0x0e, 0x01, 0x1f, 0x26, 0x25, 0x29, 0x29, 0x29, 0x2b, 0x29, 0x23, 0x23, 0x23, 0x21, 0x20, 0x20, 0x20, 0x20, 0x20, 0x20, 0x20, 0x20, 0x20, 0x21, 0x20, 0x20, 0x21, 0x23, 0x23, 0x21, 0x27, 0x2b, 0x29, 0x29, 0x29, 0x26, 0x27, 0x1f, 0x01, 0x06, 0x10, 0x09, 0x0f, 0x10, 0x0f, 0x0f, 0x11, 0x18, 0x1e, 0x19, 0x1e, 0x23, 0x2c, 0x29, 0x29, 0x26, 0x22, 0x00, 0x00, 0x00, 0x00, 0x00, 0x00, 0x00, 0x00, 0x00, 0x00, 0x00, 0x00, 0x00, 0x00, 0x00, 0x00, 0x00, 0x00, 0x00, 0x00,
  0x00, 0x00, 0x00, 0x00, 0x00, 0x00, 0x00, 0x00, 0x00, 0x00, 0x00, 0x00, 0x00, 0x00, 0x00, 0x00, 0x00, 0x00, 0x00, 0x23, 0x26, 0x2a, 0x29, 0x2a, 0x23, 0x01, 0x02, 0x10, 0x0f, 0x0f, 0x0f, 0x0f, 0x0f, 0x0c, 0x10, 0x0c, 0x01, 0x1f, 0x23, 0x26, 0x2d, 0x2b, 0x2b, 0x2b, 0x25, 0x23, 0x23, 0x20, 0x20, 0x20, 0x20, 0x21, 0x20, 0x19, 0x21, 0x20, 0x20, 0x20, 0x20, 0x21, 0x19, 0x20, 0x21, 0x20, 0x20, 0x20, 0x19, 0x21, 0x23, 0x26, 0x2b, 0x2b, 0x2b, 0x2d, 0x26, 0x25, 0x1f, 0x01, 0x0f, 0x10, 0x10, 0x0e, 0x0e, 0x10, 0x0f, 0x16, 0x1e, 0x13, 0x17, 0x23, 0x29, 0x29, 0x2a, 0x26, 0x23, 0x00, 0x00, 0x00, 0x00, 0x00, 0x00, 0x00, 0x00, 0x00, 0x00, 0x00, 0x00, 0x00, 0x00, 0x00, 0x00, 0x00, 0x00, 0x00,
  0x00, 0x00, 0x00, 0x00, 0x00, 0x00, 0x00, 0x00, 0x00, 0x00, 0x00, 0x00, 0x00, 0x00, 0x00, 0x00, 0x00, 0x00, 0x00, 0x25, 0x2b, 0x29, 0x29, 0x23, 0x01, 0x02, 0x04, 0x07, 0x0f, 0x0c, 0x0f, 0x0f, 0x0f, 0x10, 0x0e, 0x0e, 0x1f, 0x27, 0x2d, 0x2c, 0x2b, 0x29, 0x25, 0x25, 0x21, 0x19, 0x20, 0x20, 0x20, 0x20, 0x20, 0x20, 0x20, 0x13, 0x19, 0x21, 0x21, 0x20, 0x21, 0x19, 0x13, 0x20, 0x20, 0x20, 0x20, 0x20, 0x20, 0x20, 0x19, 0x21, 0x25, 0x25, 0x29, 0x2c, 0x2c, 0x2d, 0x27, 0x1f, 0x03, 0x0e, 0x10, 0x0f, 0x0f, 0x10, 0x0f, 0x16, 0x19, 0x18, 0x14, 0x12, 0x23, 0x29, 0x29, 0x2b, 0x25, 0x00, 0x00, 0x00, 0x00, 0x00, 0x00, 0x00, 0x00, 0x00, 0x00, 0x00, 0x00, 0x00, 0x00, 0x00, 0x00, 0x00, 0x00, 0x00,
  0x00, 0x00, 0x00, 0x00, 0x00, 0x00, 0x00, 0x00, 0x00, 0x00, 0x00, 0x00, 0x00, 0x00, 0x00, 0x00, 0x00, 0x00, 0x00, 0x26, 0x2a, 0x28, 0x25, 0x01, 0x02, 0x02, 0x04, 0x04, 0x08, 0x0c, 0x0f, 0x0f, 0x11, 0x0f, 0x11, 0x1f, 0x2c, 0x2a, 0x2a, 0x2a, 0x29, 0x26, 0x20, 0x19, 0x20, 0x20, 0x20, 0x20, 0x20, 0x20, 0x20, 0x20, 0x21, 0x20, 0x13, 0x1e, 0x20, 0x21, 0x1e, 0x13, 0x21, 0x21, 0x20, 0x20, 0x20, 0x20, 0x20, 0x20, 0x20, 0x20, 0x19, 0x20, 0x27, 0x29, 0x2a, 0x2a, 0x2b, 0x2c, 0x1f, 0x12, 0x0e, 0x10, 0x0f, 0x0f, 0x0f, 0x13, 0x16, 0x15, 0x15, 0x16, 0x11, 0x25, 0x29, 0x2b, 0x26, 0x00, 0x00, 0x00, 0x00, 0x00, 0x00, 0x00, 0x00, 0x00, 0x00, 0x00, 0x00, 0x00, 0x00, 0x00, 0x00, 0x00, 0x00, 0x00,
  0x00, 0x00, 0x00, 0x00, 0x00, 0x00, 0x00, 0x00, 0x00, 0x00, 0x00, 0x00, 0x00, 0x00, 0x00, 0x00, 0x00, 0x00, 0x28, 0x2a, 0x2b, 0x23, 0x01, 0x0a, 0x02, 0x04, 0x0a, 0x04, 0x06, 0x0c, 0x0f, 0x0f, 0x11, 0x11, 0x1f, 0x2d, 0x2a, 0x2a, 0x2c, 0x26, 0x20, 0x21, 0x20, 0x20, 0x20, 0x20, 0x20, 0x20, 0x20, 0x20, 0x20, 0x20, 0x20, 0x20, 0x21, 0x11, 0x1e, 0x1e, 0x13, 0x21, 0x21, 0x20, 0x20, 0x20, 0x20, 0x20, 0x20, 0x20, 0x20, 0x20, 0x20, 0x21, 0x21, 0x21, 0x26, 0x2c, 0x2a, 0x29, 0x2d, 0x23, 0x11, 0x0f, 0x10, 0x0f, 0x0c, 0x03, 0x12, 0x14, 0x15, 0x15, 0x17, 0x13, 0x25, 0x2b, 0x2a, 0x28, 0x00, 0x00, 0x00, 0x00, 0x00, 0x00, 0x00, 0x00, 0x00, 0x00, 0x00, 0x00, 0x00, 0x00, 0x00, 0x00, 0x00, 0x00,
  0x00, 0x00, 0x00, 0x00, 0x00, 0x00, 0x00, 0x00, 0x00, 0x00, 0x00, 0x00, 0x00, 0x00, 0x00, 0x00, 0x1f, 0x27, 0x2c, 0x2a, 0x2d, 0x23, 0x01, 0x0a, 0x04, 0x0a, 0x04, 0x0a, 0x04, 0x0a, 0x0f, 0x11, 0x02, 0x23, 0x2d, 0x2a, 0x2a, 0x2d, 0x23, 0x20, 0x21, 0x20, 0x20, 0x21, 0x20, 0x20, 0x20, 0x20, 0x20, 0x20, 0x13, 0x15, 0x21, 0x20, 0x20, 0x20, 0x13, 0x13, 0x20, 0x21, 0x20, 0x21, 0x13, 0x15, 0x20, 0x20, 0x20, 0x20, 0x20, 0x20, 0x21, 0x21, 0x21, 0x21, 0x20, 0x25, 0x2d, 0x2a, 0x2a, 0x2d, 0x23, 0x03, 0x12, 0x0f, 0x07, 0x02, 0x02, 0x10, 0x14, 0x15, 0x17, 0x11, 0x25, 0x2c, 0x2a, 0x2c, 0x27, 0x00, 0x00, 0x00, 0x00, 0x00, 0x00, 0x00, 0x00, 0x00, 0x00, 0x00, 0x00, 0x00, 0x00, 0x00, 0x00, 0x00,
  0x00, 0x00, 0x00, 0x00, 0x00, 0x00, 0x00, 0x00, 0x00, 0x00, 0x00, 0x00, 0x00, 0x00, 0x00, 0x25, 0x27, 0x2c, 0x2a, 0x2c, 0x23, 0x12, 0x02, 0x04, 0x0a, 0x0a, 0x04, 0x02, 0x04, 0x04, 0x10, 0x02, 0x23, 0x2a, 0x2c, 0x2a, 0x2d, 0x23, 0x21, 0x20, 0x20, 0x21, 0x21, 0x13, 0x1e, 0x20, 0x20, 0x20, 0x20, 0x13, 0x05, 0x11, 0x15, 0x21, 0x20, 0x21, 0x20, 0x20, 0x21, 0x20, 0x21, 0x13, 0x0e, 0x0e, 0x15, 0x20, 0x20, 0x20, 0x20, 0x1e, 0x13, 0x21, 0x21, 0x21, 0x20, 0x21, 0x23, 0x2d, 0x2a, 0x2c, 0x2c, 0x23, 0x01, 0x11, 0x0a, 0x0a, 0x02, 0x10, 0x16, 0x14, 0x15, 0x15, 0x1e, 0x25, 0x2d, 0x2a, 0x2c, 0x27, 0x22, 0x00, 0x00, 0x00, 0x00, 0x00, 0x00, 0x00, 0x00, 0x00, 0x00, 0x00, 0x00, 0x00, 0x00, 0x00,
  0x00, 0x00, 0x00, 0x00, 0x00, 0x00, 0x00, 0x00, 0x00, 0x00, 0x00, 0x00, 0x00, 0x00, 0x00, 0x26, 0x2c, 0x2c, 0x2a, 0x2d, 0x1e, 0x01, 0x0a, 0x04, 0x04, 0x04, 0x06, 0x03, 0x02, 0x02, 0x01, 0x23, 0x2a, 0x2c, 0x2c, 0x2c, 0x23, 0x21, 0x20, 0x20, 0x21, 0x21, 0x19, 0x15, 0x15, 0x1e, 0x20, 0x20, 0x15, 0x02, 0x16, 0x19, 0x13, 0x19, 0x21, 0x21, 0x21, 0x21, 0x21, 0x21, 0x15, 0x13, 0x1e, 0x13, 0x03, 0x1e, 0x20, 0x20, 0x1e, 0x13, 0x15, 0x15, 0x21, 0x21, 0x20, 0x20, 0x21, 0x23, 0x2c, 0x2c, 0x2c, 0x27, 0x23, 0x02, 0x02, 0x0a, 0x02, 0x0a, 0x11, 0x14, 0x15, 0x16, 0x13, 0x1e, 0x25, 0x2c, 0x2c, 0x2c, 0x23, 0x00, 0x00, 0x00, 0x00, 0x00, 0x00, 0x00, 0x00, 0x00, 0x00, 0x00, 0x00, 0x00, 0x00, 0x00,
  0x00, 0x00, 0x00, 0x00, 0x00, 0x00, 0x00, 0x00, 0x00, 0x00, 0x00, 0x00, 0x00, 0x00, 0x00, 0x27, 0x2c, 0x2c, 0x2c, 0x25, 0x14, 0x03, 0x0a, 0x02, 0x04, 0x04, 0x04, 0x04, 0x02, 0x10, 0x1f, 0x28, 0x2b, 0x2b, 0x2a, 0x25, 0x20, 0x20, 0x20, 0x21, 0x20, 0x15, 0x15, 0x21, 0x19, 0x13, 0x1e, 0x1e, 0x03, 0x13, 0x20, 0x20, 0x20, 0x13, 0x19, 0x20, 0x20, 0x21, 0x20, 0x19, 0x11, 0x1e, 0x20, 0x20, 0x12, 0x03, 0x1e, 0x1e, 0x13, 0x19, 0x21, 0x15, 0x15, 0x20, 0x21, 0x20, 0x20, 0x20, 0x25, 0x29, 0x2b, 0x2c, 0x2a, 0x1f, 0x02, 0x02, 0x0a, 0x02, 0x02, 0x14, 0x15, 0x16, 0x1e, 0x15, 0x21, 0x2d, 0x2a, 0x2a, 0x25, 0x00, 0x00, 0x00, 0x00, 0x00, 0x00, 0x00, 0x00, 0x00, 0x00, 0x00, 0x00, 0x00, 0x00, 0x00,
  0x00, 0x00, 0x00, 0x00, 0x00, 0x00, 0x00, 0x00, 0x00, 0x00, 0x00, 0x00, 0x00, 0x00, 0x27, 0x2a, 0x2c, 0x2c, 0x25, 0x0f, 0x05, 0x10, 0x0b, 0x04, 0x04, 0x04, 0x04, 0x04, 0x01, 0x14, 0x2c, 0x29, 0x29, 0x27, 0x23, 0x20, 0x21, 0x20, 0x20, 0x20, 0x15, 0x13, 0x21, 0x20, 0x21, 0x15, 0x11, 0x12, 0x12, 0x20, 0x20, 0x20, 0x20, 0x20, 0x13, 0x19, 0x20, 0x21, 0x1e, 0x13, 0x20, 0x20, 0x20, 0x20, 0x20, 0x11, 0x13, 0x13, 0x19, 0x21, 0x20, 0x21, 0x15, 0x15, 0x20, 0x20, 0x20, 0x20, 0x1e, 0x25, 0x29, 0x2a, 0x2a, 0x2c, 0x1f, 0x0a, 0x02, 0x0a, 0x02, 0x10, 0x16, 0x19, 0x19, 0x18, 0x21, 0x27, 0x2c, 0x2a, 0x2a, 0x27, 0x00, 0x00, 0x00, 0x00, 0x00, 0x00, 0x00, 0x00, 0x00, 0x00, 0x00, 0x00, 0x00, 0x00,
  0x00, 0x00, 0x00, 0x00, 0x00, 0x00, 0x00, 0x00, 0x00, 0x00, 0x00, 0x00, 0x00, 0x00, 0x26, 0x2a, 0x2c, 0x28, 0x12, 0x0f, 0x11, 0x0f, 0x0c, 0x09, 0x03, 0x04, 0x0a, 0x01, 0x1e, 0x27, 0x29, 0x29, 0x29, 0x23, 0x19, 0x21, 0x20, 0x20, 0x21, 0x19, 0x13, 0x21, 0x20, 0x20, 0x20, 0x21, 0x19, 0x13, 0x21, 0x20, 0x20, 0x20, 0x20, 0x20, 0x21, 0x13, 0x13, 0x15, 0x13, 0x21, 0x20, 0x20, 0x20, 0x20, 0x20, 0x21, 0x11, 0x19, 0x21, 0x20, 0x20, 0x20, 0x21, 0x13, 0x19, 0x21, 0x20, 0x20, 0x20, 0x19, 0x23, 0x2b, 0x2a, 0x29, 0x2c, 0x1f, 0x01, 0x0a, 0x02, 0x02, 0x12, 0x18, 0x1e, 0x19, 0x18, 0x1e, 0x27, 0x2a, 0x2a, 0x25, 0x00, 0x00, 0x00, 0x00, 0x00, 0x00, 0x00, 0x00, 0x00, 0x00, 0x00, 0x00, 0x00, 0x00,
  0x00, 0x00, 0x00, 0x00, 0x00, 0x00, 0x00, 0x00, 0x00, 0x00, 0x00, 0x00, 0x00, 0x25, 0x29, 0x2b, 0x26, 0x14, 0x11, 0x10, 0x10, 0x0f, 0x0f, 0x0e, 0x09, 0x04, 0x0a, 0x01, 0x1f, 0x2c, 0x29, 0x2b, 0x23, 0x20, 0x20, 0x20, 0x20, 0x20, 0x20, 0x21, 0x21, 0x20, 0x20, 0x20, 0x20, 0x20, 0x20, 0x20, 0x20, 0x20, 0x20, 0x1e, 0x20, 0x20, 0x20, 0x21, 0x13, 0x15, 0x21, 0x20, 0x20, 0x20, 0x19, 0x20, 0x20, 0x20, 0x20, 0x20, 0x20, 0x20, 0x21, 0x20, 0x20, 0x20, 0x20, 0x20, 0x20, 0x20, 0x20, 0x20, 0x20, 0x23, 0x2d, 0x29, 0x2a, 0x17, 0x01, 0x0a, 0x04, 0x0a, 0x0e, 0x17, 0x1e, 0x19, 0x19, 0x1e, 0x1e, 0x27, 0x2a, 0x29, 0x25, 0x00, 0x00, 0x00, 0x00, 0x00, 0x00, 0x00, 0x00, 0x00, 0x00, 0x00, 0x00, 0x00,
  0x00, 0x00, 0x00, 0x00, 0x00, 0x00, 0x00, 0x00, 0x00, 0x00, 0x00, 0x00, 0x00, 0x27, 0x2a, 0x2b, 0x27, 0x02, 0x10, 0x10, 0x10, 0x0f, 0x10, 0x0f, 0x0c, 0x0b, 0x01, 0x1e, 0x27, 0x29, 0x29, 0x23, 0x21, 0x20, 0x20, 0x20, 0x20, 0x20, 0x20, 0x20, 0x21, 0x21, 0x21, 0x13, 0x1e, 0x21, 0x20, 0x20, 0x20, 0x20, 0x11, 0x0e, 0x13, 0x20, 0x20, 0x21, 0x20, 0x20, 0x20, 0x20, 0x20, 0x11, 0x02, 0x12, 0x21, 0x21, 0x20, 0x20, 0x21, 0x1e, 0x13, 0x21, 0x20, 0x20, 0x20, 0x20, 0x20, 0x20, 0x20, 0x20, 0x20, 0x21, 0x23, 0x29, 0x29, 0x27, 0x1e, 0x01, 0x0c, 0x0b, 0x10, 0x11, 0x15, 0x1e, 0x19, 0x18, 0x16, 0x27, 0x2b, 0x2b, 0x26, 0x00, 0x00, 0x00, 0x00, 0x00, 0x00, 0x00, 0x00, 0x00, 0x00, 0x00, 0x00, 0x00,
  0x00, 0x00, 0x00, 0x00, 0x00, 0x00, 0x00, 0x00, 0x00, 0x00, 0x00, 0x00, 0x25, 0x27, 0x2b, 0x25, 0x1f, 0x02, 0x0b, 0x0c, 0x0f, 0x0f, 0x0f, 0x10, 0x10, 0x03, 0x1f, 0x25, 0x2b, 0x29, 0x2b, 0x21, 0x20, 0x20, 0x20, 0x20, 0x13, 0x20, 0x21, 0x20, 0x21, 0x21, 0x18, 0x13, 0x13, 0x1e, 0x20, 0x20, 0x21, 0x11, 0x13, 0x1e, 0x11, 0x13, 0x21, 0x20, 0x20, 0x20, 0x20, 0x20, 0x12, 0x11, 0x1e, 0x13, 0x15, 0x21, 0x20, 0x21, 0x1e, 0x13, 0x13, 0x19, 0x21, 0x21, 0x20, 0x20, 0x1e, 0x13, 0x20, 0x20, 0x20, 0x20, 0x21, 0x2b, 0x29, 0x2b, 0x25, 0x1f, 0x0c, 0x10, 0x10, 0x0e, 0x14, 0x1e, 0x18, 0x18, 0x15, 0x23, 0x26, 0x2b, 0x27, 0x23, 0x00, 0x00, 0x00, 0x00, 0x00, 0x00, 0x00, 0x00, 0x00, 0x00, 0x00, 0x00,
  0x00, 0x00, 0x00, 0x00, 0x00, 0x00, 0x00, 0x00, 0x00, 0x00, 0x00, 0x00, 0x27, 0x2a, 0x2d, 0x23, 0x01, 0x0a, 0x02, 0x12, 0x11, 0x0f, 0x0f, 0x0f, 0x11, 0x01, 0x25, 0x2d, 0x29, 0x29, 0x25, 0x21, 0x20, 0x20, 0x1e, 0x13, 0x09, 0x13, 0x20, 0x21, 0x21, 0x1e, 0x13, 0x21, 0x18, 0x11, 0x1e, 0x20, 0x13, 0x13, 0x20, 0x20, 0x20, 0x13, 0x15, 0x20, 0x20, 0x20, 0x20, 0x13, 0x11, 0x1e, 0x21, 0x20, 0x15, 0x15, 0x21, 0x1e, 0x13, 0x19, 0x21, 0x13, 0x19, 0x20, 0x21, 0x20, 0x12, 0x10, 0x13, 0x20, 0x21, 0x20, 0x21, 0x25, 0x29, 0x29, 0x2d, 0x26, 0x01, 0x10, 0x0f, 0x0f, 0x13, 0x19, 0x18, 0x16, 0x16, 0x0f, 0x23, 0x2b, 0x2a, 0x2a, 0x00, 0x00, 0x00, 0x00, 0x00, 0x00, 0x00, 0x00, 0x00, 0x00, 0x00, 0x00,
  0x00, 0x00, 0x00, 0x00, 0x00, 0x00, 0x00, 0x00, 0x00, 0x00, 0x00, 0x22, 0x28, 0x2a, 0x27, 0x1f, 0x01, 0x02, 0x0a, 0x17, 0x13, 0x0e, 0x10, 0x10, 0x11, 0x14, 0x25, 0x2c, 0x2b, 0x27, 0x19, 0x1e, 0x20, 0x1e, 0x12, 0x11, 0x20, 0x13, 0x13, 0x20, 0x19, 0x13, 0x21, 0x20, 0x21, 0x15, 0x11, 0x14, 0x12, 0x20, 0x20, 0x20, 0x20, 0x21, 0x13, 0x19, 0x20, 0x20, 0x15, 0x13, 0x20, 0x20, 0x20, 0x21, 0x20, 0x13, 0x15, 0x11, 0x15, 0x21, 0x20, 0x21, 0x13, 0x19, 0x20, 0x13, 0x11, 0x1f, 0x11, 0x13, 0x20, 0x20, 0x19, 0x19, 0x27, 0x2b, 0x2c, 0x26, 0x17, 0x11, 0x10, 0x0f, 0x0e, 0x13, 0x18, 0x15, 0x16, 0x13, 0x23, 0x27, 0x2b, 0x2a, 0x00, 0x00, 0x00, 0x00, 0x00, 0x00, 0x00, 0x00, 0x00, 0x00, 0x00, 0x00,
  0x00, 0x00, 0x00, 0x00, 0x00, 0x00, 0x00, 0x00, 0x00, 0x00, 0x23, 0x28, 0x2c, 0x2c, 0x1f, 0x02, 0x02, 0x02, 0x10, 0x16, 0x12, 0x06, 0x10, 0x10, 0x11, 0x27, 0x2d, 0x2a, 0x2a, 0x26, 0x20, 0x11, 0x13, 0x11, 0x12, 0x20, 0x20, 0x20, 0x13, 0x0e, 0x13, 0x20, 0x21, 0x20, 0x20, 0x21, 0x15, 0x05, 0x20, 0x20, 0x20, 0x20, 0x20, 0x20, 0x21, 0x13, 0x11, 0x11, 0x13, 0x21, 0x21, 0x20, 0x20, 0x20, 0x21, 0x21, 0x05, 0x15, 0x21, 0x20, 0x21, 0x21, 0x20, 0x13, 0x0e, 0x15, 0x20, 0x20, 0x20, 0x13, 0x12, 0x10, 0x15, 0x20, 0x26, 0x2b, 0x2a, 0x2d, 0x28, 0x11, 0x10, 0x10, 0x0e, 0x11, 0x14, 0x15, 0x15, 0x16, 0x11, 0x23, 0x2d, 0x2c, 0x27, 0x23, 0x00, 0x00, 0x00, 0x00, 0x00, 0x00, 0x00, 0x00, 0x00, 0x00,
  0x00, 0x00, 0x00, 0x00, 0x00, 0x00, 0x00, 0x00, 0x00, 0x00, 0x23, 0x2c, 0x2a, 0x2d, 0x23, 0x03, 0x0a, 0x04, 0x02, 0x14, 0x12, 0x02, 0x0f, 0x10, 0x11, 0x27, 0x2c, 0x2c, 0x26, 0x20, 0x20, 0x20, 0x12, 0x11, 0x20, 0x20, 0x20, 0x20, 0x20, 0x18, 0x20, 0x21, 0x21, 0x21, 0x20, 0x20, 0x1e, 0x1e, 0x1e, 0x20, 0x20, 0x20, 0x20, 0x20, 0x20, 0x20, 0x1e, 0x19, 0x20, 0x20, 0x20, 0x20, 0x20, 0x20, 0x20, 0x20, 0x1e, 0x1e, 0x20, 0x20, 0x21, 0x21, 0x21, 0x20, 0x19, 0x20, 0x20, 0x20, 0x20, 0x21, 0x12, 0x12, 0x20, 0x20, 0x20, 0x26, 0x2c, 0x2c, 0x27, 0x03, 0x10, 0x10, 0x0c, 0x02, 0x0f, 0x14, 0x16, 0x18, 0x13, 0x23, 0x2d, 0x2c, 0x2a, 0x1f, 0x00, 0x00, 0x00, 0x00, 0x00, 0x00, 0x00, 0x00, 0x00, 0x00,
  0x00, 0x00, 0x00, 0x00, 0x00, 0x00, 0x00, 0x00, 0x00, 0x25, 0x26, 0x2c, 0x2c, 0x23, 0x1e, 0x10, 0x0a, 0x0a, 0x02, 0x0c, 0x0a, 0x02, 0x0c, 0x0f, 0x03, 0x27, 0x2c, 0x2d, 0x27, 0x20, 0x20, 0x20, 0x1e, 0x1e, 0x20, 0x20, 0x20, 0x19, 0x19, 0x1e, 0x20, 0x20, 0x20, 0x20, 0x25, 0x27, 0x26, 0x26, 0x26, 0x26, 0x26, 0x27, 0x27, 0x27, 0x27, 0x27, 0x26, 0x26, 0x26, 0x27, 0x27, 0x27, 0x26, 0x26, 0x26, 0x26, 0x26, 0x26, 0x27, 0x26, 0x20, 0x20, 0x20, 0x20, 0x1e, 0x19, 0x19, 0x20, 0x20, 0x20, 0x1e, 0x1e, 0x20, 0x20, 0x20, 0x27, 0x2d, 0x2c, 0x2a, 0x23, 0x12, 0x07, 0x0a, 0x02, 0x0c, 0x17, 0x15, 0x16, 0x16, 0x1f, 0x25, 0x2c, 0x2c, 0x25, 0x23, 0x00, 0x00, 0x00, 0x00, 0x00, 0x00, 0x00, 0x00, 0x00,
  0x00, 0x00, 0x00, 0x00, 0x00, 0x00, 0x00, 0x00, 0x00, 0x27, 0x2c, 0x2c, 0x2c, 0x21, 0x13, 0x11, 0x0a, 0x0a, 0x0a, 0x02, 0x02, 0x04, 0x03, 0x12, 0x23, 0x28, 0x2d, 0x27, 0x23, 0x21, 0x21, 0x20, 0x20, 0x1e, 0x20, 0x19, 0x20, 0x25, 0x25, 0x25, 0x25, 0x25, 0x25, 0x25, 0x29, 0x2c, 0x2c, 0x2d, 0x2d, 0x2d, 0x2d, 0x2d, 0x2d, 0x2d, 0x2d, 0x2d, 0x2d, 0x2d, 0x2d, 0x2d, 0x2d, 0x2d, 0x2d, 0x2d, 0x2d, 0x2d, 0x2d, 0x2d, 0x2c, 0x2a, 0x25, 0x25, 0x25, 0x25, 0x25, 0x25, 0x25, 0x23, 0x19, 0x19, 0x19, 0x20, 0x20, 0x21, 0x21, 0x23, 0x27, 0x2c, 0x2c, 0x2c, 0x12, 0x02, 0x04, 0x02, 0x0a, 0x12, 0x14, 0x16, 0x1e, 0x15, 0x21, 0x2d, 0x2a, 0x2c, 0x25, 0x00, 0x00, 0x00, 0x00, 0x00, 0x00, 0x00, 0x00, 0x00,
  0x00, 0x00, 0x00, 0x00, 0x00, 0x00, 0x00, 0x00, 0x00, 0x27, 0x29, 0x2c, 0x2d, 0x21, 0x12, 0x10, 0x0b, 0x0a, 0x04, 0x04, 0x04, 0x04, 0x02, 0x0c, 0x2c, 0x2c, 0x2d, 0x25, 0x20, 0x20, 0x20, 0x23, 0x23, 0x23, 0x23, 0x23, 0x23, 0x2b, 0x2b, 0x2b, 0x2d, 0x2d, 0x2d, 0x2d, 0x2c, 0x2d, 0x29, 0x25, 0x23, 0x23, 0x23, 0x23, 0x25, 0x25, 0x25, 0x23, 0x23, 0x23, 0x25, 0x25, 0x25, 0x25, 0x23, 0x23, 0x23, 0x25, 0x25, 0x29, 0x2d, 0x2c, 0x2d, 0x2d, 0x2b, 0x2d, 0x2b, 0x2b, 0x2c, 0x27, 0x23, 0x23, 0x23, 0x23, 0x23, 0x20, 0x21, 0x19, 0x25, 0x2d, 0x2a, 0x28, 0x0a, 0x01, 0x0a, 0x0a, 0x02, 0x02, 0x14, 0x18, 0x19, 0x16, 0x21, 0x2d, 0x2b, 0x29, 0x25, 0x00, 0x00, 0x00, 0x00, 0x00, 0x00, 0x00, 0x00, 0x00,
  0x00, 0x00, 0x00, 0x00, 0x00, 0x00, 0x00, 0x00, 0x00, 0x25, 0x2a, 0x2a, 0x27, 0x21, 0x11, 0x0f, 0x0c, 0x0b, 0x04, 0x02, 0x04, 0x02, 0x0a, 0x1e, 0x27, 0x2a, 0x2c, 0x26, 0x21, 0x23, 0x23, 0x2b, 0x2d, 0x2b, 0x2b, 0x2b, 0x2b, 0x29, 0x2a, 0x28, 0x26, 0x26, 0x26, 0x26, 0x26, 0x27, 0x23, 0x12, 0x02, 0x01, 0x01, 0x01, 0x01, 0x01, 0x02, 0x02, 0x02, 0x02, 0x02, 0x02, 0x01, 0x01, 0x01, 0x01, 0x01, 0x03, 0x17, 0x23, 0x27, 0x26, 0x26, 0x26, 0x26, 0x26, 0x28, 0x2a, 0x29, 0x2b, 0x2b, 0x2b, 0x2b, 0x2d, 0x29, 0x23, 0x23, 0x23, 0x26, 0x2b, 0x2a, 0x28, 0x1f, 0x0a, 0x02, 0x04, 0x02, 0x06, 0x17, 0x19, 0x19, 0x18, 0x21, 0x27, 0x2a, 0x2a, 0x25, 0x00, 0x00, 0x00, 0x00, 0x00, 0x00, 0x00, 0x00, 0x00,
  0x00, 0x00, 0x00, 0x00, 0x00, 0x00, 0x00, 0x00, 0x25, 0x29, 0x2a, 0x29, 0x1e, 0x18, 0x12, 0x0c, 0x0a, 0x0b, 0x0a, 0x04, 0x0a, 0x01, 0x17, 0x2c, 0x29, 0x2a, 0x2a, 0x2b, 0x2c, 0x2c, 0x2c, 0x2a, 0x2a, 0x2a, 0x28, 0x28, 0x28, 0x28, 0x2d, 0x23, 0x01, 0x02, 0x01, 0x02, 0x02, 0x02, 0x0f, 0x11, 0x10, 0x0c, 0x04, 0x04, 0x02, 0x04, 0x0c, 0x10, 0x11, 0x11, 0x10, 0x0b, 0x04, 0x02, 0x04, 0x0a, 0x0c, 0x10, 0x11, 0x10, 0x02, 0x02, 0x01, 0x02, 0x02, 0x01, 0x25, 0x2c, 0x28, 0x28, 0x28, 0x29, 0x29, 0x2a, 0x2c, 0x2c, 0x2c, 0x2c, 0x2b, 0x2a, 0x29, 0x29, 0x2c, 0x14, 0x01, 0x0a, 0x02, 0x0f, 0x17, 0x19, 0x19, 0x19, 0x19, 0x18, 0x27, 0x2b, 0x27, 0x27, 0x00, 0x00, 0x00, 0x00, 0x00, 0x00, 0x00, 0x00,
  0x00, 0x00, 0x00, 0x00, 0x00, 0x00, 0x00, 0x00, 0x25, 0x2c, 0x2a, 0x27, 0x1e, 0x18, 0x12, 0x10, 0x0c, 0x0c, 0x0c, 0x04, 0x0a, 0x01, 0x1e, 0x2a, 0x29, 0x29, 0x29, 0x29, 0x29, 0x2a, 0x2d, 0x2d, 0x2d, 0x25, 0x12, 0x14, 0x14, 0x14, 0x14, 0x12, 0x04, 0x02, 0x02, 0x02, 0x02, 0x02, 0x10, 0x11, 0x10, 0x07, 0x02, 0x14, 0x14, 0x02, 0x03, 0x19, 0x20, 0x1e, 0x18, 0x02, 0x02, 0x17, 0x14, 0x02, 0x0c, 0x10, 0x11, 0x0f, 0x02, 0x02, 0x01, 0x02, 0x02, 0x0a, 0x12, 0x14, 0x12, 0x12, 0x12, 0x14, 0x26, 0x2d, 0x2d, 0x2d, 0x2c, 0x29, 0x29, 0x29, 0x29, 0x29, 0x2a, 0x14, 0x01, 0x02, 0x04, 0x0f, 0x11, 0x18, 0x19, 0x19, 0x19, 0x1e, 0x27, 0x29, 0x29, 0x28, 0x00, 0x00, 0x00, 0x00, 0x00, 0x00, 0x00, 0x00,
  0x00, 0x00, 0x00, 0x00, 0x00, 0x00, 0x00, 0x00, 0x25, 0x2a, 0x2b, 0x29, 0x17, 0x11, 0x10, 0x10, 0x0b, 0x0c, 0x0c, 0x0a, 0x0c, 0x01, 0x14, 0x2b, 0x29, 0x29, 0x2b, 0x2c, 0x2d, 0x28, 0x1f, 0x1f, 0x1f, 0x14, 0x02, 0x02, 0x01, 0x01, 0x03, 0x0f, 0x0a, 0x05, 0x14, 0x14, 0x03, 0x02, 0x12, 0x1e, 0x11, 0x0b, 0x02, 0x16, 0x18, 0x02, 0x03, 0x19, 0x20, 0x20, 0x19, 0x02, 0x02, 0x1e, 0x18, 0x03, 0x08, 0x11, 0x1e, 0x12, 0x02, 0x0b, 0x16, 0x14, 0x08, 0x0c, 0x0e, 0x03, 0x01, 0x01, 0x02, 0x02, 0x17, 0x1f, 0x1f, 0x1f, 0x28, 0x2d, 0x2c, 0x2b, 0x29, 0x29, 0x2a, 0x12, 0x01, 0x0a, 0x04, 0x0f, 0x11, 0x18, 0x19, 0x19, 0x18, 0x18, 0x29, 0x2b, 0x29, 0x27, 0x00, 0x00, 0x00, 0x00, 0x00, 0x00, 0x00, 0x00,
  0x00, 0x00, 0x00, 0x00, 0x00, 0x00, 0x00, 0x25, 0x27, 0x2b, 0x27, 0x21, 0x14, 0x04, 0x04, 0x0b, 0x0b, 0x0c, 0x0c, 0x10, 0x01, 0x14, 0x25, 0x2a, 0x29, 0x2d, 0x23, 0x1f, 0x1f, 0x1f, 0x02, 0x02, 0x01, 0x02, 0x0c, 0x0c, 0x13, 0x14, 0x11, 0x0f, 0x07, 0x11, 0x1e, 0x1e, 0x0e, 0x02, 0x12, 0x20, 0x11, 0x0b, 0x03, 0x16, 0x18, 0x02, 0x03, 0x18, 0x20, 0x1e, 0x18, 0x03, 0x02, 0x1e, 0x18, 0x0e, 0x08, 0x11, 0x21, 0x12, 0x02, 0x10, 0x1e, 0x1e, 0x0f, 0x0e, 0x0c, 0x11, 0x14, 0x12, 0x02, 0x04, 0x03, 0x03, 0x03, 0x05, 0x1f, 0x23, 0x1f, 0x23, 0x2d, 0x29, 0x2a, 0x25, 0x14, 0x01, 0x0c, 0x10, 0x11, 0x18, 0x19, 0x18, 0x18, 0x15, 0x23, 0x27, 0x29, 0x28, 0x25, 0x00, 0x00, 0x00, 0x00, 0x00, 0x00, 0x00,
  0x00, 0x00, 0x00, 0x00, 0x00, 0x00, 0x00, 0x26, 0x2b, 0x2b, 0x26, 0x12, 0x14, 0x0a, 0x02, 0x04, 0x0c, 0x0a, 0x10, 0x04, 0x14, 0x25, 0x2d, 0x29, 0x2a, 0x25, 0x12, 0x01, 0x01, 0x01, 0x0f, 0x13, 0x15, 0x12, 0x0c, 0x11, 0x1e, 0x1e, 0x12, 0x03, 0x0f, 0x11, 0x1e, 0x1e, 0x0e, 0x01, 0x11, 0x1e, 0x11, 0x0c, 0x05, 0x19, 0x1e, 0x02, 0x03, 0x19, 0x1e, 0x1e, 0x18, 0x02, 0x03, 0x1e, 0x19, 0x0e, 0x0c, 0x11, 0x20, 0x11, 0x01, 0x10, 0x1e, 0x1e, 0x11, 0x0e, 0x02, 0x12, 0x1e, 0x1e, 0x0e, 0x08, 0x13, 0x15, 0x13, 0x11, 0x02, 0x01, 0x01, 0x12, 0x25, 0x2a, 0x2a, 0x2d, 0x25, 0x14, 0x0a, 0x10, 0x10, 0x13, 0x16, 0x18, 0x16, 0x15, 0x11, 0x26, 0x2a, 0x2a, 0x26, 0x00, 0x00, 0x00, 0x00, 0x00, 0x00, 0x00,
  0x00, 0x00, 0x00, 0x00, 0x00, 0x00, 0x00, 0x26, 0x2a, 0x2b, 0x26, 0x14, 0x14, 0x0a, 0x02, 0x04, 0x0a, 0x0b, 0x10, 0x02, 0x25, 0x2d, 0x29, 0x2a, 0x27, 0x10, 0x02, 0x10, 0x0a, 0x0a, 0x03, 0x1e, 0x21, 0x15, 0x0e, 0x11, 0x1e, 0x1e, 0x11, 0x03, 0x0f, 0x11, 0x1e, 0x1e, 0x0f, 0x02, 0x11, 0x1e, 0x11, 0x0e, 0x0e, 0x19, 0x1e, 0x03, 0x02, 0x19, 0x1e, 0x1e, 0x18, 0x02, 0x03, 0x1e, 0x19, 0x0e, 0x07, 0x11, 0x1e, 0x11, 0x01, 0x11, 0x1e, 0x1e, 0x11, 0x06, 0x02, 0x12, 0x1e, 0x1e, 0x11, 0x05, 0x18, 0x21, 0x1e, 0x0e, 0x0c, 0x04, 0x0c, 0x02, 0x10, 0x26, 0x2a, 0x29, 0x2d, 0x25, 0x02, 0x10, 0x10, 0x03, 0x13, 0x17, 0x15, 0x15, 0x14, 0x26, 0x2b, 0x2a, 0x26, 0x00, 0x00, 0x00, 0x00, 0x00, 0x00, 0x00,
  0x00, 0x00, 0x00, 0x00, 0x00, 0x00, 0x00, 0x26, 0x2b, 0x2a, 0x26, 0x13, 0x12, 0x02, 0x02, 0x03, 0x0b, 0x05, 0x0c, 0x02, 0x23, 0x2d, 0x2c, 0x27, 0x12, 0x02, 0x16, 0x17, 0x02, 0x0a, 0x03, 0x19, 0x20, 0x13, 0x05, 0x11, 0x1e, 0x1e, 0x12, 0x02, 0x0c, 0x11, 0x20, 0x1e, 0x11, 0x02, 0x11, 0x1e, 0x0e, 0x07, 0x0e, 0x1e, 0x1e, 0x05, 0x02, 0x18, 0x1e, 0x1e, 0x18, 0x02, 0x05, 0x1e, 0x19, 0x0e, 0x04, 0x0f, 0x1e, 0x11, 0x02, 0x11, 0x20, 0x1e, 0x11, 0x04, 0x02, 0x12, 0x1e, 0x1e, 0x11, 0x0e, 0x15, 0x20, 0x19, 0x03, 0x04, 0x02, 0x17, 0x14, 0x02, 0x11, 0x28, 0x2a, 0x2c, 0x23, 0x02, 0x10, 0x0c, 0x04, 0x13, 0x16, 0x15, 0x14, 0x13, 0x25, 0x29, 0x2a, 0x26, 0x00, 0x00, 0x00, 0x00, 0x00, 0x00, 0x00,
  0x00, 0x00, 0x00, 0x00, 0x00, 0x00, 0x27, 0x2a, 0x2c, 0x25, 0x14, 0x14, 0x02, 0x02, 0x04, 0x04, 0x04, 0x08, 0x10, 0x02, 0x25, 0x2d, 0x2c, 0x27, 0x10, 0x05, 0x18, 0x19, 0x03, 0x0a, 0x02, 0x19, 0x20, 0x13, 0x03, 0x11, 0x20, 0x1e, 0x12, 0x02, 0x0e, 0x11, 0x20, 0x20, 0x11, 0x02, 0x11, 0x1e, 0x06, 0x04, 0x05, 0x1e, 0x1e, 0x0e, 0x02, 0x18, 0x1e, 0x1e, 0x18, 0x03, 0x0e, 0x20, 0x1e, 0x05, 0x02, 0x0e, 0x1f, 0x11, 0x03, 0x13, 0x20, 0x1e, 0x11, 0x04, 0x02, 0x12, 0x1e, 0x1e, 0x11, 0x05, 0x15, 0x20, 0x19, 0x02, 0x04, 0x02, 0x18, 0x16, 0x03, 0x12, 0x28, 0x2c, 0x2d, 0x23, 0x02, 0x10, 0x0b, 0x02, 0x12, 0x16, 0x15, 0x15, 0x14, 0x13, 0x25, 0x2c, 0x28, 0x27, 0x00, 0x00, 0x00, 0x00, 0x00, 0x00,
  0x00, 0x00, 0x00, 0x00, 0x00, 0x00, 0x2c, 0x2a, 0x2d, 0x23, 0x11, 0x14, 0x02, 0x02, 0x03, 0x03, 0x04, 0x0b, 0x10, 0x02, 0x23, 0x2d, 0x2c, 0x27, 0x12, 0x0e, 0x1e, 0x1e, 0x05, 0x04, 0x03, 0x18, 0x1e, 0x13, 0x03, 0x11, 0x20, 0x20, 0x12, 0x02, 0x05, 0x12, 0x20, 0x20, 0x11, 0x0e, 0x10, 0x12, 0x04, 0x0a, 0x0f, 0x13, 0x14, 0x10, 0x04, 0x12, 0x12, 0x12, 0x12, 0x0b, 0x11, 0x15, 0x13, 0x10, 0x0a, 0x04, 0x12, 0x11, 0x0e, 0x13, 0x20, 0x20, 0x11, 0x03, 0x02, 0x12, 0x20, 0x20, 0x11, 0x03, 0x13, 0x20, 0x18, 0x02, 0x0a, 0x03, 0x1e, 0x19, 0x05, 0x12, 0x28, 0x2c, 0x2d, 0x23, 0x02, 0x10, 0x0a, 0x02, 0x02, 0x12, 0x15, 0x15, 0x16, 0x11, 0x23, 0x2c, 0x2c, 0x28, 0x00, 0x00, 0x00, 0x00, 0x00, 0x00,
  0x00, 0x00, 0x00, 0x00, 0x00, 0x00, 0x2a, 0x2a, 0x2d, 0x25, 0x13, 0x14, 0x02, 0x02, 0x02, 0x03, 0x02, 0x07, 0x10, 0x02, 0x23, 0x2d, 0x2b, 0x27, 0x12, 0x0e, 0x1e, 0x1e, 0x0e, 0x0a, 0x03, 0x1e, 0x1e, 0x12, 0x02, 0x11, 0x18, 0x17, 0x10, 0x02, 0x09, 0x11, 0x15, 0x18, 0x11, 0x0f, 0x03, 0x01, 0x01, 0x01, 0x01, 0x02, 0x02, 0x02, 0x01, 0x01, 0x01, 0x01, 0x01, 0x02, 0x03, 0x03, 0x02, 0x02, 0x01, 0x01, 0x01, 0x03, 0x0f, 0x12, 0x18, 0x15, 0x0e, 0x04, 0x03, 0x12, 0x1e, 0x19, 0x11, 0x03, 0x13, 0x1e, 0x18, 0x02, 0x04, 0x05, 0x1e, 0x19, 0x0e, 0x12, 0x28, 0x2c, 0x2d, 0x23, 0x02, 0x10, 0x04, 0x02, 0x02, 0x10, 0x16, 0x15, 0x16, 0x13, 0x25, 0x2d, 0x2c, 0x28, 0x00, 0x00, 0x00, 0x00, 0x00, 0x00,
  0x00, 0x00, 0x00, 0x00, 0x00, 0x00, 0x2a, 0x2a, 0x2d, 0x25, 0x13, 0x0e, 0x02, 0x02, 0x04, 0x04, 0x04, 0x04, 0x10, 0x02, 0x23, 0x2d, 0x2b, 0x27, 0x12, 0x0e, 0x1e, 0x1e, 0x0e, 0x0a, 0x03, 0x14, 0x14, 0x10, 0x02, 0x04, 0x02, 0x01, 0x01, 0x02, 0x02, 0x02, 0x03, 0x05, 0x05, 0x13, 0x1e, 0x1f, 0x1f, 0x1f, 0x1f, 0x1f, 0x1f, 0x1f, 0x1f, 0x1f, 0x1f, 0x1f, 0x1f, 0x1f, 0x1f, 0x1f, 0x1f, 0x1f, 0x1f, 0x1f, 0x1f, 0x18, 0x13, 0x0e, 0x0e, 0x03, 0x02, 0x01, 0x02, 0x03, 0x05, 0x05, 0x0c, 0x02, 0x11, 0x14, 0x13, 0x03, 0x0c, 0x0e, 0x1e, 0x1e, 0x0e, 0x12, 0x28, 0x2c, 0x2d, 0x23, 0x02, 0x10, 0x04, 0x04, 0x02, 0x11, 0x16, 0x15, 0x18, 0x13, 0x25, 0x2d, 0x2c, 0x28, 0x00, 0x00, 0x00, 0x00, 0x00, 0x00,
  0x00, 0x00, 0x00, 0x00, 0x00, 0x00, 0x2c, 0x2c, 0x2a, 0x23, 0x15, 0x0e, 0x04, 0x04, 0x04, 0x04, 0x07, 0x07, 0x10, 0x02, 0x23, 0x2d, 0x2b, 0x27, 0x12, 0x0e, 0x19, 0x1e, 0x0f, 0x0f, 0x0c, 0x02, 0x01, 0x02, 0x02, 0x0a, 0x14, 0x14, 0x12, 0x14, 0x14, 0x14, 0x14, 0x17, 0x17, 0x1f, 0x25, 0x2d, 0x2c, 0x2c, 0x2c, 0x2c, 0x2c, 0x2d, 0x2c, 0x2c, 0x2c, 0x2c, 0x2c, 0x2d, 0x2d, 0x2d, 0x2c, 0x2c, 0x2c, 0x2c, 0x2d, 0x26, 0x21, 0x17, 0x17, 0x14, 0x14, 0x14, 0x14, 0x14, 0x17, 0x14, 0x0a, 0x02, 0x02, 0x01, 0x02, 0x0b, 0x10, 0x0e, 0x1e, 0x18, 0x05, 0x12, 0x28, 0x2c, 0x2d, 0x23, 0x02, 0x10, 0x03, 0x03, 0x02, 0x10, 0x14, 0x15, 0x18, 0x15, 0x23, 0x2a, 0x2c, 0x2a, 0x00, 0x00, 0x00, 0x00, 0x00, 0x00,
  0x00, 0x00, 0x00, 0x00, 0x00, 0x28, 0x2c, 0x2d, 0x23, 0x15, 0x19, 0x0e, 0x08, 0x07, 0x09, 0x0c, 0x08, 0x05, 0x0f, 0x02, 0x23, 0x2d, 0x2b, 0x27, 0x12, 0x10, 0x11, 0x10, 0x10, 0x10, 0x11, 0x0c, 0x0a, 0x02, 0x01, 0x12, 0x28, 0x2a, 0x2a, 0x2a, 0x2a, 0x2a, 0x2a, 0x2c, 0x2c, 0x2a, 0x2c, 0x2c, 0x2a, 0x28, 0x28, 0x28, 0x28, 0x28, 0x28, 0x28, 0x28, 0x28, 0x28, 0x28, 0x28, 0x28, 0x28, 0x28, 0x28, 0x2c, 0x2c, 0x2c, 0x2c, 0x2c, 0x2c, 0x2a, 0x2a, 0x2a, 0x2c, 0x2c, 0x2c, 0x28, 0x12, 0x02, 0x0a, 0x0a, 0x0c, 0x10, 0x10, 0x0e, 0x0e, 0x10, 0x10, 0x12, 0x28, 0x2c, 0x2d, 0x23, 0x02, 0x10, 0x03, 0x02, 0x02, 0x02, 0x0f, 0x17, 0x18, 0x19, 0x15, 0x23, 0x2d, 0x2c, 0x28, 0x00, 0x00, 0x00, 0x00, 0x00,
  0x00, 0x00, 0x00, 0x00, 0x00, 0x2a, 0x2c, 0x2d, 0x23, 0x18, 0x19, 0x0f, 0x0e, 0x05, 0x0b, 0x0b, 0x07, 0x06, 0x0f, 0x02, 0x25, 0x2d, 0x2b, 0x27, 0x1e, 0x0e, 0x02, 0x02, 0x02, 0x02, 0x0e, 0x26, 0x27, 0x26, 0x26, 0x26, 0x29, 0x29, 0x2a, 0x2a, 0x2a, 0x2c, 0x2c, 0x2d, 0x2d, 0x2d, 0x2d, 0x2c, 0x22, 0x22, 0x1d, 0x1d, 0x22, 0x22, 0x22, 0x22, 0x22, 0x22, 0x22, 0x22, 0x1d, 0x1d, 0x1d, 0x1d, 0x22, 0x22, 0x2c, 0x2d, 0x2d, 0x2d, 0x2d, 0x2c, 0x2c, 0x2c, 0x2a, 0x2a, 0x29, 0x29, 0x26, 0x26, 0x26, 0x27, 0x25, 0x02, 0x02, 0x02, 0x01, 0x01, 0x11, 0x21, 0x29, 0x2a, 0x2d, 0x23, 0x02, 0x10, 0x07, 0x04, 0x04, 0x02, 0x10, 0x18, 0x19, 0x19, 0x15, 0x23, 0x2d, 0x2a, 0x28, 0x00, 0x00, 0x00, 0x00, 0x00,
  0x00, 0x00, 0x00, 0x00, 0x00, 0x28, 0x2c, 0x2d, 0x23, 0x18, 0x19, 0x0f, 0x0e, 0x09, 0x09, 0x07, 0x07, 0x03, 0x0b, 0x10, 0x1e, 0x25, 0x2c, 0x29, 0x26, 0x26, 0x25, 0x25, 0x25, 0x25, 0x26, 0x2c, 0x2c, 0x2c, 0x2d, 0x2c, 0x2b, 0x2b, 0x2c, 0x2c, 0x2d, 0x27, 0x22, 0x22, 0x22, 0x22, 0x22, 0x22, 0x1d, 0x1d, 0x1d, 0x1d, 0x1d, 0x1d, 0x1d, 0x1d, 0x1d, 0x1d, 0x1d, 0x1d, 0x1d, 0x1d, 0x1d, 0x1d, 0x1d, 0x1d, 0x22, 0x22, 0x22, 0x22, 0x22, 0x22, 0x22, 0x2c, 0x2d, 0x2c, 0x2c, 0x2c, 0x2c, 0x2d, 0x2c, 0x2c, 0x2a, 0x25, 0x25, 0x25, 0x25, 0x25, 0x26, 0x27, 0x2a, 0x2c, 0x23, 0x14, 0x10, 0x0e, 0x05, 0x03, 0x04, 0x03, 0x11, 0x1e, 0x19, 0x19, 0x15, 0x23, 0x2d, 0x2a, 0x28, 0x00, 0x00, 0x00, 0x00, 0x00,
  0x00, 0x00, 0x00, 0x00, 0x00, 0x28, 0x2c, 0x2d, 0x23, 0x19, 0x1e, 0x0f, 0x0c, 0x0b, 0x0b, 0x04, 0x09, 0x04, 0x0b, 0x03, 0x01, 0x1f, 0x2d, 0x29, 0x2c, 0x2d, 0x2d, 0x2d, 0x2d, 0x2d, 0x2d, 0x2c, 0x2d, 0x27, 0x24, 0x24, 0x24, 0x24, 0x24, 0x24, 0x24, 0x24, 0x1a, 0x1c, 0x1c, 0x1c, 0x1c, 0x1c, 0x1d, 0x1d, 0x1d, 0x1c, 0x1c, 0x1c, 0x1c, 0x1c, 0x1c, 0x1c, 0x1c, 0x1c, 0x1c, 0x1c, 0x1c, 0x1c, 0x1d, 0x1d, 0x1c, 0x1c, 0x1a, 0x1c, 0x1c, 0x1c, 0x1d, 0x24, 0x24, 0x24, 0x24, 0x24, 0x24, 0x24, 0x26, 0x2d, 0x2c, 0x2d, 0x2d, 0x2d, 0x2d, 0x2d, 0x2c, 0x2c, 0x2a, 0x2d, 0x1f, 0x01, 0x03, 0x0f, 0x05, 0x03, 0x02, 0x07, 0x11, 0x13, 0x18, 0x19, 0x15, 0x23, 0x2d, 0x2a, 0x27, 0x00, 0x00, 0x00, 0x00, 0x00,
  0x00, 0x00, 0x00, 0x00, 0x00, 0x28, 0x2c, 0x2d, 0x23, 0x13, 0x13, 0x0e, 0x0b, 0x09, 0x05, 0x04, 0x0b, 0x07, 0x02, 0x1f, 0x1f, 0x23, 0x2b, 0x29, 0x2a, 0x2a, 0x2c, 0x28, 0x26, 0x26, 0x26, 0x27, 0x28, 0x24, 0x1d, 0x1d, 0x1a, 0x1b, 0x1b, 0x1b, 0x1b, 0x1d, 0x1c, 0x1c, 0x1c, 0x1a, 0x1c, 0x1c, 0x1c, 0x1c, 0x1a, 0x1a, 0x1a, 0x1a, 0x1a, 0x1a, 0x1a, 0x1a, 0x1a, 0x1a, 0x1a, 0x1a, 0x1a, 0x1a, 0x1c, 0x1c, 0x1c, 0x1c, 0x1a, 0x1c, 0x1c, 0x1c, 0x1d, 0x1c, 0x1b, 0x1b, 0x1b, 0x1b, 0x1d, 0x1d, 0x22, 0x28, 0x27, 0x26, 0x26, 0x25, 0x28, 0x2b, 0x2a, 0x2a, 0x2a, 0x2c, 0x23, 0x1f, 0x1f, 0x02, 0x02, 0x02, 0x03, 0x09, 0x0e, 0x0f, 0x18, 0x19, 0x15, 0x21, 0x27, 0x2a, 0x29, 0x23, 0x00, 0x00, 0x00, 0x00,
  0x00, 0x00, 0x00, 0x00, 0x23, 0x28, 0x2c, 0x28, 0x23, 0x13, 0x05, 0x0b, 0x0c, 0x0e, 0x08, 0x07, 0x04, 0x0a, 0x14, 0x27, 0x2d, 0x2b, 0x2a, 0x2a, 0x2a, 0x2c, 0x2c, 0x24, 0x1d, 0x1d, 0x1b, 0x1d, 0x1d, 0x1d, 0x1d, 0x1d, 0x1c, 0x1a, 0x1b, 0x1b, 0x1a, 0x1c, 0x1c, 0x1c, 0x1c, 0x1b, 0x1b, 0x1a, 0x1c, 0x1c, 0x1c, 0x1a, 0x1a, 0x1a, 0x1a, 0x1a, 0x1a, 0x1a, 0x1a, 0x1a, 0x1a, 0x1a, 0x1c, 0x1c, 0x1c, 0x1c, 0x1b, 0x1b, 0x1b, 0x1c, 0x1c, 0x1c, 0x1a, 0x1c, 0x1a, 0x1a, 0x1b, 0x1a, 0x1d, 0x1d, 0x1d, 0x1d, 0x1d, 0x1b, 0x1d, 0x1d, 0x25, 0x28, 0x2a, 0x2a, 0x2a, 0x2a, 0x2c, 0x2d, 0x28, 0x14, 0x0a, 0x02, 0x02, 0x03, 0x0f, 0x11, 0x19, 0x19, 0x19, 0x15, 0x21, 0x2a, 0x29, 0x28, 0x25, 0x00, 0x00, 0x00,
  0x00, 0x00, 0x00, 0x25, 0x27, 0x2a, 0x2c, 0x21, 0x18, 0x14, 0x05, 0x0b, 0x0c, 0x0c, 0x0c, 0x0c, 0x02, 0x12, 0x28, 0x2a, 0x29, 0x2a, 0x2a, 0x2a, 0x2a, 0x2c, 0x24, 0x1d, 0x1d, 0x1d, 0x1a, 0x1b, 0x1a, 0x1c, 0x1c, 0x1c, 0x1c, 0x1a, 0x1b, 0x1b, 0x1b, 0x1c, 0x1c, 0x1c, 0x1a, 0x1a, 0x1b, 0x1a, 0x1c, 0x1c, 0x1c, 0x1a, 0x1a, 0x1a, 0x1a, 0x1a, 0x1a, 0x1a, 0x1a, 0x1a, 0x1a, 0x1a, 0x1c, 0x1c, 0x1c, 0x1a, 0x1b, 0x1a, 0x1a, 0x1c, 0x1c, 0x1c, 0x1c, 0x1a, 0x1a, 0x1b, 0x1b, 0x1c, 0x1c, 0x1c, 0x1c, 0x1a, 0x1b, 0x1b, 0x1c, 0x1d, 0x1d, 0x24, 0x2d, 0x2a, 0x2a, 0x2c, 0x2a, 0x2a, 0x2c, 0x2a, 0x12, 0x02, 0x04, 0x06, 0x0e, 0x11, 0x19, 0x19, 0x19, 0x15, 0x21, 0x2a, 0x29, 0x28, 0x00, 0x00, 0x00, 0x00,
  0x00, 0x00, 0x00, 0x00, 0x29, 0x2a, 0x2b, 0x21, 0x16, 0x13, 0x03, 0x0c, 0x0e, 0x0c, 0x10, 0x01, 0x14, 0x27, 0x29, 0x2a, 0x2d, 0x25, 0x22, 0x2c, 0x29, 0x2c, 0x22, 0x1a, 0x1c, 0x1a, 0x1b, 0x1b, 0x1a, 0x1a, 0x1c, 0x1c, 0x1c, 0x1a, 0x1a, 0x1b, 0x1b, 0x1a, 0x1c, 0x1c, 0x1a, 0x1a, 0x1a, 0x1a, 0x1b, 0x1c, 0x1c, 0x1a, 0x1a, 0x1a, 0x1a, 0x1a, 0x1a, 0x1a, 0x1a, 0x1a, 0x1a, 0x1a, 0x1c, 0x1a, 0x1a, 0x1b, 0x1b, 0x1b, 0x1a, 0x1c, 0x1c, 0x1c, 0x1c, 0x1a, 0x1b, 0x1b, 0x1b, 0x1c, 0x1c, 0x1c, 0x1a, 0x1a, 0x1a, 0x1b, 0x1a, 0x1d, 0x1a, 0x22, 0x2d, 0x2a, 0x2c, 0x22, 0x25, 0x2d, 0x2a, 0x2a, 0x26, 0x10, 0x01, 0x0c, 0x0e, 0x11, 0x19, 0x19, 0x19, 0x15, 0x1f, 0x2a, 0x29, 0x28, 0x25, 0x00, 0x00, 0x00,
  0x00, 0x00, 0x00, 0x25, 0x29, 0x2a, 0x2a, 0x1f, 0x15, 0x13, 0x03, 0x0f, 0x0e, 0x0c, 0x02, 0x1e, 0x26, 0x2b, 0x29, 0x2d, 0x25, 0x1d, 0x22, 0x2c, 0x29, 0x2c, 0x22, 0x1a, 0x1c, 0x1c, 0x1a, 0x1b, 0x1a, 0x1a, 0x1a, 0x1c, 0x1c, 0x1a, 0x1c, 0x1b, 0x1b, 0x1b, 0x1c, 0x1c, 0x1a, 0x1a, 0x1a, 0x1a, 0x1a, 0x1a, 0x1a, 0x1c, 0x1a, 0x1a, 0x1a, 0x1a, 0x1a, 0x1a, 0x1a, 0x1a, 0x1a, 0x1a, 0x1c, 0x1a, 0x1a, 0x1a, 0x1c, 0x1c, 0x1c, 0x1c, 0x1c, 0x1c, 0x1a, 0x1a, 0x1b, 0x1b, 0x1c, 0x1c, 0x1c, 0x1c, 0x1b, 0x1a, 0x1a, 0x1a, 0x1c, 0x1c, 0x1a, 0x22, 0x2d, 0x2a, 0x2c, 0x22, 0x1d, 0x26, 0x2d, 0x2a, 0x2a, 0x25, 0x17, 0x02, 0x10, 0x11, 0x19, 0x19, 0x18, 0x13, 0x1f, 0x29, 0x29, 0x28, 0x25, 0x00, 0x00, 0x00,
  0x00, 0x00, 0x00, 0x25, 0x29, 0x2a, 0x2a, 0x1f, 0x15, 0x13, 0x05, 0x0f, 0x0c, 0x0c, 0x01, 0x23, 0x2d, 0x29, 0x2a, 0x24, 0x1d, 0x1c, 0x22, 0x2c, 0x29, 0x2c, 0x22, 0x1a, 0x1c, 0x1c, 0x1a, 0x1a, 0x1a, 0x1b, 0x1a, 0x1a, 0x1a, 0x1a, 0x1a, 0x1a, 0x1c, 0x1a, 0x1b, 0x1a, 0x1b, 0x1a, 0x1a, 0x1a, 0x1b, 0x1a, 0x1a, 0x1c, 0x1c, 0x1a, 0x1a, 0x1a, 0x1a, 0x1a, 0x1c, 0x1a, 0x1a, 0x1c, 0x1a, 0x1a, 0x1a, 0x1a, 0x1a, 0x1a, 0x1a, 0x1c, 0x1a, 0x1a, 0x1a, 0x1c, 0x1a, 0x1a, 0x1a, 0x1c, 0x1a, 0x1a, 0x1a, 0x1a, 0x1a, 0x1c, 0x1c, 0x1c, 0x1a, 0x22, 0x2c, 0x29, 0x2c, 0x22, 0x1a, 0x22, 0x25, 0x2a, 0x29, 0x2d, 0x1f, 0x02, 0x10, 0x10, 0x12, 0x15, 0x18, 0x13, 0x1f, 0x2b, 0x29, 0x28, 0x00, 0x00, 0x00, 0x00,
  0x00, 0x00, 0x00, 0x00, 0x29, 0x29, 0x2b, 0x1f, 0x13, 0x13, 0x05, 0x0c, 0x06, 0x10, 0x02, 0x1f, 0x2c, 0x2a, 0x2c, 0x1b, 0x1a, 0x1d, 0x22, 0x2c, 0x29, 0x2c, 0x22, 0x1b, 0x1c, 0x1c, 0x1c, 0x1a, 0x1a, 0x1b, 0x1b, 0x1a, 0x1b, 0x22, 0x22, 0x1d, 0x1a, 0x1a, 0x1b, 0x1b, 0x1b, 0x1d, 0x22, 0x22, 0x1b, 0x1b, 0x1a, 0x1a, 0x1a, 0x1a, 0x1c, 0x1c, 0x1c, 0x1c, 0x1c, 0x1a, 0x1a, 0x1c, 0x1a, 0x1a, 0x1a, 0x1b, 0x22, 0x22, 0x1d, 0x1a, 0x1b, 0x1a, 0x1c, 0x1a, 0x1d, 0x22, 0x22, 0x1b, 0x1a, 0x1a, 0x1a, 0x1a, 0x1c, 0x1c, 0x1c, 0x1c, 0x1b, 0x22, 0x2c, 0x2a, 0x2c, 0x22, 0x1d, 0x1a, 0x1d, 0x2c, 0x29, 0x2c, 0x1f, 0x02, 0x10, 0x0f, 0x05, 0x14, 0x16, 0x13, 0x1e, 0x25, 0x29, 0x29, 0x25, 0x00, 0x00, 0x00,
  0x00, 0x00, 0x00, 0x25, 0x29, 0x29, 0x29, 0x1f, 0x13, 0x12, 0x03, 0x0b, 0x07, 0x0f, 0x01, 0x1f, 0x2d, 0x2a, 0x2c, 0x1d, 0x1a, 0x1d, 0x24, 0x2c, 0x29, 0x2c, 0x22, 0x1b, 0x1c, 0x1c, 0x1c, 0x1c, 0x1c, 0x1b, 0x1b, 0x1a, 0x1b, 0x28, 0x2f, 0x24, 0x1b, 0x1b, 0x1b, 0x1b, 0x1b, 0x24, 0x2d, 0x2c, 0x1d, 0x1a, 0x1a, 0x1a, 0x1a, 0x1a, 0x1a, 0x1c, 0x1c, 0x1c, 0x1c, 0x1a, 0x1c, 0x1a, 0x1a, 0x1a, 0x1a, 0x1d, 0x2c, 0x2d, 0x24, 0x1b, 0x1b, 0x1b, 0x1c, 0x1b, 0x24, 0x2f, 0x27, 0x1b, 0x1a, 0x1a, 0x1a, 0x1a, 0x1a, 0x1c, 0x1c, 0x1c, 0x1b, 0x22, 0x2c, 0x2a, 0x2c, 0x22, 0x1d, 0x1a, 0x22, 0x2c, 0x2a, 0x2d, 0x1f, 0x02, 0x10, 0x0c, 0x04, 0x13, 0x14, 0x15, 0x13, 0x14, 0x27, 0x29, 0x2a, 0x25, 0x00, 0x00,
  0x00, 0x00, 0x27, 0x27, 0x2a, 0x29, 0x1e, 0x14, 0x10, 0x02, 0x04, 0x06, 0x0c, 0x10, 0x02, 0x1f, 0x2d, 0x2a, 0x2c, 0x1d, 0x1a, 0x1c, 0x22, 0x2c, 0x29, 0x2c, 0x22, 0x1b, 0x1b, 0x1a, 0x1c, 0x1c, 0x1c, 0x1a, 0x1a, 0x1c, 0x1b, 0x27, 0x2c, 0x2c, 0x25, 0x0d, 0x1b, 0x0d, 0x24, 0x2c, 0x2a, 0x28, 0x1d, 0x1a, 0x1a, 0x1a, 0x1a, 0x1a, 0x1c, 0x1c, 0x1c, 0x1c, 0x1c, 0x1c, 0x1c, 0x1a, 0x1a, 0x1a, 0x1a, 0x1d, 0x28, 0x2a, 0x2c, 0x24, 0x0d, 0x1b, 0x0d, 0x25, 0x2c, 0x2c, 0x26, 0x1b, 0x1c, 0x1b, 0x1b, 0x1c, 0x1c, 0x1c, 0x1c, 0x1a, 0x1b, 0x22, 0x2d, 0x2a, 0x2c, 0x22, 0x1c, 0x1a, 0x22, 0x2c, 0x2a, 0x2d, 0x1f, 0x02, 0x10, 0x07, 0x03, 0x02, 0x12, 0x17, 0x14, 0x1e, 0x27, 0x29, 0x2b, 0x23, 0x00, 0x00,
  0x00, 0x00, 0x28, 0x29, 0x2a, 0x29, 0x17, 0x13, 0x10, 0x02, 0x04, 0x07, 0x07, 0x0c, 0x02, 0x23, 0x2d, 0x2a, 0x2c, 0x1d, 0x1b, 0x1a, 0x22, 0x2c, 0x2a, 0x2c, 0x22, 0x1b, 0x1a, 0x1a, 0x1c, 0x1c, 0x1c, 0x1a, 0x1c, 0x1c, 0x1b, 0x27, 0x2d, 0x2a, 0x28, 0x27, 0x27, 0x27, 0x27, 0x29, 0x2a, 0x2c, 0x1d, 0x1a, 0x1a, 0x1a, 0x1a, 0x1c, 0x1c, 0x1c, 0x1c, 0x1c, 0x1c, 0x1c, 0x1a, 0x1a, 0x1a, 0x1b, 0x1a, 0x1d, 0x2c, 0x2a, 0x2a, 0x28, 0x27, 0x27, 0x27, 0x28, 0x2a, 0x2d, 0x27, 0x1b, 0x1c, 0x1c, 0x1c, 0x1c, 0x1c, 0x1c, 0x1a, 0x1b, 0x1b, 0x22, 0x2d, 0x2a, 0x2c, 0x22, 0x1c, 0x1b, 0x1f, 0x2c, 0x2a, 0x2d, 0x1f, 0x02, 0x10, 0x04, 0x04, 0x02, 0x12, 0x16, 0x14, 0x18, 0x27, 0x2a, 0x2c, 0x25, 0x00, 0x00,
  0x00, 0x00, 0x28, 0x2a, 0x2b, 0x29, 0x1e, 0x14, 0x11, 0x03, 0x07, 0x06, 0x04, 0x0a, 0x05, 0x14, 0x23, 0x2c, 0x2a, 0x27, 0x1d, 0x0d, 0x22, 0x2c, 0x29, 0x2c, 0x22, 0x1b, 0x1b, 0x1a, 0x1a, 0x1c, 0x1c, 0x1c, 0x1c, 0x1c, 0x1c, 0x1d, 0x26, 0x2d, 0x2c, 0x2a, 0x2a, 0x2a, 0x29, 0x2b, 0x28, 0x22, 0x1b, 0x1a, 0x1a, 0x1a, 0x1a, 0x1c, 0x1c, 0x1c, 0x1c, 0x1c, 0x1c, 0x1c, 0x1a, 0x1a, 0x1a, 0x1b, 0x1a, 0x1b, 0x22, 0x28, 0x2c, 0x2a, 0x2a, 0x2a, 0x2a, 0x2a, 0x2d, 0x27, 0x22, 0x1c, 0x1c, 0x1c, 0x1c, 0x1c, 0x1a, 0x1a, 0x1a, 0x1b, 0x1b, 0x22, 0x2d, 0x2a, 0x2c, 0x22, 0x0d, 0x22, 0x27, 0x2a, 0x2c, 0x23, 0x14, 0x0e, 0x0f, 0x04, 0x0a, 0x02, 0x12, 0x17, 0x15, 0x1e, 0x29, 0x2a, 0x2c, 0x25, 0x00, 0x00,
  0x00, 0x00, 0x28, 0x2a, 0x2a, 0x29, 0x1e, 0x14, 0x11, 0x03, 0x07, 0x04, 0x04, 0x0a, 0x10, 0x02, 0x1e, 0x2d, 0x2c, 0x2c, 0x25, 0x22, 0x25, 0x2c, 0x29, 0x2c, 0x22, 0x0d, 0x1b, 0x1a, 0x1a, 0x1a, 0x1c, 0x1c, 0x1c, 0x1c, 0x1c, 0x1a, 0x22, 0x24, 0x25, 0x2d, 0x2c, 0x2c, 0x2c, 0x26, 0x22, 0x1b, 0x1b, 0x1a, 0x1a, 0x1c, 0x1c, 0x1c, 0x1a, 0x1a, 0x1c, 0x1c, 0x1a, 0x1a, 0x1a, 0x1a, 0x1a, 0x1b, 0x1b, 0x1b, 0x0d, 0x22, 0x26, 0x2d, 0x2c, 0x2c, 0x2c, 0x25, 0x24, 0x22, 0x1a, 0x1c, 0x1c, 0x1c, 0x1c, 0x1c, 0x1a, 0x1a, 0x1b, 0x1b, 0x0d, 0x22, 0x2d, 0x2a, 0x2c, 0x24, 0x22, 0x25, 0x2c, 0x2b, 0x2d, 0x14, 0x03, 0x10, 0x0c, 0x0b, 0x0a, 0x02, 0x12, 0x16, 0x15, 0x1e, 0x28, 0x2c, 0x2c, 0x25, 0x00, 0x00,
  0x00, 0x00, 0x28, 0x2a, 0x2b, 0x29, 0x1e, 0x14, 0x12, 0x03, 0x04, 0x02, 0x04, 0x0b, 0x10, 0x0e, 0x14, 0x23, 0x25, 0x2c, 0x2c, 0x2c, 0x2a, 0x29, 0x29, 0x2c, 0x23, 0x1d, 0x1b, 0x1b, 0x1a, 0x1a, 0x1c, 0x1c, 0x1c, 0x1c, 0x1c, 0x1c, 0x1a, 0x0d, 0x1d, 0x27, 0x26, 0x26, 0x26, 0x22, 0x0d, 0x1b, 0x1b, 0x1a, 0x1a, 0x1c, 0x1c, 0x1d, 0x22, 0x1d, 0x1a, 0x1a, 0x1d, 0x22, 0x1b, 0x1a, 0x1a, 0x1b, 0x1b, 0x1a, 0x1b, 0x0d, 0x22, 0x27, 0x26, 0x26, 0x27, 0x1d, 0x0d, 0x1b, 0x1c, 0x1c, 0x1c, 0x1c, 0x1c, 0x1c, 0x1a, 0x1b, 0x1b, 0x1b, 0x1d, 0x24, 0x2c, 0x2a, 0x2a, 0x2c, 0x2c, 0x2b, 0x2a, 0x25, 0x23, 0x14, 0x0e, 0x10, 0x0f, 0x0b, 0x04, 0x02, 0x12, 0x16, 0x16, 0x1e, 0x23, 0x29, 0x2d, 0x26, 0x00, 0x00,
  0x00, 0x00, 0x2c, 0x2a, 0x2c, 0x2a, 0x1e, 0x14, 0x11, 0x02, 0x03, 0x02, 0x04, 0x0c, 0x0c, 0x10, 0x0f, 0x01, 0x17, 0x27, 0x27, 0x29, 0x29, 0x29, 0x29, 0x29, 0x2d, 0x24, 0x0d, 0x1b, 0x1a, 0x1c, 0x1c, 0x1c, 0x1c, 0x1c, 0x1a, 0x1a, 0x1b, 0x1b, 0x1c, 0x1b, 0x1b, 0x1b, 0x1b, 0x1b, 0x1b, 0x1b, 0x1b, 0x1b, 0x1c, 0x1c, 0x1a, 0x1d, 0x2e, 0x22, 0x1b, 0x1b, 0x22, 0x2c, 0x1d, 0x1a, 0x1c, 0x1a, 0x1b, 0x1a, 0x1a, 0x1b, 0x1b, 0x1b, 0x1b, 0x1b, 0x1b, 0x1b, 0x1b, 0x1b, 0x1a, 0x1a, 0x1c, 0x1c, 0x1c, 0x1c, 0x1c, 0x1a, 0x1c, 0x0d, 0x24, 0x2d, 0x29, 0x2a, 0x2a, 0x2a, 0x2a, 0x29, 0x25, 0x02, 0x01, 0x03, 0x0c, 0x0c, 0x0c, 0x0c, 0x04, 0x02, 0x12, 0x17, 0x18, 0x1e, 0x19, 0x26, 0x2c, 0x2c, 0x27, 0x00,
  0x00, 0x00, 0x26, 0x2c, 0x2c, 0x2a, 0x1e, 0x17, 0x12, 0x02, 0x03, 0x02, 0x04, 0x0b, 0x0c, 0x0e, 0x0f, 0x10, 0x10, 0x01, 0x23, 0x2c, 0x29, 0x29, 0x29, 0x29, 0x2c, 0x24, 0x1b, 0x1c, 0x1c, 0x1c, 0x1c, 0x1c, 0x1a, 0x1a, 0x1a, 0x1a, 0x1a, 0x1a, 0x1c, 0x1c, 0x1c, 0x1c, 0x1a, 0x1b, 0x1b, 0x1a, 0x1a, 0x1a, 0x1c, 0x1c, 0x1a, 0x1d, 0x28, 0x28, 0x28, 0x27, 0x28, 0x28, 0x1d, 0x1a, 0x1c, 0x1c, 0x1a, 0x1b, 0x1b, 0x1a, 0x1b, 0x1c, 0x1c, 0x1c, 0x1c, 0x1c, 0x1a, 0x1a, 0x1a, 0x1a, 0x1a, 0x1c, 0x1c, 0x1c, 0x1c, 0x1c, 0x1c, 0x1b, 0x24, 0x2c, 0x29, 0x29, 0x2a, 0x2a, 0x2c, 0x25, 0x01, 0x0a, 0x0a, 0x02, 0x05, 0x0b, 0x0c, 0x08, 0x04, 0x02, 0x13, 0x18, 0x18, 0x19, 0x18, 0x26, 0x2c, 0x2c, 0x27, 0x00,
  0x00, 0x25, 0x28, 0x2d, 0x27, 0x1e, 0x1e, 0x12, 0x0b, 0x07, 0x07, 0x04, 0x04, 0x0a, 0x0c, 0x0e, 0x0f, 0x0e, 0x0f, 0x05, 0x17, 0x1f, 0x1e, 0x1f, 0x2a, 0x2a, 0x2c, 0x24, 0x0d, 0x1c, 0x1c, 0x1c, 0x1c, 0x1c, 0x1a, 0x1a, 0x1d, 0x1d, 0x1d, 0x1d, 0x1d, 0x1d, 0x1c, 0x1a, 0x1a, 0x1a, 0x1a, 0x1a, 0x1a, 0x1c, 0x1c, 0x1c, 0x1c, 0x1c, 0x1d, 0x28, 0x2c, 0x2c, 0x27, 0x1d, 0x1c, 0x1c, 0x1c, 0x1c, 0x1a, 0x1a, 0x1a, 0x1a, 0x1a, 0x1c, 0x1c, 0x1c, 0x1d, 0x1d, 0x1d, 0x1d, 0x1d, 0x1d, 0x1a, 0x1a, 0x1c, 0x1c, 0x1c, 0x1c, 0x1d, 0x0d, 0x24, 0x2c, 0x2a, 0x2c, 0x17, 0x12, 0x14, 0x12, 0x03, 0x02, 0x02, 0x04, 0x07, 0x08, 0x0c, 0x0b, 0x0a, 0x02, 0x14, 0x19, 0x18, 0x19, 0x18, 0x26, 0x2c, 0x2c, 0x27, 0x00,
  0x00, 0x27, 0x2d, 0x2c, 0x26, 0x15, 0x1e, 0x11, 0x03, 0x08, 0x03, 0x06, 0x0c, 0x07, 0x0a, 0x0a, 0x0c, 0x0c, 0x0e, 0x10, 0x0f, 0x12, 0x14, 0x14, 0x23, 0x27, 0x2c, 0x27, 0x24, 0x1c, 0x1c, 0x1c, 0x1c, 0x1a, 0x1a, 0x1d, 0x1d, 0x1d, 0x1d, 0x1d, 0x1d, 0x1d, 0x1d, 0x1c, 0x1a, 0x1a, 0x1a, 0x1a, 0x1a, 0x1c, 0x1c, 0x1c, 0x1c, 0x1c, 0x1b, 0x22, 0x22, 0x22, 0x1d, 0x1b, 0x1c, 0x1c, 0x1c, 0x1c, 0x1c, 0x1a, 0x1c, 0x1a, 0x1c, 0x1a, 0x1c, 0x1d, 0x1d, 0x1d, 0x1d, 0x1d, 0x1d, 0x1d, 0x1d, 0x1a, 0x1a, 0x1c, 0x1c, 0x1c, 0x1c, 0x22, 0x27, 0x2c, 0x27, 0x1f, 0x0b, 0x03, 0x05, 0x06, 0x0c, 0x05, 0x0a, 0x04, 0x07, 0x0b, 0x0b, 0x0a, 0x0a, 0x07, 0x10, 0x13, 0x19, 0x19, 0x18, 0x27, 0x2c, 0x2c, 0x27, 0x00,
  0x00, 0x26, 0x2c, 0x2c, 0x26, 0x18, 0x1e, 0x11, 0x05, 0x04, 0x06, 0x0c, 0x08, 0x04, 0x04, 0x03, 0x0b, 0x0c, 0x0e, 0x0e, 0x05, 0x12, 0x17, 0x14, 0x13, 0x28, 0x2c, 0x2d, 0x26, 0x1b, 0x1c, 0x1c, 0x1a, 0x1a, 0x1a, 0x1d, 0x1d, 0x1d, 0x1d, 0x1d, 0x1d, 0x1d, 0x1d, 0x1a, 0x1a, 0x1c, 0x1c, 0x1a, 0x1c, 0x1c, 0x1c, 0x1c, 0x1c, 0x1c, 0x1a, 0x1b, 0x1b, 0x1b, 0x1b, 0x1b, 0x1c, 0x1c, 0x1c, 0x1c, 0x1c, 0x1c, 0x1c, 0x1c, 0x1c, 0x1a, 0x1c, 0x1d, 0x1d, 0x1d, 0x1d, 0x1d, 0x1d, 0x1d, 0x1d, 0x1a, 0x1b, 0x1a, 0x1c, 0x1c, 0x1b, 0x27, 0x2d, 0x2d, 0x26, 0x01, 0x04, 0x0f, 0x0f, 0x0f, 0x08, 0x09, 0x07, 0x04, 0x0a, 0x0b, 0x03, 0x0a, 0x0a, 0x0a, 0x03, 0x12, 0x19, 0x19, 0x18, 0x27, 0x2c, 0x2c, 0x27, 0x00,
  0x00, 0x26, 0x2c, 0x2c, 0x27, 0x15, 0x16, 0x11, 0x0e, 0x07, 0x07, 0x0c, 0x06, 0x04, 0x04, 0x02, 0x0a, 0x0c, 0x0e, 0x0f, 0x08, 0x10, 0x14, 0x14, 0x17, 0x25, 0x29, 0x2d, 0x26, 0x22, 0x1c, 0x1a, 0x1a, 0x1b, 0x1a, 0x1d, 0x1d, 0x1d, 0x1d, 0x1d, 0x1d, 0x1d, 0x1d, 0x1a, 0x1a, 0x1a, 0x1a, 0x1a, 0x1a, 0x1a, 0x1a, 0x1a, 0x1a, 0x1a, 0x1a, 0x1a, 0x1a, 0x1a, 0x1a, 0x1a, 0x1a, 0x1a, 0x1a, 0x1a, 0x1a, 0x1a, 0x1a, 0x1a, 0x1a, 0x1a, 0x1c, 0x1d, 0x1d, 0x1d, 0x1d, 0x1d, 0x1d, 0x1d, 0x1d, 0x1a, 0x1b, 0x1b, 0x1b, 0x1c, 0x22, 0x27, 0x2d, 0x28, 0x23, 0x02, 0x04, 0x04, 0x08, 0x0c, 0x0c, 0x05, 0x0b, 0x07, 0x06, 0x04, 0x03, 0x06, 0x07, 0x0b, 0x06, 0x12, 0x18, 0x18, 0x18, 0x27, 0x2c, 0x2c, 0x27, 0x00,
  0x00, 0x26, 0x2a, 0x2c, 0x27, 0x15, 0x11, 0x0f, 0x0f, 0x0b, 0x07, 0x07, 0x04, 0x03, 0x03, 0x02, 0x0a, 0x0b, 0x0c, 0x0e, 0x07, 0x02, 0x0b, 0x16, 0x18, 0x13, 0x25, 0x2d, 0x2c, 0x28, 0x1b, 0x1b, 0x1b, 0x1b, 0x1a, 0x1d, 0x1d, 0x1d, 0x1d, 0x1d, 0x1d, 0x1d, 0x1d, 0x1a, 0x1a, 0x1a, 0x1a, 0x1a, 0x1a, 0x1a, 0x1a, 0x1a, 0x2a, 0x2a, 0x2a, 0x2a, 0x2a, 0x2a, 0x2a, 0x2a, 0x2a, 0x1a, 0x1a, 0x1a, 0x1a, 0x1a, 0x1a, 0x1a, 0x1a, 0x1a, 0x1c, 0x1d, 0x1d, 0x1d, 0x1d, 0x1d, 0x1d, 0x1d, 0x1d, 0x1c, 0x1b, 0x1b, 0x1b, 0x1b, 0x2c, 0x2c, 0x2d, 0x23, 0x01, 0x10, 0x03, 0x07, 0x07, 0x0c, 0x0e, 0x05, 0x0b, 0x0a, 0x04, 0x08, 0x06, 0x09, 0x09, 0x0b, 0x03, 0x12, 0x19, 0x19, 0x18, 0x27, 0x2c, 0x2c, 0x27, 0x00,
  0x00, 0x26, 0x2a, 0x2c, 0x27, 0x15, 0x11, 0x0f, 0x0c, 0x0c, 0x0c, 0x06, 0x02, 0x02, 0x04, 0x03, 0x04, 0x0c, 0x0c, 0x05, 0x04, 0x02, 0x0c, 0x17, 0x19, 0x16, 0x25, 0x2d, 0x2c, 0x27, 0x0d, 0x1b, 0x1b, 0x1b, 0x1a, 0x1a, 0x1d, 0x1d, 0x1d, 0x1d, 0x1d, 0x1d, 0x1a, 0x1a, 0x1a, 0x1a, 0x1a, 0x1a, 0x1a, 0x2a, 0x2a, 0x2a, 0x2a, 0x2a, 0x2a, 0x2a, 0x2a, 0x2a, 0x2a, 0x2a, 0x2a, 0x2a, 0x2a, 0x2a, 0x1a, 0x1a, 0x1a, 0x1a, 0x1a, 0x1a, 0x1a, 0x1a, 0x1d, 0x1d, 0x1d, 0x1d, 0x1d, 0x1d, 0x1c, 0x1a, 0x1b, 0x1b, 0x1b, 0x0d, 0x28, 0x2a, 0x2d, 0x23, 0x03, 0x10, 0x05, 0x07, 0x0b, 0x07, 0x05, 0x05, 0x0b, 0x0b, 0x0b, 0x09, 0x07, 0x0a, 0x0a, 0x09, 0x03, 0x12, 0x19, 0x19, 0x19, 0x27, 0x2c, 0x2c, 0x27, 0x00,
  0x00, 0x26, 0x2a, 0x2b, 0x26, 0x15, 0x11, 0x0f, 0x0c, 0x0c, 0x11, 0x16, 0x08, 0x02, 0x06, 0x05, 0x03, 0x03, 0x03, 0x02, 0x03, 0x02, 0x10, 0x1e, 0x19, 0x1e, 0x19, 0x23, 0x2c, 0x28, 0x27, 0x1d, 0x1b, 0x1c, 0x1a, 0x1a, 0x1a, 0x1a, 0x1a, 0x1a, 0x1a, 0x1c, 0x1a, 0x1a, 0x1a, 0x1a, 0x1a, 0x2a, 0x2a, 0x2a, 0x2a, 0x2a, 0x24, 0x24, 0x24, 0x24, 0x24, 0x24, 0x24, 0x24, 0x24, 0x2a, 0x2a, 0x2a, 0x2a, 0x2a, 0x1a, 0x1a, 0x1a, 0x1a, 0x1a, 0x1a, 0x1c, 0x1a, 0x1a, 0x1a, 0x1a, 0x1c, 0x1a, 0x1a, 0x1c, 0x1b, 0x1d, 0x28, 0x28, 0x2b, 0x23, 0x10, 0x10, 0x0c, 0x0b, 0x06, 0x07, 0x07, 0x0b, 0x07, 0x0b, 0x09, 0x07, 0x09, 0x08, 0x04, 0x0a, 0x0b, 0x03, 0x13, 0x1e, 0x19, 0x19, 0x27, 0x2c, 0x2c, 0x26, 0x00,
  0x00, 0x26, 0x2a, 0x2b, 0x26, 0x13, 0x0f, 0x0e, 0x10, 0x0e, 0x11, 0x17, 0x13, 0x11, 0x12, 0x12, 0x12, 0x11, 0x10, 0x02, 0x02, 0x03, 0x0f, 0x13, 0x19, 0x1e, 0x13, 0x23, 0x2d, 0x29, 0x2c, 0x1d, 0x1b, 0x1c, 0x1c, 0x1a, 0x1b, 0x1a, 0x1b, 0x1b, 0x1a, 0x1a, 0x1c, 0x1a, 0x1a, 0x1a, 0x2a, 0x2a, 0x2a, 0x24, 0x24, 0x24, 0x24, 0x24, 0x24, 0x24, 0x24, 0x24, 0x24, 0x24, 0x24, 0x24, 0x24, 0x24, 0x2a, 0x2a, 0x2a, 0x1a, 0x1a, 0x1a, 0x1c, 0x1a, 0x1a, 0x1a, 0x1a, 0x1a, 0x1b, 0x1a, 0x1a, 0x1c, 0x1c, 0x1b, 0x1d, 0x2c, 0x29, 0x2d, 0x23, 0x01, 0x10, 0x0e, 0x0c, 0x07, 0x04, 0x0a, 0x04, 0x07, 0x07, 0x07, 0x09, 0x08, 0x08, 0x06, 0x07, 0x08, 0x05, 0x10, 0x13, 0x1e, 0x19, 0x26, 0x2c, 0x2a, 0x26, 0x00,
  0x00, 0x26, 0x2a, 0x2b, 0x26, 0x13, 0x10, 0x0f, 0x10, 0x12, 0x15, 0x18, 0x15, 0x17, 0x19, 0x19, 0x18, 0x17, 0x17, 0x10, 0x02, 0x03, 0x03, 0x0f, 0x19, 0x1e, 0x15, 0x21, 0x26, 0x2b, 0x2a, 0x24, 0x1d, 0x1a, 0x1c, 0x1b, 0x1b, 0x1b, 0x1a, 0x1a, 0x1c, 0x1c, 0x1c, 0x1a, 0x1a, 0x1a, 0x2a, 0x2a, 0x24, 0x24, 0x24, 0x24, 0x24, 0x24, 0x24, 0x24, 0x24, 0x24, 0x24, 0x24, 0x24, 0x24, 0x24, 0x24, 0x24, 0x2a, 0x2a, 0x1a, 0x1a, 0x1a, 0x1a, 0x1a, 0x1c, 0x1c, 0x1a, 0x1a, 0x1b, 0x1a, 0x1a, 0x1c, 0x1a, 0x1d, 0x24, 0x2a, 0x2b, 0x25, 0x17, 0x02, 0x0c, 0x0c, 0x0c, 0x07, 0x07, 0x07, 0x07, 0x0b, 0x07, 0x08, 0x08, 0x07, 0x07, 0x07, 0x07, 0x07, 0x09, 0x05, 0x11, 0x1e, 0x18, 0x27, 0x2c, 0x29, 0x26, 0x00,
  0x00, 0x26, 0x2a, 0x2b, 0x26, 0x13, 0x0e, 0x0c, 0x0e, 0x13, 0x1e, 0x18, 0x15, 0x16, 0x18, 0x18, 0x18, 0x15, 0x13, 0x0f, 0x03, 0x06, 0x07, 0x0f, 0x16, 0x18, 0x18, 0x13, 0x1f, 0x27, 0x29, 0x2d, 0x24, 0x1d, 0x1b, 0x1b, 0x1b, 0x1a, 0x1a, 0x1c, 0x1c, 0x1c, 0x1c, 0x1a, 0x1a, 0x1a, 0x2a, 0x2a, 0x2a, 0x24, 0x24, 0x24, 0x24, 0x24, 0x24, 0x24, 0x24, 0x24, 0x24, 0x24, 0x24, 0x24, 0x24, 0x24, 0x2a, 0x2a, 0x2a, 0x1a, 0x1a, 0x1a, 0x1c, 0x1c, 0x1c, 0x1c, 0x1c, 0x1a, 0x1a, 0x1b, 0x1a, 0x1a, 0x1d, 0x25, 0x2d, 0x29, 0x27, 0x12, 0x01, 0x04, 0x06, 0x07, 0x05, 0x05, 0x05, 0x07, 0x06, 0x07, 0x07, 0x07, 0x08, 0x05, 0x05, 0x07, 0x07, 0x09, 0x09, 0x0e, 0x11, 0x15, 0x15, 0x23, 0x27, 0x2a, 0x26, 0x00,
  0x00, 0x25, 0x2a, 0x2b, 0x26, 0x12, 0x08, 0x0b, 0x0e, 0x13, 0x1e, 0x18, 0x17, 0x16, 0x16, 0x16, 0x16, 0x14, 0x03, 0x03, 0x07, 0x06, 0x04, 0x07, 0x0e, 0x15, 0x17, 0x17, 0x14, 0x1e, 0x2a, 0x2a, 0x2d, 0x24, 0x0d, 0x1b, 0x1b, 0x1b, 0x1c, 0x1c, 0x1c, 0x1c, 0x1c, 0x1a, 0x1a, 0x1a, 0x1a, 0x2a, 0x2a, 0x2a, 0x2a, 0x2a, 0x24, 0x24, 0x24, 0x24, 0x24, 0x24, 0x24, 0x24, 0x24, 0x2a, 0x2a, 0x2a, 0x2a, 0x2a, 0x1a, 0x1a, 0x1a, 0x1a, 0x1c, 0x1c, 0x1c, 0x1c, 0x1c, 0x1a, 0x1a, 0x1b, 0x1b, 0x1b, 0x25, 0x2d, 0x2a, 0x29, 0x10, 0x02, 0x0a, 0x03, 0x04, 0x07, 0x07, 0x08, 0x08, 0x0b, 0x04, 0x07, 0x04, 0x0a, 0x0b, 0x08, 0x08, 0x04, 0x04, 0x07, 0x05, 0x0f, 0x08, 0x0e, 0x17, 0x11, 0x25, 0x2c, 0x29, 0x27,
  0x00, 0x25, 0x2a, 0x2b, 0x26, 0x13, 0x03, 0x03, 0x05, 0x13, 0x1e, 0x18, 0x18, 0x16, 0x15, 0x15, 0x15, 0x14, 0x09, 0x03, 0x07, 0x07, 0x07, 0x07, 0x06, 0x14, 0x17, 0x18, 0x15, 0x1e, 0x2a, 0x2c, 0x2a, 0x2c, 0x24, 0x0d, 0x1b, 0x1c, 0x1c, 0x1c, 0x1c, 0x1c, 0x1c, 0x1a, 0x1a, 0x1a, 0x1a, 0x1a, 0x1a, 0x2a, 0x2a, 0x2a, 0x2a, 0x2a, 0x2a, 0x2a, 0x2a, 0x2a, 0x2a, 0x2a, 0x2a, 0x2a, 0x2a, 0x2a, 0x1a, 0x1a, 0x1a, 0x1a, 0x1a, 0x1a, 0x1c, 0x1c, 0x1c, 0x1c, 0x1c, 0x1c, 0x1a, 0x1b, 0x0d, 0x25, 0x2c, 0x2a, 0x2c, 0x28, 0x12, 0x02, 0x07, 0x06, 0x07, 0x07, 0x07, 0x0b, 0x07, 0x07, 0x08, 0x04, 0x04, 0x0b, 0x0a, 0x0b, 0x0b, 0x07, 0x05, 0x09, 0x05, 0x0e, 0x05, 0x0f, 0x18, 0x15, 0x25, 0x2c, 0x29, 0x28,
  0x26, 0x28, 0x2b, 0x25, 0x1e, 0x14, 0x02, 0x02, 0x02, 0x12, 0x19, 0x19, 0x18, 0x15, 0x15, 0x15, 0x15, 0x14, 0x0b, 0x03, 0x07, 0x07, 0x07, 0x09, 0x08, 0x0f, 0x13, 0x18, 0x17, 0x18, 0x1e, 0x27, 0x2c, 0x29, 0x28, 0x25, 0x0d, 0x1c, 0x1c, 0x1c, 0x1c, 0x1c, 0x1a, 0x1a, 0x1a, 0x1a, 0x1a, 0x1a, 0x1a, 0x1a, 0x1a, 0x1a, 0x2a, 0x2a, 0x2a, 0x2a, 0x2a, 0x2a, 0x2a, 0x2a, 0x2a, 0x1a, 0x1a, 0x1a, 0x1a, 0x1a, 0x1a, 0x1a, 0x1a, 0x1a, 0x1c, 0x1c, 0x1c, 0x1c, 0x1c, 0x1d, 0x1b, 0x0d, 0x26, 0x2a, 0x29, 0x2d, 0x27, 0x12, 0x10, 0x06, 0x07, 0x07, 0x07, 0x07, 0x07, 0x07, 0x0b, 0x07, 0x0b, 0x07, 0x02, 0x03, 0x03, 0x05, 0x09, 0x09, 0x08, 0x0e, 0x0e, 0x05, 0x03, 0x0f, 0x18, 0x15, 0x25, 0x2c, 0x29, 0x28,
  0x28, 0x2a, 0x2b, 0x23, 0x11, 0x14, 0x02, 0x02, 0x02, 0x11, 0x18, 0x18, 0x17, 0x16, 0x15, 0x15, 0x15, 0x14, 0x0f, 0x05, 0x07, 0x07, 0x09, 0x09, 0x0b, 0x02, 0x12, 0x17, 0x16, 0x18, 0x18, 0x1f, 0x26, 0x2b, 0x29, 0x2a, 0x24, 0x1d, 0x1a, 0x1d, 0x1c, 0x1a, 0x1b, 0x1a, 0x1a, 0x1a, 0x1a, 0x1a, 0x1a, 0x1a, 0x1a, 0x1a, 0x1a, 0x1a, 0x1a, 0x1a, 0x1a, 0x1a, 0x1a, 0x1a, 0x1a, 0x1a, 0x1a, 0x1a, 0x1a, 0x1a, 0x1a, 0x1a, 0x1a, 0x1a, 0x1a, 0x1a, 0x1c, 0x1c, 0x1d, 0x1a, 0x1d, 0x25, 0x2a, 0x2a, 0x2d, 0x26, 0x1e, 0x02, 0x05, 0x07, 0x07, 0x07, 0x07, 0x06, 0x07, 0x0b, 0x06, 0x03, 0x03, 0x05, 0x12, 0x12, 0x13, 0x12, 0x03, 0x0b, 0x0e, 0x0e, 0x05, 0x07, 0x03, 0x0f, 0x19, 0x15, 0x25, 0x2c, 0x29, 0x28,
  0x28, 0x29, 0x2b, 0x23, 0x13, 0x14, 0x02, 0x02, 0x02, 0x11, 0x18, 0x18, 0x16, 0x16, 0x15, 0x15, 0x16, 0x16, 0x0f, 0x06, 0x09, 0x0c, 0x08, 0x07, 0x04, 0x02, 0x10, 0x13, 0x16, 0x18, 0x1e, 0x13, 0x21, 0x26, 0x2b, 0x2a, 0x2d, 0x24, 0x22, 0x1a, 0x1a, 0x1a, 0x1a, 0x1a, 0x1a, 0x1a, 0x1b, 0x1b, 0x1b, 0x1b, 0x1b, 0x1b, 0x1a, 0x1c, 0x1c, 0x1c, 0x1c, 0x1c, 0x1c, 0x1c, 0x1c, 0x1c, 0x1c, 0x1c, 0x1a, 0x1a, 0x1a, 0x1a, 0x1c, 0x1c, 0x1a, 0x1a, 0x1a, 0x1a, 0x1a, 0x22, 0x25, 0x2d, 0x29, 0x2c, 0x26, 0x1e, 0x01, 0x10, 0x04, 0x07, 0x07, 0x07, 0x07, 0x06, 0x0b, 0x03, 0x11, 0x12, 0x12, 0x13, 0x17, 0x17, 0x18, 0x12, 0x03, 0x0f, 0x0e, 0x09, 0x06, 0x07, 0x03, 0x10, 0x19, 0x13, 0x25, 0x2c, 0x29, 0x28,
  0x28, 0x29, 0x2b, 0x23, 0x13, 0x16, 0x03, 0x02, 0x02, 0x11, 0x17, 0x15, 0x16, 0x15, 0x15, 0x16, 0x18, 0x18, 0x12, 0x08, 0x0b, 0x08, 0x06, 0x04, 0x04, 0x0a, 0x02, 0x12, 0x19, 0x18, 0x18, 0x19, 0x13, 0x1e, 0x27, 0x2c, 0x2c, 0x2d, 0x28, 0x22, 0x1d, 0x1b, 0x1a, 0x1c, 0x1a, 0x1a, 0x1b, 0x1b, 0x1b, 0x1b, 0x1b, 0x1a, 0x1a, 0x1c, 0x1c, 0x1c, 0x1a, 0x1a, 0x1c, 0x1c, 0x1c, 0x1c, 0x1c, 0x1c, 0x1a, 0x1a, 0x1a, 0x1a, 0x1a, 0x1c, 0x1a, 0x1a, 0x1b, 0x1d, 0x22, 0x26, 0x2d, 0x2a, 0x2a, 0x27, 0x17, 0x01, 0x10, 0x04, 0x07, 0x07, 0x07, 0x07, 0x07, 0x06, 0x07, 0x10, 0x14, 0x18, 0x19, 0x19, 0x18, 0x16, 0x16, 0x13, 0x0f, 0x0e, 0x08, 0x07, 0x03, 0x03, 0x03, 0x10, 0x19, 0x13, 0x25, 0x2b, 0x29, 0x28,
  0x28, 0x29, 0x2b, 0x23, 0x13, 0x17, 0x06, 0x04, 0x02, 0x10, 0x16, 0x15, 0x15, 0x16, 0x16, 0x18, 0x18, 0x19, 0x1e, 0x10, 0x06, 0x06, 0x03, 0x04, 0x04, 0x04, 0x03, 0x12, 0x1e, 0x18, 0x18, 0x18, 0x18, 0x13, 0x1f, 0x29, 0x28, 0x2a, 0x2c, 0x2d, 0x26, 0x0d, 0x1d, 0x1b, 0x1b, 0x1b, 0x1b, 0x1b, 0x1b, 0x1b, 0x1a, 0x1a, 0x1c, 0x1c, 0x1c, 0x1c, 0x1a, 0x1a, 0x1c, 0x1c, 0x1c, 0x1c, 0x1c, 0x1c, 0x1a, 0x1b, 0x1b, 0x1b, 0x1a, 0x1c, 0x1d, 0x1d, 0x1b, 0x27, 0x2d, 0x2a, 0x2a, 0x2c, 0x28, 0x12, 0x01, 0x0b, 0x0a, 0x07, 0x07, 0x07, 0x06, 0x07, 0x07, 0x07, 0x06, 0x14, 0x14, 0x15, 0x18, 0x18, 0x18, 0x18, 0x16, 0x17, 0x14, 0x03, 0x04, 0x03, 0x03, 0x04, 0x03, 0x10, 0x18, 0x13, 0x25, 0x2b, 0x2a, 0x28,
  0x28, 0x29, 0x2c, 0x23, 0x13, 0x17, 0x06, 0x04, 0x04, 0x02, 0x10, 0x16, 0x15, 0x16, 0x18, 0x18, 0x18, 0x19, 0x19, 0x11, 0x06, 0x03, 0x03, 0x0a, 0x0a, 0x07, 0x0c, 0x05, 0x12, 0x1e, 0x16, 0x16, 0x15, 0x18, 0x19, 0x1e, 0x1e, 0x29, 0x2c, 0x29, 0x29, 0x28, 0x28, 0x1d, 0x0d, 0x1b, 0x1b, 0x1b, 0x1b, 0x1a, 0x1c, 0x1c, 0x1c, 0x1c, 0x1c, 0x1c, 0x1c, 0x1c, 0x1c, 0x1c, 0x1c, 0x1c, 0x1c, 0x1c, 0x1c, 0x1c, 0x1b, 0x1b, 0x1b, 0x0d, 0x22, 0x2c, 0x28, 0x29, 0x29, 0x2a, 0x2d, 0x2a, 0x12, 0x02, 0x02, 0x0a, 0x04, 0x07, 0x09, 0x09, 0x07, 0x09, 0x07, 0x07, 0x0b, 0x03, 0x12, 0x16, 0x16, 0x18, 0x18, 0x18, 0x16, 0x17, 0x13, 0x02, 0x02, 0x02, 0x06, 0x0a, 0x03, 0x10, 0x17, 0x13, 0x25, 0x2c, 0x2a, 0x28,
  0x28, 0x2a, 0x2c, 0x23, 0x13, 0x17, 0x06, 0x04, 0x0b, 0x03, 0x10, 0x16, 0x15, 0x18, 0x18, 0x19, 0x18, 0x19, 0x19, 0x17, 0x11, 0x02, 0x0a, 0x0b, 0x08, 0x07, 0x08, 0x06, 0x0f, 0x12, 0x17, 0x18, 0x16, 0x18, 0x19, 0x19, 0x19, 0x21, 0x27, 0x2d, 0x2b, 0x2a, 0x2c, 0x26, 0x27, 0x22, 0x0d, 0x1b, 0x1b, 0x1b, 0x1d, 0x1c, 0x1d, 0x1d, 0x1d, 0x1c, 0x1d, 0x1c, 0x1c, 0x1b, 0x1b, 0x1c, 0x1c, 0x1d, 0x1c, 0x1b, 0x1b, 0x0d, 0x22, 0x26, 0x27, 0x2c, 0x2a, 0x29, 0x2d, 0x26, 0x1e, 0x1f, 0x0c, 0x04, 0x0a, 0x0a, 0x08, 0x07, 0x07, 0x07, 0x07, 0x07, 0x07, 0x07, 0x0b, 0x09, 0x0b, 0x12, 0x18, 0x18, 0x18, 0x18, 0x18, 0x16, 0x14, 0x12, 0x0b, 0x03, 0x06, 0x09, 0x04, 0x10, 0x17, 0x13, 0x25, 0x2c, 0x2a, 0x28,
  0x28, 0x2a, 0x2c, 0x23, 0x13, 0x14, 0x04, 0x04, 0x05, 0x08, 0x06, 0x11, 0x16, 0x18, 0x18, 0x19, 0x18, 0x19, 0x19, 0x18, 0x14, 0x11, 0x02, 0x03, 0x0b, 0x0b, 0x07, 0x0a, 0x04, 0x03, 0x12, 0x15, 0x18, 0x18, 0x18, 0x18, 0x19, 0x13, 0x21, 0x23, 0x23, 0x2d, 0x2c, 0x2a, 0x2c, 0x27, 0x25, 0x25, 0x25, 0x1d, 0x1a, 0x1a, 0x1a, 0x1a, 0x1a, 0x1a, 0x1a, 0x1b, 0x1b, 0x1b, 0x0d, 0x1b, 0x1b, 0x1a, 0x1d, 0x25, 0x25, 0x25, 0x27, 0x2c, 0x2c, 0x2a, 0x2d, 0x2d, 0x25, 0x14, 0x01, 0x02, 0x0b, 0x07, 0x0a, 0x0a, 0x04, 0x07, 0x07, 0x07, 0x07, 0x06, 0x0b, 0x0b, 0x07, 0x0b, 0x03, 0x11, 0x18, 0x18, 0x18, 0x18, 0x18, 0x15, 0x15, 0x16, 0x0f, 0x03, 0x0b, 0x04, 0x02, 0x10, 0x17, 0x13, 0x25, 0x2c, 0x2a, 0x28,
  0x28, 0x2a, 0x2c, 0x23, 0x12, 0x14, 0x03, 0x08, 0x0c, 0x0c, 0x05, 0x0f, 0x17, 0x18, 0x19, 0x19, 0x19, 0x18, 0x17, 0x16, 0x17, 0x14, 0x12, 0x12, 0x05, 0x09, 0x07, 0x04, 0x0a, 0x0a, 0x02, 0x14, 0x19, 0x18, 0x18, 0x18, 0x18, 0x18, 0x13, 0x11, 0x1f, 0x25, 0x25, 0x2a, 0x2b, 0x2b, 0x2b, 0x2c, 0x2d, 0x24, 0x22, 0x24, 0x22, 0x22, 0x22, 0x22, 0x22, 0x22, 0x22, 0x22, 0x22, 0x22, 0x22, 0x22, 0x24, 0x2d, 0x2d, 0x2d, 0x2a, 0x29, 0x2a, 0x2d, 0x25, 0x25, 0x1e, 0x01, 0x0b, 0x04, 0x04, 0x0a, 0x07, 0x07, 0x06, 0x06, 0x06, 0x07, 0x0b, 0x07, 0x0b, 0x07, 0x07, 0x0b, 0x03, 0x12, 0x18, 0x18, 0x18, 0x18, 0x17, 0x16, 0x15, 0x16, 0x0f, 0x04, 0x0a, 0x0a, 0x02, 0x10, 0x18, 0x13, 0x25, 0x2c, 0x2a, 0x28,
  0x28, 0x2a, 0x2c, 0x23, 0x13, 0x14, 0x03, 0x05, 0x0c, 0x0e, 0x06, 0x0f, 0x14, 0x19, 0x19, 0x18, 0x18, 0x18, 0x18, 0x16, 0x16, 0x18, 0x19, 0x17, 0x12, 0x10, 0x07, 0x07, 0x04, 0x0a, 0x0a, 0x11, 0x18, 0x19, 0x18, 0x18, 0x18, 0x18, 0x17, 0x18, 0x18, 0x13, 0x13, 0x25, 0x25, 0x27, 0x2b, 0x2a, 0x2c, 0x2d, 0x2d, 0x2d, 0x2d, 0x2d, 0x2d, 0x2d, 0x2d, 0x2d, 0x2c, 0x2c, 0x2c, 0x2c, 0x2c, 0x2c, 0x2c, 0x2a, 0x2a, 0x2a, 0x2a, 0x2b, 0x29, 0x25, 0x10, 0x02, 0x03, 0x0a, 0x02, 0x02, 0x06, 0x09, 0x08, 0x0a, 0x07, 0x07, 0x07, 0x06, 0x07, 0x07, 0x06, 0x07, 0x07, 0x0b, 0x03, 0x12, 0x19, 0x16, 0x16, 0x16, 0x16, 0x17, 0x17, 0x17, 0x0f, 0x03, 0x04, 0x0a, 0x02, 0x10, 0x17, 0x13, 0x25, 0x2c, 0x2a, 0x28,
  0x28, 0x2a, 0x2c, 0x23, 0x13, 0x14, 0x08, 0x05, 0x0c, 0x05, 0x08, 0x0c, 0x0e, 0x16, 0x19, 0x18, 0x18, 0x18, 0x18, 0x16, 0x15, 0x17, 0x18, 0x19, 0x1e, 0x11, 0x03, 0x07, 0x06, 0x07, 0x0b, 0x05, 0x14, 0x18, 0x18, 0x18, 0x17, 0x18, 0x18, 0x18, 0x19, 0x18, 0x16, 0x13, 0x11, 0x23, 0x29, 0x28, 0x29, 0x29, 0x2a, 0x2a, 0x2a, 0x2a, 0x2a, 0x29, 0x29, 0x2a, 0x29, 0x29, 0x29, 0x29, 0x29, 0x29, 0x2a, 0x2a, 0x2a, 0x2a, 0x2a, 0x2a, 0x25, 0x02, 0x11, 0x10, 0x0c, 0x0a, 0x04, 0x04, 0x07, 0x07, 0x0b, 0x09, 0x07, 0x04, 0x07, 0x06, 0x04, 0x04, 0x07, 0x09, 0x09, 0x0b, 0x03, 0x12, 0x19, 0x17, 0x16, 0x16, 0x16, 0x17, 0x18, 0x16, 0x0f, 0x0a, 0x06, 0x04, 0x04, 0x10, 0x17, 0x13, 0x25, 0x2c, 0x2a, 0x28,
  0x28, 0x2a, 0x2c, 0x23, 0x13, 0x16, 0x14, 0x10, 0x03, 0x0e, 0x05, 0x0e, 0x10, 0x0f, 0x13, 0x1e, 0x16, 0x15, 0x16, 0x15, 0x15, 0x16, 0x18, 0x19, 0x11, 0x0f, 0x0b, 0x06, 0x06, 0x08, 0x09, 0x0c, 0x05, 0x13, 0x18, 0x16, 0x16, 0x17, 0x18, 0x18, 0x18, 0x17, 0x15, 0x16, 0x16, 0x16, 0x17, 0x1e, 0x1e, 0x19, 0x26, 0x2d, 0x2b, 0x2a, 0x2a, 0x2a, 0x2a, 0x2a, 0x2a, 0x2a, 0x29, 0x2a, 0x2a, 0x2a, 0x2a, 0x2a, 0x29, 0x2d, 0x23, 0x10, 0x12, 0x10, 0x10, 0x0e, 0x04, 0x07, 0x04, 0x07, 0x07, 0x08, 0x07, 0x07, 0x07, 0x0a, 0x06, 0x03, 0x02, 0x04, 0x0a, 0x09, 0x09, 0x0b, 0x03, 0x12, 0x18, 0x15, 0x15, 0x15, 0x15, 0x18, 0x15, 0x0f, 0x0c, 0x0a, 0x0a, 0x0c, 0x09, 0x11, 0x18, 0x13, 0x25, 0x2c, 0x2a, 0x28,
  0x28, 0x2a, 0x2c, 0x23, 0x13, 0x17, 0x14, 0x10, 0x02, 0x0e, 0x0f, 0x0f, 0x0f, 0x0f, 0x10, 0x10, 0x11, 0x17, 0x16, 0x17, 0x11, 0x08, 0x11, 0x11, 0x0f, 0x0e, 0x05, 0x07, 0x07, 0x08, 0x0c, 0x0c, 0x0a, 0x06, 0x11, 0x17, 0x15, 0x18, 0x18, 0x18, 0x18, 0x17, 0x18, 0x16, 0x16, 0x15, 0x15, 0x18, 0x18, 0x18, 0x1e, 0x21, 0x21, 0x21, 0x1f, 0x1e, 0x1f, 0x1f, 0x1e, 0x1f, 0x29, 0x2b, 0x2b, 0x29, 0x29, 0x2c, 0x2d, 0x23, 0x14, 0x05, 0x0f, 0x10, 0x0c, 0x0c, 0x06, 0x07, 0x07, 0x07, 0x07, 0x07, 0x07, 0x07, 0x07, 0x03, 0x13, 0x14, 0x10, 0x04, 0x0a, 0x07, 0x0b, 0x06, 0x12, 0x18, 0x18, 0x16, 0x15, 0x15, 0x16, 0x18, 0x15, 0x0e, 0x0c, 0x0b, 0x0b, 0x0c, 0x08, 0x11, 0x1e, 0x13, 0x25, 0x2c, 0x2a, 0x28,
  0x28, 0x2a, 0x2c, 0x23, 0x13, 0x17, 0x16, 0x0e, 0x03, 0x0c, 0x0c, 0x0f, 0x0c, 0x0f, 0x0a, 0x02, 0x04, 0x12, 0x11, 0x12, 0x0a, 0x03, 0x08, 0x06, 0x0b, 0x04, 0x04, 0x09, 0x0e, 0x0c, 0x0c, 0x09, 0x0a, 0x04, 0x0a, 0x11, 0x17, 0x1e, 0x18, 0x18, 0x18, 0x18, 0x18, 0x18, 0x18, 0x18, 0x18, 0x18, 0x18, 0x19, 0x18, 0x18, 0x18, 0x18, 0x15, 0x15, 0x13, 0x0e, 0x18, 0x25, 0x29, 0x29, 0x29, 0x2b, 0x27, 0x1f, 0x1f, 0x10, 0x03, 0x11, 0x10, 0x0f, 0x0c, 0x0c, 0x08, 0x07, 0x07, 0x07, 0x09, 0x04, 0x0a, 0x0a, 0x0a, 0x06, 0x14, 0x17, 0x11, 0x03, 0x0a, 0x0a, 0x0a, 0x03, 0x14, 0x1e, 0x16, 0x15, 0x15, 0x15, 0x15, 0x19, 0x16, 0x0e, 0x0b, 0x0c, 0x0f, 0x0f, 0x06, 0x10, 0x1e, 0x13, 0x25, 0x2c, 0x2a, 0x28,
  0x28, 0x2a, 0x2c, 0x23, 0x13, 0x16, 0x15, 0x13, 0x11, 0x0e, 0x0e, 0x0f, 0x0f, 0x0b, 0x0a, 0x0a, 0x02, 0x02, 0x02, 0x02, 0x04, 0x0b, 0x09, 0x04, 0x02, 0x04, 0x07, 0x08, 0x0e, 0x08, 0x08, 0x04, 0x04, 0x04, 0x02, 0x04, 0x13, 0x15, 0x18, 0x18, 0x16, 0x16, 0x18, 0x18, 0x18, 0x18, 0x18, 0x18, 0x18, 0x18, 0x19, 0x19, 0x19, 0x19, 0x18, 0x13, 0x21, 0x23, 0x25, 0x2b, 0x29, 0x2b, 0x2d, 0x26, 0x1f, 0x01, 0x01, 0x0a, 0x10, 0x0f, 0x0f, 0x0e, 0x09, 0x07, 0x0b, 0x0b, 0x07, 0x09, 0x07, 0x0b, 0x07, 0x0a, 0x07, 0x08, 0x14, 0x17, 0x13, 0x10, 0x04, 0x0a, 0x0a, 0x03, 0x12, 0x12, 0x13, 0x15, 0x15, 0x15, 0x18, 0x16, 0x12, 0x0c, 0x0c, 0x0f, 0x10, 0x0c, 0x0f, 0x13, 0x1e, 0x13, 0x25, 0x2c, 0x2a, 0x28,
  0x28, 0x2a, 0x2d, 0x23, 0x13, 0x16, 0x15, 0x19, 0x13, 0x0e, 0x10, 0x0e, 0x0c, 0x04, 0x03, 0x04, 0x04, 0x04, 0x0a, 0x0a, 0x0b, 0x09, 0x05, 0x06, 0x06, 0x06, 0x07, 0x07, 0x0b, 0x08, 0x04, 0x04, 0x02, 0x04, 0x0a, 0x0c, 0x06, 0x12, 0x14, 0x14, 0x17, 0x18, 0x18, 0x18, 0x18, 0x19, 0x19, 0x18, 0x18, 0x17, 0x18, 0x19, 0x18, 0x19, 0x21, 0x21, 0x26, 0x2d, 0x2b, 0x29, 0x2a, 0x25, 0x26, 0x1f, 0x01, 0x0a, 0x0a, 0x0a, 0x0e, 0x0f, 0x0c, 0x0c, 0x07, 0x07, 0x07, 0x0b, 0x0b, 0x0b, 0x08, 0x08, 0x0b, 0x0b, 0x06, 0x06, 0x15, 0x17, 0x17, 0x12, 0x02, 0x0b, 0x0a, 0x0a, 0x04, 0x02, 0x10, 0x17, 0x15, 0x16, 0x17, 0x12, 0x05, 0x0c, 0x0c, 0x10, 0x0c, 0x08, 0x11, 0x1e, 0x1e, 0x15, 0x25, 0x2c, 0x2a, 0x28,
  0x28, 0x2a, 0x2c, 0x23, 0x13, 0x17, 0x15, 0x18, 0x13, 0x0f, 0x0e, 0x0c, 0x0b, 0x0a, 0x07, 0x04, 0x0a, 0x07, 0x07, 0x08, 0x08, 0x0e, 0x0c, 0x03, 0x03, 0x07, 0x07, 0x07, 0x07, 0x08, 0x04, 0x03, 0x04, 0x04, 0x0b, 0x0f, 0x10, 0x10, 0x03, 0x12, 0x16, 0x16, 0x16, 0x16, 0x18, 0x18, 0x19, 0x19, 0x18, 0x15, 0x15, 0x1e, 0x1e, 0x21, 0x2c, 0x2d, 0x2b, 0x2a, 0x29, 0x27, 0x27, 0x12, 0x01, 0x0a, 0x0c, 0x04, 0x02, 0x04, 0x04, 0x0c, 0x0c, 0x0c, 0x05, 0x07, 0x07, 0x0c, 0x0f, 0x0f, 0x0f, 0x0c, 0x07, 0x04, 0x07, 0x06, 0x14, 0x16, 0x17, 0x12, 0x02, 0x0a, 0x04, 0x04, 0x0a, 0x02, 0x11, 0x16, 0x14, 0x16, 0x12, 0x05, 0x10, 0x0f, 0x0f, 0x10, 0x0c, 0x05, 0x11, 0x19, 0x1e, 0x15, 0x25, 0x2c, 0x2a, 0x28,
  0x28, 0x2a, 0x2c, 0x23, 0x13, 0x18, 0x16, 0x18, 0x1e, 0x13, 0x05, 0x07, 0x0b, 0x0b, 0x0b, 0x07, 0x0a, 0x0b, 0x07, 0x07, 0x0b, 0x0f, 0x0e, 0x06, 0x04, 0x09, 0x09, 0x09, 0x0b, 0x07, 0x04, 0x02, 0x0a, 0x0b, 0x0c, 0x0c, 0x0f, 0x0c, 0x0b, 0x0b, 0x06, 0x05, 0x14, 0x16, 0x16, 0x18, 0x19, 0x1e, 0x18, 0x14, 0x12, 0x21, 0x2a, 0x2a, 0x2a, 0x2a, 0x2c, 0x2d, 0x26, 0x0a, 0x10, 0x0a, 0x0a, 0x0a, 0x0a, 0x07, 0x04, 0x02, 0x04, 0x0e, 0x0f, 0x0e, 0x06, 0x03, 0x05, 0x0e, 0x0f, 0x0f, 0x0f, 0x0e, 0x06, 0x07, 0x07, 0x07, 0x05, 0x14, 0x1e, 0x13, 0x03, 0x04, 0x04, 0x04, 0x02, 0x02, 0x06, 0x0e, 0x06, 0x03, 0x03, 0x0b, 0x0e, 0x0f, 0x0f, 0x0e, 0x0c, 0x03, 0x11, 0x19, 0x19, 0x15, 0x25, 0x2c, 0x2a, 0x28,
  0x28, 0x2a, 0x2c, 0x23, 0x13, 0x18, 0x18, 0x18, 0x1e, 0x13, 0x03, 0x0b, 0x0b, 0x0c, 0x0c, 0x0b, 0x07, 0x07, 0x04, 0x04, 0x06, 0x09, 0x09, 0x08, 0x03, 0x03, 0x03, 0x03, 0x03, 0x0b, 0x0a, 0x04, 0x07, 0x0c, 0x0c, 0x0c, 0x0c, 0x0c, 0x0c, 0x0c, 0x04, 0x02, 0x0a, 0x0a, 0x12, 0x17, 0x17, 0x13, 0x13, 0x25, 0x26, 0x26, 0x29, 0x2a, 0x2d, 0x2d, 0x23, 0x17, 0x14, 0x02, 0x02, 0x04, 0x0c, 0x0a, 0x0a, 0x0a, 0x04, 0x02, 0x02, 0x0e, 0x0f, 0x10, 0x0b, 0x02, 0x12, 0x17, 0x18, 0x18, 0x18, 0x1e, 0x12, 0x03, 0x0b, 0x06, 0x06, 0x11, 0x11, 0x11, 0x04, 0x02, 0x02, 0x03, 0x04, 0x0a, 0x0b, 0x0a, 0x04, 0x02, 0x02, 0x07, 0x0c, 0x0f, 0x10, 0x0e, 0x0c, 0x06, 0x11, 0x1e, 0x1e, 0x15, 0x25, 0x2c, 0x2a, 0x28,
  0x28, 0x2a, 0x2c, 0x23, 0x13, 0x18, 0x18, 0x18, 0x18, 0x15, 0x11, 0x03, 0x0b, 0x0c, 0x0b, 0x0b, 0x07, 0x07, 0x05, 0x07, 0x0b, 0x05, 0x03, 0x05, 0x13, 0x13, 0x13, 0x13, 0x12, 0x02, 0x02, 0x07, 0x0c, 0x09, 0x0b, 0x0b, 0x0c, 0x0c, 0x0c, 0x0f, 0x10, 0x0c, 0x02, 0x01, 0x01, 0x01, 0x1f, 0x25, 0x25, 0x29, 0x2b, 0x2b, 0x2d, 0x28, 0x1f, 0x23, 0x14, 0x02, 0x05, 0x0f, 0x07, 0x06, 0x0c, 0x0a, 0x04, 0x04, 0x02, 0x12, 0x13, 0x14, 0x15, 0x11, 0x05, 0x02, 0x12, 0x19, 0x19, 0x1e, 0x13, 0x12, 0x10, 0x06, 0x0a, 0x04, 0x06, 0x08, 0x0e, 0x0e, 0x07, 0x04, 0x02, 0x02, 0x04, 0x04, 0x0c, 0x0b, 0x0b, 0x04, 0x04, 0x04, 0x0a, 0x0c, 0x0f, 0x0c, 0x0f, 0x05, 0x11, 0x1e, 0x19, 0x15, 0x25, 0x2c, 0x2a, 0x28,
  0x28, 0x2a, 0x2c, 0x23, 0x13, 0x18, 0x18, 0x18, 0x18, 0x18, 0x14, 0x11, 0x0b, 0x06, 0x07, 0x04, 0x06, 0x07, 0x07, 0x0b, 0x06, 0x11, 0x13, 0x13, 0x18, 0x19, 0x17, 0x17, 0x14, 0x12, 0x12, 0x0f, 0x0c, 0x0f, 0x04, 0x04, 0x07, 0x0b, 0x0f, 0x10, 0x0f, 0x02, 0x01, 0x1f, 0x1f, 0x1f, 0x25, 0x2d, 0x2b, 0x2b, 0x2b, 0x26, 0x23, 0x23, 0x01, 0x02, 0x0e, 0x10, 0x0f, 0x0e, 0x05, 0x06, 0x08, 0x0c, 0x04, 0x02, 0x10, 0x14, 0x16, 0x18, 0x19, 0x13, 0x13, 0x11, 0x13, 0x16, 0x17, 0x13, 0x05, 0x03, 0x04, 0x07, 0x07, 0x04, 0x08, 0x05, 0x0e, 0x0c, 0x0b, 0x0a, 0x02, 0x02, 0x04, 0x0a, 0x0c, 0x0c, 0x0a, 0x04, 0x04, 0x04, 0x0a, 0x0b, 0x0c, 0x0c, 0x08, 0x11, 0x14, 0x19, 0x19, 0x15, 0x25, 0x2c, 0x2a, 0x28,
  0x28, 0x2a, 0x2c, 0x25, 0x13, 0x18, 0x18, 0x16, 0x16, 0x15, 0x16, 0x16, 0x03, 0x02, 0x0b, 0x04, 0x05, 0x06, 0x09, 0x0c, 0x03, 0x11, 0x14, 0x15, 0x19, 0x18, 0x17, 0x15, 0x15, 0x18, 0x19, 0x13, 0x11, 0x0c, 0x04, 0x02, 0x04, 0x0b, 0x0e, 0x05, 0x14, 0x1f, 0x1f, 0x27, 0x2d, 0x2b, 0x2b, 0x29, 0x2b, 0x26, 0x26, 0x1f, 0x01, 0x01, 0x0b, 0x10, 0x10, 0x0e, 0x0e, 0x0c, 0x0c, 0x0c, 0x06, 0x07, 0x0c, 0x11, 0x14, 0x15, 0x15, 0x15, 0x18, 0x19, 0x1e, 0x1e, 0x18, 0x16, 0x14, 0x06, 0x07, 0x0b, 0x07, 0x07, 0x07, 0x07, 0x07, 0x05, 0x08, 0x08, 0x08, 0x0a, 0x04, 0x0a, 0x0b, 0x0a, 0x0a, 0x0b, 0x0a, 0x04, 0x06, 0x04, 0x06, 0x05, 0x0b, 0x09, 0x05, 0x13, 0x1e, 0x18, 0x19, 0x15, 0x25, 0x2c, 0x2a, 0x28,
  0x28, 0x2a, 0x2c, 0x23, 0x13, 0x18, 0x18, 0x16, 0x16, 0x16, 0x16, 0x14, 0x06, 0x02, 0x03, 0x06, 0x08, 0x09, 0x0e, 0x0e, 0x09, 0x05, 0x03, 0x11, 0x19, 0x18, 0x18, 0x18, 0x15, 0x16, 0x18, 0x1e, 0x12, 0x08, 0x04, 0x02, 0x02, 0x02, 0x12, 0x11, 0x1f, 0x2d, 0x2d, 0x2a, 0x29, 0x29, 0x27, 0x26, 0x27, 0x14, 0x01, 0x02, 0x0f, 0x0b, 0x04, 0x07, 0x0c, 0x0e, 0x0e, 0x0f, 0x0e, 0x0e, 0x0e, 0x05, 0x11, 0x17, 0x15, 0x15, 0x15, 0x15, 0x15, 0x18, 0x19, 0x18, 0x18, 0x14, 0x03, 0x06, 0x07, 0x07, 0x07, 0x05, 0x08, 0x07, 0x07, 0x07, 0x04, 0x03, 0x04, 0x08, 0x0c, 0x0c, 0x0c, 0x07, 0x04, 0x07, 0x07, 0x07, 0x0c, 0x0b, 0x0a, 0x04, 0x09, 0x0b, 0x03, 0x13, 0x19, 0x18, 0x18, 0x13, 0x25, 0x2c, 0x2a, 0x28,
  0x28, 0x2a, 0x2c, 0x25, 0x13, 0x18, 0x18, 0x17, 0x16, 0x16, 0x16, 0x15, 0x14, 0x0b, 0x03, 0x07, 0x05, 0x0e, 0x0e, 0x05, 0x0b, 0x09, 0x0e, 0x11, 0x19, 0x18, 0x18, 0x18, 0x17, 0x16, 0x17, 0x16, 0x12, 0x10, 0x10, 0x02, 0x02, 0x01, 0x25, 0x2a, 0x28, 0x2a, 0x2a, 0x2a, 0x2d, 0x25, 0x14, 0x0a, 0x0a, 0x02, 0x02, 0x04, 0x07, 0x06, 0x04, 0x09, 0x07, 0x08, 0x0c, 0x09, 0x0e, 0x0c, 0x0e, 0x13, 0x19, 0x18, 0x16, 0x16, 0x15, 0x15, 0x15, 0x16, 0x19, 0x12, 0x0e, 0x0f, 0x0c, 0x08, 0x07, 0x07, 0x09, 0x07, 0x09, 0x08, 0x07, 0x09, 0x06, 0x02, 0x0a, 0x0f, 0x0f, 0x0e, 0x0f, 0x07, 0x06, 0x06, 0x07, 0x0b, 0x0c, 0x09, 0x0b, 0x07, 0x0a, 0x04, 0x03, 0x12, 0x19, 0x17, 0x18, 0x13, 0x25, 0x2c, 0x2a, 0x28,
  0x28, 0x2a, 0x2c, 0x23, 0x13, 0x18, 0x17, 0x18, 0x17, 0x16, 0x16, 0x15, 0x15, 0x14, 0x10, 0x03, 0x0e, 0x0e, 0x09, 0x0e, 0x09, 0x05, 0x10, 0x17, 0x18, 0x19, 0x19, 0x19, 0x19, 0x18, 0x17, 0x10, 0x02, 0x01, 0x14, 0x26, 0x26, 0x26, 0x27, 0x2a, 0x2c, 0x2d, 0x2d, 0x1f, 0x17, 0x14, 0x02, 0x02, 0x02, 0x02, 0x02, 0x03, 0x07, 0x07, 0x07, 0x04, 0x07, 0x07, 0x0c, 0x07, 0x09, 0x0c, 0x0e, 0x14, 0x1e, 0x18, 0x18, 0x16, 0x15, 0x16, 0x15, 0x15, 0x17, 0x15, 0x14, 0x12, 0x0f, 0x0c, 0x06, 0x09, 0x09, 0x05, 0x07, 0x08, 0x07, 0x07, 0x07, 0x07, 0x03, 0x0e, 0x15, 0x17, 0x12, 0x03, 0x0b, 0x07, 0x08, 0x0e, 0x09, 0x0b, 0x07, 0x04, 0x04, 0x04, 0x02, 0x12, 0x18, 0x17, 0x18, 0x13, 0x25, 0x2c, 0x2a, 0x28,
  0x28, 0x2a, 0x2c, 0x23, 0x13, 0x18, 0x17, 0x18, 0x18, 0x16, 0x15, 0x15, 0x15, 0x16, 0x14, 0x11, 0x05, 0x05, 0x0b, 0x0e, 0x0e, 0x0b, 0x0c, 0x12, 0x11, 0x11, 0x12, 0x13, 0x13, 0x12, 0x03, 0x01, 0x1f, 0x23, 0x25, 0x2b, 0x29, 0x29, 0x2b, 0x2d, 0x26, 0x1f, 0x1f, 0x10, 0x02, 0x03, 0x07, 0x03, 0x02, 0x02, 0x02, 0x02, 0x04, 0x07, 0x07, 0x0a, 0x04, 0x09, 0x0b, 0x07, 0x09, 0x0c, 0x0e, 0x11, 0x12, 0x14, 0x18, 0x17, 0x16, 0x15, 0x15, 0x15, 0x15, 0x18, 0x1e, 0x18, 0x10, 0x08, 0x09, 0x0b, 0x09, 0x08, 0x0b, 0x07, 0x07, 0x05, 0x03, 0x10, 0x14, 0x14, 0x18, 0x18, 0x15, 0x12, 0x03, 0x03, 0x0c, 0x08, 0x07, 0x0b, 0x07, 0x04, 0x04, 0x02, 0x10, 0x14, 0x18, 0x17, 0x17, 0x13, 0x25, 0x2c, 0x2a, 0x28,
  0x28, 0x2a, 0x2c, 0x23, 0x13, 0x18, 0x17, 0x17, 0x18, 0x16, 0x15, 0x15, 0x15, 0x16, 0x19, 0x15, 0x13, 0x13, 0x05, 0x08, 0x0b, 0x0b, 0x02, 0x02, 0x02, 0x03, 0x0f, 0x0e, 0x03, 0x11, 0x23, 0x1f, 0x26, 0x2d, 0x2b, 0x29, 0x2a, 0x2b, 0x23, 0x23, 0x1f, 0x01, 0x02, 0x07, 0x0c, 0x0c, 0x0c, 0x07, 0x04, 0x04, 0x04, 0x04, 0x04, 0x0b, 0x07, 0x07, 0x07, 0x07, 0x07, 0x07, 0x09, 0x05, 0x08, 0x05, 0x02, 0x11, 0x1e, 0x18, 0x18, 0x16, 0x15, 0x15, 0x16, 0x12, 0x13, 0x13, 0x0f, 0x0c, 0x0e, 0x0c, 0x0b, 0x08, 0x07, 0x07, 0x09, 0x05, 0x11, 0x13, 0x19, 0x18, 0x15, 0x15, 0x17, 0x15, 0x13, 0x12, 0x0c, 0x07, 0x0b, 0x09, 0x09, 0x06, 0x0b, 0x02, 0x13, 0x18, 0x17, 0x17, 0x17, 0x13, 0x23, 0x2c, 0x2a, 0x28,
  0x28, 0x2a, 0x2c, 0x23, 0x13, 0x17, 0x16, 0x16, 0x16, 0x15, 0x15, 0x15, 0x16, 0x18, 0x18, 0x19, 0x1e, 0x1e, 0x13, 0x08, 0x08, 0x09, 0x04, 0x04, 0x02, 0x02, 0x03, 0x14, 0x1e, 0x1f, 0x2d, 0x2d, 0x2b, 0x29, 0x29, 0x27, 0x25, 0x26, 0x14, 0x01, 0x02, 0x10, 0x10, 0x0c, 0x07, 0x07, 0x07, 0x0b, 0x0a, 0x04, 0x03, 0x08, 0x07, 0x07, 0x07, 0x07, 0x07, 0x07, 0x05, 0x05, 0x05, 0x05, 0x05, 0x08, 0x07, 0x0e, 0x15, 0x18, 0x18, 0x18, 0x16, 0x14, 0x12, 0x02, 0x03, 0x03, 0x07, 0x0e, 0x0e, 0x05, 0x08, 0x07, 0x07, 0x07, 0x09, 0x03, 0x14, 0x1e, 0x18, 0x16, 0x15, 0x15, 0x15, 0x18, 0x19, 0x17, 0x0f, 0x09, 0x09, 0x07, 0x07, 0x0c, 0x0c, 0x03, 0x13, 0x18, 0x17, 0x17, 0x18, 0x13, 0x23, 0x2c, 0x2a, 0x28,
  0x28, 0x2a, 0x2c, 0x25, 0x13, 0x18, 0x16, 0x16, 0x15, 0x15, 0x16, 0x17, 0x17, 0x18, 0x19, 0x18, 0x18, 0x19, 0x19, 0x11, 0x0e, 0x05, 0x02, 0x02, 0x10, 0x12, 0x0a, 0x25, 0x2d, 0x2c, 0x2a, 0x2a, 0x28, 0x27, 0x28, 0x23, 0x01, 0x02, 0x04, 0x0b, 0x0c, 0x07, 0x0b, 0x0b, 0x07, 0x07, 0x07, 0x0a, 0x04, 0x0a, 0x04, 0x07, 0x07, 0x07, 0x07, 0x07, 0x09, 0x09, 0x09, 0x09, 0x09, 0x09, 0x08, 0x05, 0x07, 0x08, 0x0e, 0x15, 0x19, 0x16, 0x14, 0x14, 0x03, 0x04, 0x0b, 0x0b, 0x07, 0x09, 0x09, 0x09, 0x05, 0x07, 0x07, 0x07, 0x09, 0x03, 0x13, 0x19, 0x18, 0x16, 0x15, 0x15, 0x17, 0x18, 0x18, 0x16, 0x0e, 0x04, 0x07, 0x07, 0x08, 0x0e, 0x0c, 0x03, 0x13, 0x18, 0x17, 0x18, 0x18, 0x13, 0x23, 0x2c, 0x2a, 0x28,
  0x2a, 0x2a, 0x2c, 0x25, 0x13, 0x18, 0x16, 0x15, 0x15, 0x15, 0x16, 0x17, 0x18, 0x18, 0x18, 0x18, 0x18, 0x19, 0x19, 0x1e, 0x14, 0x05, 0x02, 0x01, 0x25, 0x29, 0x27, 0x29, 0x2a, 0x2a, 0x2c, 0x2d, 0x23, 0x0a, 0x10, 0x02, 0x02, 0x0c, 0x0b, 0x04, 0x07, 0x04, 0x07, 0x09, 0x09, 0x06, 0x06, 0x0c, 0x07, 0x07, 0x04, 0x07, 0x07, 0x07, 0x07, 0x07, 0x04, 0x04, 0x07, 0x05, 0x0c, 0x09, 0x05, 0x07, 0x07, 0x05, 0x12, 0x17, 0x1e, 0x13, 0x0e, 0x0a, 0x04, 0x0b, 0x07, 0x07, 0x05, 0x04, 0x07, 0x09, 0x08, 0x07, 0x07, 0x07, 0x07, 0x03, 0x13, 0x18, 0x18, 0x16, 0x16, 0x18, 0x18, 0x18, 0x19, 0x16, 0x0e, 0x07, 0x07, 0x07, 0x0e, 0x0e, 0x0e, 0x03, 0x13, 0x18, 0x16, 0x18, 0x18, 0x13, 0x23, 0x2c, 0x29, 0x28,
  0x2a, 0x2a, 0x2d, 0x25, 0x13, 0x18, 0x15, 0x15, 0x15, 0x15, 0x15, 0x16, 0x18, 0x18, 0x18, 0x19, 0x19, 0x19, 0x15, 0x18, 0x13, 0x21, 0x27, 0x26, 0x27, 0x29, 0x29, 0x2b, 0x2d, 0x28, 0x1e, 0x17, 0x12, 0x02, 0x02, 0x02, 0x02, 0x07, 0x06, 0x06, 0x07, 0x04, 0x07, 0x09, 0x0b, 0x0b, 0x09, 0x0b, 0x0c, 0x0c, 0x0b, 0x07, 0x07, 0x07, 0x07, 0x07, 0x06, 0x06, 0x07, 0x07, 0x07, 0x05, 0x0e, 0x03, 0x12, 0x14, 0x1e, 0x14, 0x12, 0x10, 0x0c, 0x06, 0x04, 0x0a, 0x04, 0x04, 0x07, 0x07, 0x07, 0x07, 0x05, 0x07, 0x06, 0x07, 0x09, 0x03, 0x13, 0x18, 0x16, 0x18, 0x18, 0x18, 0x16, 0x18, 0x19, 0x17, 0x0e, 0x03, 0x06, 0x05, 0x05, 0x0e, 0x05, 0x13, 0x16, 0x17, 0x16, 0x18, 0x18, 0x13, 0x23, 0x2b, 0x29, 0x28,
  0x2c, 0x2a, 0x2d, 0x25, 0x15, 0x19, 0x18, 0x15, 0x15, 0x15, 0x15, 0x15, 0x16, 0x18, 0x19, 0x15, 0x15, 0x15, 0x25, 0x25, 0x25, 0x27, 0x2b, 0x2b, 0x2b, 0x2b, 0x29, 0x1f, 0x1f, 0x1f, 0x02, 0x02, 0x03, 0x0e, 0x04, 0x04, 0x02, 0x03, 0x07, 0x0b, 0x08, 0x0b, 0x0b, 0x06, 0x06, 0x07, 0x0c, 0x0b, 0x06, 0x0c, 0x08, 0x08, 0x07, 0x07, 0x07, 0x07, 0x07, 0x07, 0x06, 0x07, 0x07, 0x05, 0x05, 0x10, 0x14, 0x17, 0x12, 0x0d, 0x0a, 0x0c, 0x10, 0x09, 0x05, 0x04, 0x03, 0x03, 0x04, 0x07, 0x07, 0x07, 0x07, 0x08, 0x08, 0x07, 0x07, 0x03, 0x0f, 0x14, 0x16, 0x18, 0x18, 0x18, 0x18, 0x18, 0x14, 0x11, 0x0e, 0x07, 0x09, 0x07, 0x0c, 0x09, 0x05, 0x14, 0x18, 0x18, 0x18, 0x16, 0x17, 0x13, 0x23, 0x2b, 0x29, 0x28,
  0x2c, 0x2a, 0x2d, 0x25, 0x15, 0x19, 0x18, 0x17, 0x16, 0x16, 0x14, 0x13, 0x13, 0x13, 0x18, 0x23, 0x23, 0x23, 0x2a, 0x2d, 0x2d, 0x2d, 0x2b, 0x29, 0x23, 0x23, 0x23, 0x02, 0x01, 0x02, 0x0c, 0x0c, 0x0b, 0x0e, 0x07, 0x03, 0x02, 0x04, 0x07, 0x0b, 0x0e, 0x0c, 0x0b, 0x04, 0x03, 0x02, 0x03, 0x05, 0x11, 0x0f, 0x06, 0x06, 0x07, 0x08, 0x07, 0x07, 0x07, 0x0c, 0x09, 0x0b, 0x03, 0x11, 0x12, 0x14, 0x18, 0x14, 0x0d, 0x0d, 0x0d, 0x0b, 0x0c, 0x0e, 0x0e, 0x07, 0x03, 0x03, 0x0a, 0x08, 0x07, 0x08, 0x08, 0x09, 0x07, 0x07, 0x08, 0x09, 0x02, 0x12, 0x18, 0x19, 0x19, 0x19, 0x18, 0x18, 0x14, 0x02, 0x05, 0x05, 0x07, 0x0b, 0x0c, 0x09, 0x0e, 0x15, 0x19, 0x18, 0x18, 0x18, 0x18, 0x11, 0x23, 0x2b, 0x29, 0x28,
  0x27, 0x28, 0x2d, 0x25, 0x13, 0x19, 0x18, 0x18, 0x15, 0x14, 0x14, 0x1f, 0x1f, 0x1f, 0x21, 0x2c, 0x2d, 0x2d, 0x2c, 0x2c, 0x27, 0x26, 0x26, 0x25, 0x02, 0x01, 0x01, 0x04, 0x0b, 0x04, 0x05, 0x07, 0x08, 0x0e, 0x05, 0x04, 0x02, 0x03, 0x03, 0x04, 0x0c, 0x0e, 0x0e, 0x04, 0x02, 0x0c, 0x11, 0x11, 0x17, 0x10, 0x03, 0x06, 0x03, 0x05, 0x07, 0x07, 0x07, 0x0b, 0x07, 0x07, 0x03, 0x14, 0x18, 0x18, 0x17, 0x14, 0x0d, 0x0d, 0x0d, 0x0a, 0x0c, 0x0f, 0x0f, 0x0c, 0x07, 0x07, 0x0b, 0x0b, 0x09, 0x0b, 0x05, 0x05, 0x07, 0x07, 0x07, 0x07, 0x02, 0x12, 0x16, 0x17, 0x16, 0x15, 0x14, 0x16, 0x13, 0x03, 0x07, 0x08, 0x07, 0x04, 0x07, 0x0c, 0x0e, 0x15, 0x18, 0x18, 0x18, 0x18, 0x16, 0x1e, 0x25, 0x2b, 0x28, 0x26,
  0x00, 0x26, 0x2d, 0x25, 0x15, 0x18, 0x18, 0x19, 0x1e, 0x17, 0x1f, 0x2a, 0x29, 0x29, 0x2a, 0x2a, 0x2a, 0x2a, 0x28, 0x2c, 0x1f, 0x02, 0x0b, 0x02, 0x0c, 0x10, 0x0c, 0x04, 0x03, 0x06, 0x05, 0x07, 0x08, 0x0e, 0x0c, 0x07, 0x06, 0x03, 0x02, 0x0f, 0x11, 0x11, 0x10, 0x03, 0x04, 0x13, 0x17, 0x17, 0x17, 0x10, 0x06, 0x06, 0x06, 0x07, 0x0a, 0x07, 0x07, 0x0a, 0x07, 0x07, 0x03, 0x13, 0x14, 0x16, 0x14, 0x0d, 0x0d, 0x0d, 0x0d, 0x0a, 0x08, 0x0c, 0x0f, 0x0c, 0x0f, 0x09, 0x06, 0x08, 0x04, 0x04, 0x0c, 0x0f, 0x08, 0x0c, 0x07, 0x07, 0x03, 0x03, 0x0c, 0x0f, 0x0e, 0x05, 0x0e, 0x0e, 0x06, 0x09, 0x04, 0x08, 0x07, 0x04, 0x04, 0x0e, 0x0e, 0x15, 0x18, 0x18, 0x18, 0x18, 0x13, 0x26, 0x2b, 0x2a, 0x26, 0x00,
  0x00, 0x26, 0x2a, 0x2a, 0x25, 0x11, 0x15, 0x13, 0x25, 0x2a, 0x27, 0x29, 0x29, 0x29, 0x29, 0x2d, 0x26, 0x12, 0x12, 0x12, 0x10, 0x08, 0x0b, 0x07, 0x04, 0x07, 0x06, 0x06, 0x07, 0x07, 0x07, 0x0a, 0x07, 0x0e, 0x0f, 0x0e, 0x0c, 0x0a, 0x02, 0x12, 0x1e, 0x18, 0x0e, 0x03, 0x14, 0x16, 0x15, 0x15, 0x16, 0x10, 0x03, 0x05, 0x07, 0x07, 0x07, 0x07, 0x07, 0x06, 0x0a, 0x0b, 0x03, 0x06, 0x05, 0x11, 0x12, 0x0d, 0x0d, 0x0d, 0x0d, 0x0a, 0x0a, 0x0c, 0x0c, 0x0f, 0x0f, 0x0c, 0x0b, 0x06, 0x04, 0x02, 0x12, 0x14, 0x03, 0x07, 0x04, 0x07, 0x0b, 0x08, 0x07, 0x0b, 0x0c, 0x08, 0x0b, 0x0c, 0x0c, 0x0b, 0x07, 0x07, 0x04, 0x03, 0x04, 0x04, 0x05, 0x15, 0x19, 0x18, 0x18, 0x18, 0x13, 0x26, 0x2b, 0x2a, 0x26, 0x00,
  0x00, 0x25, 0x2a, 0x29, 0x29, 0x26, 0x26, 0x26, 0x29, 0x2c, 0x2a, 0x2c, 0x2c, 0x2a, 0x1f, 0x17, 0x14, 0x03, 0x03, 0x03, 0x06, 0x0b, 0x09, 0x07, 0x0b, 0x07, 0x0b, 0x06, 0x06, 0x07, 0x07, 0x07, 0x07, 0x08, 0x0c, 0x0e, 0x0e, 0x0b, 0x02, 0x12, 0x18, 0x18, 0x13, 0x14, 0x16, 0x16, 0x15, 0x14, 0x0f, 0x06, 0x05, 0x05, 0x05, 0x07, 0x07, 0x07, 0x07, 0x07, 0x0a, 0x06, 0x04, 0x04, 0x03, 0x10, 0x12, 0x0d, 0x0d, 0x0d, 0x0d, 0x0a, 0x0a, 0x0b, 0x0c, 0x0f, 0x0f, 0x0f, 0x0c, 0x04, 0x02, 0x12, 0x16, 0x13, 0x03, 0x04, 0x04, 0x08, 0x0c, 0x0c, 0x0c, 0x0c, 0x07, 0x07, 0x09, 0x08, 0x08, 0x07, 0x09, 0x08, 0x07, 0x04, 0x02, 0x02, 0x02, 0x15, 0x19, 0x18, 0x18, 0x18, 0x13, 0x26, 0x2b, 0x2a, 0x26, 0x00,
  0x00, 0x25, 0x2a, 0x29, 0x29, 0x2b, 0x2b, 0x2d, 0x2d, 0x2d, 0x28, 0x1f, 0x1f, 0x1f, 0x02, 0x01, 0x02, 0x0f, 0x0c, 0x0b, 0x06, 0x03, 0x03, 0x03, 0x03, 0x03, 0x03, 0x03, 0x07, 0x07, 0x07, 0x07, 0x07, 0x04, 0x0a, 0x0c, 0x0e, 0x0c, 0x02, 0x11, 0x13, 0x13, 0x18, 0x17, 0x16, 0x16, 0x16, 0x14, 0x02, 0x03, 0x05, 0x05, 0x05, 0x07, 0x07, 0x07, 0x07, 0x07, 0x08, 0x0b, 0x07, 0x0a, 0x03, 0x12, 0x12, 0x0d, 0x0d, 0x0d, 0x0d, 0x0d, 0x0d, 0x0a, 0x0c, 0x0c, 0x0f, 0x0f, 0x0e, 0x03, 0x11, 0x14, 0x16, 0x13, 0x03, 0x0a, 0x06, 0x05, 0x05, 0x0c, 0x0b, 0x0b, 0x0b, 0x07, 0x0b, 0x0b, 0x09, 0x09, 0x05, 0x09, 0x09, 0x04, 0x02, 0x02, 0x12, 0x15, 0x17, 0x17, 0x17, 0x18, 0x15, 0x26, 0x2c, 0x2a, 0x26, 0x00,
  0x00, 0x25, 0x2b, 0x29, 0x29, 0x29, 0x2c, 0x25, 0x23, 0x23, 0x23, 0x01, 0x01, 0x01, 0x02, 0x02, 0x04, 0x0c, 0x08, 0x05, 0x11, 0x12, 0x12, 0x12, 0x12, 0x12, 0x13, 0x11, 0x03, 0x0b, 0x07, 0x06, 0x04, 0x0a, 0x0a, 0x0a, 0x0c, 0x0e, 0x0a, 0x02, 0x02, 0x12, 0x16, 0x16, 0x17, 0x16, 0x16, 0x14, 0x03, 0x03, 0x05, 0x05, 0x05, 0x05, 0x09, 0x05, 0x07, 0x07, 0x06, 0x0b, 0x07, 0x07, 0x06, 0x10, 0x12, 0x0d, 0x0d, 0x0d, 0x0d, 0x0d, 0x0d, 0x0d, 0x0d, 0x0a, 0x10, 0x10, 0x0f, 0x11, 0x14, 0x15, 0x15, 0x14, 0x03, 0x02, 0x04, 0x05, 0x0b, 0x0b, 0x08, 0x0a, 0x0a, 0x0b, 0x07, 0x07, 0x05, 0x09, 0x09, 0x09, 0x07, 0x07, 0x03, 0x03, 0x16, 0x17, 0x16, 0x17, 0x18, 0x18, 0x15, 0x26, 0x2c, 0x2a, 0x26, 0x00,
  0x00, 0x25, 0x2a, 0x29, 0x2a, 0x29, 0x23, 0x10, 0x01, 0x02, 0x03, 0x11, 0x10, 0x0b, 0x03, 0x03, 0x02, 0x03, 0x0b, 0x03, 0x14, 0x1e, 0x19, 0x1e, 0x19, 0x18, 0x18, 0x12, 0x03, 0x09, 0x09, 0x04, 0x04, 0x0d, 0x0d, 0x0d, 0x0a, 0x0e, 0x0b, 0x02, 0x10, 0x18, 0x17, 0x17, 0x17, 0x16, 0x16, 0x14, 0x03, 0x08, 0x08, 0x08, 0x08, 0x09, 0x09, 0x07, 0x07, 0x04, 0x07, 0x07, 0x07, 0x06, 0x0b, 0x06, 0x0a, 0x0d, 0x0d, 0x0d, 0x0d, 0x0d, 0x0d, 0x0d, 0x0d, 0x0d, 0x10, 0x11, 0x13, 0x18, 0x16, 0x15, 0x16, 0x14, 0x04, 0x04, 0x04, 0x07, 0x0b, 0x07, 0x07, 0x06, 0x0a, 0x0b, 0x07, 0x07, 0x08, 0x0b, 0x07, 0x0b, 0x0b, 0x07, 0x03, 0x06, 0x15, 0x17, 0x16, 0x16, 0x18, 0x19, 0x18, 0x26, 0x2c, 0x2c, 0x27, 0x00,
  0x00, 0x25, 0x2b, 0x29, 0x2a, 0x2a, 0x14, 0x07, 0x10, 0x10, 0x10, 0x0f, 0x0c, 0x05, 0x03, 0x04, 0x02, 0x02, 0x05, 0x11, 0x17, 0x19, 0x19, 0x18, 0x17, 0x17, 0x11, 0x03, 0x0b, 0x07, 0x07, 0x0a, 0x0a, 0x0d, 0x0d, 0x0d, 0x0a, 0x08, 0x08, 0x03, 0x13, 0x16, 0x16, 0x15, 0x16, 0x16, 0x16, 0x16, 0x12, 0x10, 0x0e, 0x0c, 0x0b, 0x04, 0x07, 0x07, 0x08, 0x06, 0x07, 0x07, 0x07, 0x07, 0x07, 0x0c, 0x0a, 0x0a, 0x0d, 0x0d, 0x0d, 0x0d, 0x0d, 0x0d, 0x0d, 0x0d, 0x10, 0x13, 0x1e, 0x18, 0x16, 0x15, 0x16, 0x13, 0x03, 0x0b, 0x07, 0x07, 0x08, 0x07, 0x04, 0x07, 0x07, 0x04, 0x07, 0x07, 0x07, 0x09, 0x0a, 0x0b, 0x0c, 0x0c, 0x0b, 0x03, 0x14, 0x16, 0x15, 0x16, 0x17, 0x19, 0x18, 0x26, 0x2c, 0x2c, 0x27, 0x00,
  0x00, 0x25, 0x2a, 0x2a, 0x2a, 0x2a, 0x25, 0x12, 0x02, 0x10, 0x0e, 0x0e, 0x0c, 0x0a, 0x02, 0x02, 0x02, 0x04, 0x14, 0x17, 0x11, 0x11, 0x11, 0x11, 0x0f, 0x0f, 0x06, 0x03, 0x07, 0x07, 0x07, 0x0a, 0x0d, 0x0d, 0x0d, 0x0d, 0x0d, 0x0a, 0x03, 0x11, 0x14, 0x15, 0x15, 0x15, 0x16, 0x16, 0x16, 0x18, 0x1e, 0x12, 0x0e, 0x08, 0x07, 0x07, 0x07, 0x07, 0x08, 0x0b, 0x0b, 0x0b, 0x0b, 0x0b, 0x0b, 0x0b, 0x0c, 0x0a, 0x0a, 0x0d, 0x0d, 0x0d, 0x0d, 0x0d, 0x0d, 0x14, 0x17, 0x18, 0x18, 0x18, 0x18, 0x15, 0x16, 0x12, 0x04, 0x0c, 0x0c, 0x0b, 0x0b, 0x08, 0x0b, 0x0b, 0x07, 0x04, 0x07, 0x07, 0x07, 0x07, 0x06, 0x0c, 0x0e, 0x0f, 0x10, 0x11, 0x14, 0x16, 0x15, 0x15, 0x17, 0x18, 0x18, 0x26, 0x2c, 0x2c, 0x27, 0x00,
  0x00, 0x00, 0x27, 0x2a, 0x2a, 0x2a, 0x2a, 0x26, 0x1e, 0x02, 0x11, 0x0c, 0x0b, 0x04, 0x02, 0x02, 0x02, 0x03, 0x11, 0x11, 0x05, 0x05, 0x0e, 0x07, 0x06, 0x05, 0x05, 0x04, 0x07, 0x07, 0x0b, 0x0a, 0x0d, 0x0d, 0x0d, 0x0d, 0x0d, 0x0a, 0x03, 0x12, 0x17, 0x16, 0x15, 0x15, 0x15, 0x16, 0x18, 0x18, 0x18, 0x18, 0x11, 0x05, 0x0b, 0x07, 0x09, 0x07, 0x09, 0x07, 0x07, 0x07, 0x07, 0x08, 0x0a, 0x0b, 0x0b, 0x0b, 0x0b, 0x0a, 0x0a, 0x0a, 0x12, 0x14, 0x14, 0x14, 0x15, 0x17, 0x18, 0x18, 0x18, 0x16, 0x16, 0x13, 0x03, 0x0c, 0x0c, 0x0a, 0x0a, 0x08, 0x07, 0x07, 0x0c, 0x07, 0x07, 0x07, 0x06, 0x07, 0x0e, 0x0c, 0x0f, 0x0e, 0x11, 0x17, 0x15, 0x16, 0x16, 0x15, 0x16, 0x17, 0x16, 0x26, 0x2c, 0x2d, 0x27, 0x00,
  0x00, 0x00, 0x28, 0x2a, 0x2a, 0x2a, 0x2a, 0x2d, 0x27, 0x1e, 0x02, 0x10, 0x03, 0x03, 0x02, 0x02, 0x03, 0x03, 0x03, 0x03, 0x05, 0x07, 0x07, 0x07, 0x0c, 0x08, 0x09, 0x07, 0x07, 0x09, 0x07, 0x0a, 0x0d, 0x0d, 0x0d, 0x0d, 0x0d, 0x0a, 0x03, 0x11, 0x17, 0x17, 0x16, 0x15, 0x15, 0x16, 0x17, 0x18, 0x18, 0x19, 0x17, 0x12, 0x03, 0x08, 0x0b, 0x07, 0x07, 0x04, 0x06, 0x07, 0x07, 0x0a, 0x0b, 0x0b, 0x0b, 0x0c, 0x03, 0x12, 0x14, 0x13, 0x15, 0x18, 0x15, 0x14, 0x14, 0x17, 0x19, 0x1e, 0x1e, 0x19, 0x13, 0x10, 0x06, 0x0b, 0x07, 0x07, 0x07, 0x07, 0x04, 0x07, 0x07, 0x07, 0x07, 0x07, 0x06, 0x09, 0x0c, 0x0c, 0x0c, 0x0e, 0x11, 0x19, 0x17, 0x16, 0x15, 0x15, 0x16, 0x15, 0x13, 0x26, 0x2d, 0x27, 0x23, 0x00,
  0x00, 0x00, 0x28, 0x2a, 0x2a, 0x2a, 0x2c, 0x2a, 0x2d, 0x25, 0x17, 0x02, 0x02, 0x02, 0x02, 0x03, 0x0c, 0x0b, 0x06, 0x06, 0x07, 0x04, 0x03, 0x09, 0x0b, 0x07, 0x0b, 0x07, 0x07, 0x07, 0x07, 0x0a, 0x0d, 0x0d, 0x0d, 0x0d, 0x0d, 0x0a, 0x04, 0x0f, 0x17, 0x18, 0x16, 0x15, 0x15, 0x17, 0x17, 0x17, 0x18, 0x18, 0x19, 0x13, 0x02, 0x09, 0x0b, 0x09, 0x07, 0x0b, 0x07, 0x07, 0x07, 0x07, 0x07, 0x07, 0x09, 0x0c, 0x12, 0x17, 0x1e, 0x1e, 0x1e, 0x16, 0x14, 0x12, 0x12, 0x13, 0x13, 0x13, 0x14, 0x14, 0x10, 0x03, 0x0b, 0x07, 0x07, 0x0b, 0x0b, 0x0b, 0x09, 0x0b, 0x0b, 0x0b, 0x0b, 0x0b, 0x0b, 0x0b, 0x0b, 0x0c, 0x0f, 0x0e, 0x12, 0x1e, 0x18, 0x18, 0x16, 0x16, 0x15, 0x15, 0x21, 0x27, 0x2d, 0x25, 0x00, 0x00,
  0x00, 0x00, 0x28, 0x2a, 0x2a, 0x2c, 0x28, 0x2c, 0x2a, 0x2d, 0x26, 0x10, 0x02, 0x02, 0x0a, 0x08, 0x0c, 0x0c, 0x0b, 0x07, 0x04, 0x03, 0x06, 0x0b, 0x0a, 0x09, 0x09, 0x08, 0x08, 0x07, 0x07, 0x0a, 0x0d, 0x0d, 0x0d, 0x0d, 0x0d, 0x0a, 0x0b, 0x0f, 0x16, 0x17, 0x16, 0x16, 0x17, 0x18, 0x18, 0x18, 0x18, 0x17, 0x17, 0x13, 0x08, 0x06, 0x07, 0x07, 0x08, 0x07, 0x07, 0x0b, 0x07, 0x07, 0x07, 0x07, 0x07, 0x0f, 0x14, 0x15, 0x15, 0x15, 0x15, 0x16, 0x16, 0x11, 0x02, 0x03, 0x03, 0x03, 0x05, 0x03, 0x07, 0x0c, 0x0b, 0x07, 0x0b, 0x0b, 0x0a, 0x0b, 0x0c, 0x0b, 0x0c, 0x0c, 0x08, 0x0c, 0x0c, 0x0b, 0x0b, 0x0c, 0x10, 0x0e, 0x13, 0x1e, 0x18, 0x18, 0x18, 0x16, 0x15, 0x16, 0x27, 0x2a, 0x2c, 0x26, 0x00, 0x00,
  0x00, 0x00, 0x28, 0x2a, 0x2a, 0x2c, 0x1f, 0x26, 0x2c, 0x2a, 0x2a, 0x27, 0x12, 0x02, 0x0a, 0x0f, 0x0e, 0x0c, 0x09, 0x07, 0x04, 0x04, 0x04, 0x06, 0x04, 0x08, 0x05, 0x05, 0x0b, 0x0b, 0x07, 0x0a, 0x0a, 0x0d, 0x0d, 0x0d, 0x0d, 0x0a, 0x0a, 0x0e, 0x14, 0x17, 0x15, 0x16, 0x18, 0x18, 0x18, 0x18, 0x17, 0x16, 0x15, 0x17, 0x14, 0x03, 0x07, 0x07, 0x0b, 0x07, 0x04, 0x07, 0x07, 0x07, 0x07, 0x07, 0x07, 0x06, 0x03, 0x05, 0x0e, 0x05, 0x11, 0x17, 0x14, 0x17, 0x11, 0x0c, 0x0c, 0x0b, 0x0c, 0x0c, 0x0c, 0x0e, 0x0b, 0x0a, 0x0a, 0x06, 0x0b, 0x0b, 0x0c, 0x0b, 0x0a, 0x0c, 0x0b, 0x0b, 0x0b, 0x0b, 0x0a, 0x06, 0x0f, 0x11, 0x13, 0x19, 0x18, 0x18, 0x18, 0x17, 0x15, 0x15, 0x27, 0x2a, 0x2a, 0x25, 0x00, 0x00,
  0x00, 0x00, 0x28, 0x2c, 0x2b, 0x2c, 0x21, 0x18, 0x26, 0x2c, 0x29, 0x29, 0x28, 0x12, 0x02, 0x11, 0x10, 0x0f, 0x07, 0x06, 0x07, 0x09, 0x0b, 0x0b, 0x07, 0x06, 0x08, 0x05, 0x0e, 0x08, 0x07, 0x06, 0x04, 0x0a, 0x0a, 0x0d, 0x0d, 0x0a, 0x0b, 0x03, 0x12, 0x17, 0x15, 0x17, 0x18, 0x18, 0x17, 0x17, 0x16, 0x15, 0x16, 0x17, 0x14, 0x05, 0x07, 0x06, 0x08, 0x07, 0x09, 0x07, 0x07, 0x07, 0x07, 0x07, 0x07, 0x07, 0x09, 0x0c, 0x0f, 0x0b, 0x0c, 0x0f, 0x0e, 0x14, 0x17, 0x16, 0x13, 0x03, 0x0c, 0x05, 0x14, 0x13, 0x03, 0x0a, 0x04, 0x07, 0x0b, 0x0c, 0x0b, 0x0a, 0x0d, 0x0a, 0x0a, 0x0b, 0x0b, 0x0b, 0x0a, 0x04, 0x05, 0x13, 0x1e, 0x18, 0x18, 0x18, 0x18, 0x18, 0x15, 0x15, 0x27, 0x2a, 0x2a, 0x25, 0x00, 0x00,
  0x00, 0x00, 0x28, 0x2c, 0x2c, 0x2c, 0x21, 0x19, 0x1e, 0x25, 0x2b, 0x29, 0x29, 0x27, 0x1e, 0x01, 0x0f, 0x11, 0x0a, 0x04, 0x09, 0x09, 0x06, 0x05, 0x03, 0x03, 0x06, 0x08, 0x0c, 0x0b, 0x0b, 0x06, 0x0a, 0x0b, 0x0a, 0x0a, 0x0a, 0x0a, 0x0c, 0x0a, 0x0c, 0x12, 0x18, 0x18, 0x18, 0x18, 0x18, 0x17, 0x15, 0x16, 0x11, 0x06, 0x10, 0x07, 0x07, 0x07, 0x08, 0x0b, 0x0b, 0x07, 0x07, 0x07, 0x0b, 0x0b, 0x0b, 0x06, 0x05, 0x08, 0x0e, 0x0c, 0x0a, 0x0a, 0x06, 0x14, 0x19, 0x18, 0x16, 0x14, 0x06, 0x02, 0x13, 0x17, 0x13, 0x03, 0x0a, 0x0b, 0x0b, 0x0b, 0x0a, 0x0d, 0x0d, 0x0d, 0x0d, 0x0a, 0x08, 0x08, 0x04, 0x04, 0x02, 0x12, 0x19, 0x19, 0x18, 0x18, 0x18, 0x18, 0x16, 0x16, 0x27, 0x2a, 0x2a, 0x25, 0x00, 0x00,
  0x00, 0x00, 0x00, 0x27, 0x2c, 0x2c, 0x1e, 0x18, 0x15, 0x1e, 0x25, 0x2b, 0x29, 0x2c, 0x26, 0x25, 0x1e, 0x01, 0x0b, 0x04, 0x07, 0x05, 0x06, 0x03, 0x06, 0x06, 0x04, 0x04, 0x06, 0x07, 0x07, 0x07, 0x0b, 0x09, 0x08, 0x07, 0x07, 0x07, 0x07, 0x07, 0x04, 0x0c, 0x12, 0x18, 0x19, 0x19, 0x18, 0x16, 0x15, 0x15, 0x13, 0x11, 0x03, 0x07, 0x07, 0x0b, 0x09, 0x08, 0x07, 0x08, 0x08, 0x07, 0x08, 0x07, 0x07, 0x06, 0x09, 0x08, 0x07, 0x07, 0x07, 0x0a, 0x06, 0x11, 0x15, 0x18, 0x18, 0x17, 0x12, 0x12, 0x15, 0x18, 0x17, 0x13, 0x0f, 0x0b, 0x09, 0x09, 0x0d, 0x0d, 0x0d, 0x0d, 0x0d, 0x0a, 0x0a, 0x05, 0x04, 0x02, 0x10, 0x14, 0x18, 0x18, 0x18, 0x18, 0x18, 0x19, 0x15, 0x13, 0x27, 0x2a, 0x2b, 0x25, 0x00, 0x00,
  0x00, 0x00, 0x00, 0x00, 0x2a, 0x2c, 0x26, 0x1f, 0x15, 0x13, 0x1e, 0x25, 0x27, 0x2c, 0x2d, 0x2d, 0x25, 0x1f, 0x02, 0x03, 0x0b, 0x04, 0x06, 0x06, 0x06, 0x04, 0x03, 0x03, 0x06, 0x06, 0x06, 0x07, 0x07, 0x07, 0x07, 0x07, 0x07, 0x07, 0x04, 0x04, 0x08, 0x06, 0x05, 0x13, 0x14, 0x14, 0x16, 0x18, 0x15, 0x15, 0x17, 0x14, 0x03, 0x04, 0x04, 0x04, 0x04, 0x07, 0x07, 0x07, 0x07, 0x04, 0x03, 0x0b, 0x0b, 0x07, 0x0b, 0x0b, 0x04, 0x07, 0x07, 0x04, 0x0a, 0x03, 0x13, 0x1e, 0x18, 0x18, 0x18, 0x18, 0x18, 0x16, 0x15, 0x16, 0x0f, 0x07, 0x0b, 0x09, 0x0d, 0x0d, 0x0d, 0x0d, 0x0d, 0x0d, 0x0a, 0x08, 0x04, 0x02, 0x12, 0x16, 0x15, 0x18, 0x18, 0x18, 0x19, 0x18, 0x1e, 0x21, 0x27, 0x2a, 0x25, 0x23, 0x00, 0x00,
  0x00, 0x00, 0x00, 0x26, 0x2c, 0x2a, 0x2d, 0x21, 0x13, 0x17, 0x13, 0x13, 0x17, 0x26, 0x2c, 0x2a, 0x2d, 0x2a, 0x14, 0x08, 0x07, 0x04, 0x06, 0x06, 0x06, 0x05, 0x06, 0x03, 0x06, 0x06, 0x06, 0x06, 0x06, 0x07, 0x04, 0x07, 0x04, 0x04, 0x05, 0x05, 0x07, 0x07, 0x0c, 0x05, 0x05, 0x03, 0x11, 0x13, 0x15, 0x15, 0x17, 0x13, 0x02, 0x02, 0x02, 0x04, 0x0a, 0x07, 0x07, 0x07, 0x07, 0x07, 0x07, 0x0b, 0x07, 0x07, 0x0a, 0x0b, 0x0b, 0x04, 0x07, 0x04, 0x0a, 0x06, 0x12, 0x16, 0x18, 0x18, 0x18, 0x18, 0x16, 0x16, 0x15, 0x14, 0x10, 0x0a, 0x0b, 0x0b, 0x0a, 0x0d, 0x0d, 0x0d, 0x0d, 0x0d, 0x04, 0x08, 0x04, 0x03, 0x12, 0x16, 0x15, 0x18, 0x18, 0x19, 0x19, 0x15, 0x21, 0x2c, 0x29, 0x29, 0x00, 0x00, 0x00, 0x00,
  0x00, 0x00, 0x00, 0x00, 0x2a, 0x2a, 0x2a, 0x1f, 0x13, 0x15, 0x15, 0x14, 0x03, 0x10, 0x26, 0x2d, 0x2a, 0x29, 0x2a, 0x17, 0x02, 0x0a, 0x02, 0x03, 0x03, 0x05, 0x05, 0x06, 0x06, 0x06, 0x06, 0x06, 0x06, 0x07, 0x07, 0x07, 0x07, 0x07, 0x06, 0x07, 0x08, 0x09, 0x07, 0x07, 0x0b, 0x0b, 0x03, 0x06, 0x16, 0x17, 0x17, 0x14, 0x12, 0x10, 0x04, 0x0b, 0x0a, 0x08, 0x07, 0x03, 0x07, 0x07, 0x07, 0x07, 0x07, 0x07, 0x07, 0x07, 0x07, 0x07, 0x0b, 0x0b, 0x0b, 0x0c, 0x03, 0x11, 0x17, 0x18, 0x18, 0x18, 0x17, 0x16, 0x16, 0x16, 0x10, 0x04, 0x0a, 0x0a, 0x0d, 0x0d, 0x0d, 0x0d, 0x0d, 0x0d, 0x0a, 0x0c, 0x0e, 0x14, 0x14, 0x15, 0x16, 0x18, 0x18, 0x18, 0x19, 0x15, 0x21, 0x2a, 0x29, 0x28, 0x25, 0x00, 0x00, 0x00,
  0x00, 0x00, 0x00, 0x26, 0x2a, 0x2a, 0x2a, 0x1f, 0x15, 0x16, 0x15, 0x16, 0x11, 0x0e, 0x14, 0x27, 0x2d, 0x29, 0x29, 0x28, 0x1f, 0x01, 0x0a, 0x0c, 0x0b, 0x06, 0x06, 0x06, 0x06, 0x06, 0x06, 0x06, 0x06, 0x07, 0x07, 0x07, 0x07, 0x07, 0x07, 0x07, 0x09, 0x05, 0x05, 0x07, 0x08, 0x08, 0x04, 0x0f, 0x14, 0x17, 0x15, 0x15, 0x14, 0x14, 0x12, 0x03, 0x03, 0x03, 0x10, 0x12, 0x06, 0x09, 0x07, 0x07, 0x07, 0x07, 0x09, 0x09, 0x04, 0x07, 0x0b, 0x0c, 0x07, 0x0b, 0x03, 0x12, 0x17, 0x16, 0x17, 0x18, 0x17, 0x16, 0x16, 0x16, 0x14, 0x10, 0x04, 0x0a, 0x0d, 0x0d, 0x0d, 0x0d, 0x0d, 0x0d, 0x0a, 0x0e, 0x0f, 0x15, 0x16, 0x15, 0x16, 0x18, 0x18, 0x18, 0x19, 0x15, 0x1f, 0x2a, 0x2a, 0x28, 0x25, 0x00, 0x00, 0x00,
  0x00, 0x00, 0x00, 0x00, 0x23, 0x29, 0x2b, 0x1e, 0x13, 0x18, 0x18, 0x18, 0x14, 0x12, 0x05, 0x17, 0x23, 0x2d, 0x29, 0x2b, 0x26, 0x23, 0x03, 0x01, 0x10, 0x0b, 0x07, 0x07, 0x06, 0x06, 0x06, 0x09, 0x0b, 0x07, 0x07, 0x07, 0x07, 0x07, 0x07, 0x07, 0x05, 0x08, 0x08, 0x06, 0x0c, 0x07, 0x07, 0x0c, 0x14, 0x16, 0x15, 0x14, 0x14, 0x14, 0x14, 0x14, 0x14, 0x14, 0x14, 0x11, 0x06, 0x07, 0x07, 0x07, 0x09, 0x09, 0x07, 0x09, 0x07, 0x07, 0x06, 0x07, 0x07, 0x0b, 0x02, 0x12, 0x17, 0x16, 0x17, 0x18, 0x16, 0x16, 0x16, 0x15, 0x17, 0x11, 0x07, 0x0a, 0x0d, 0x0d, 0x0d, 0x0d, 0x0d, 0x0a, 0x0c, 0x10, 0x12, 0x15, 0x18, 0x16, 0x16, 0x16, 0x16, 0x18, 0x18, 0x15, 0x21, 0x2c, 0x2a, 0x28, 0x00, 0x00, 0x00, 0x00,
  0x00, 0x00, 0x00, 0x00, 0x00, 0x27, 0x2a, 0x26, 0x21, 0x13, 0x18, 0x18, 0x1e, 0x12, 0x10, 0x03, 0x11, 0x1f, 0x27, 0x2b, 0x2b, 0x2a, 0x25, 0x23, 0x03, 0x0e, 0x10, 0x0c, 0x04, 0x06, 0x07, 0x09, 0x07, 0x07, 0x07, 0x07, 0x07, 0x07, 0x07, 0x07, 0x07, 0x07, 0x07, 0x0b, 0x08, 0x07, 0x0b, 0x07, 0x10, 0x14, 0x16, 0x12, 0x12, 0x0d, 0x0d, 0x0d, 0x12, 0x14, 0x12, 0x03, 0x0b, 0x08, 0x05, 0x08, 0x07, 0x07, 0x07, 0x07, 0x07, 0x07, 0x07, 0x07, 0x07, 0x07, 0x10, 0x14, 0x18, 0x15, 0x16, 0x18, 0x18, 0x18, 0x16, 0x16, 0x16, 0x11, 0x04, 0x0a, 0x0d, 0x0d, 0x0d, 0x0d, 0x0a, 0x0c, 0x0e, 0x11, 0x15, 0x18, 0x18, 0x16, 0x16, 0x16, 0x16, 0x18, 0x18, 0x15, 0x21, 0x2c, 0x2a, 0x2a, 0x26, 0x00, 0x00, 0x00,
  0x00, 0x00, 0x00, 0x00, 0x00, 0x27, 0x29, 0x2d, 0x23, 0x13, 0x18, 0x18, 0x19, 0x11, 0x0e, 0x10, 0x03, 0x01, 0x1f, 0x26, 0x29, 0x2a, 0x2d, 0x2c, 0x23, 0x11, 0x02, 0x02, 0x0c, 0x09, 0x07, 0x07, 0x07, 0x07, 0x07, 0x05, 0x07, 0x07, 0x07, 0x07, 0x07, 0x07, 0x07, 0x07, 0x07, 0x07, 0x07, 0x07, 0x03, 0x12, 0x12, 0x10, 0x0d, 0x0d, 0x0d, 0x0d, 0x0d, 0x0a, 0x05, 0x08, 0x05, 0x09, 0x05, 0x07, 0x07, 0x07, 0x07, 0x07, 0x07, 0x07, 0x07, 0x07, 0x09, 0x03, 0x13, 0x1e, 0x18, 0x16, 0x15, 0x16, 0x18, 0x18, 0x17, 0x15, 0x17, 0x11, 0x03, 0x0a, 0x0d, 0x0d, 0x0a, 0x0a, 0x0a, 0x0c, 0x0f, 0x11, 0x19, 0x19, 0x18, 0x18, 0x16, 0x16, 0x16, 0x18, 0x15, 0x1e, 0x23, 0x2c, 0x2a, 0x26, 0x00, 0x00, 0x00, 0x00,
  0x00, 0x00, 0x00, 0x00, 0x00, 0x27, 0x29, 0x2b, 0x23, 0x13, 0x19, 0x18, 0x19, 0x13, 0x11, 0x0e, 0x04, 0x02, 0x11, 0x14, 0x23, 0x27, 0x2a, 0x2c, 0x2d, 0x23, 0x1f, 0x1e, 0x02, 0x03, 0x07, 0x07, 0x07, 0x07, 0x07, 0x07, 0x07, 0x05, 0x07, 0x07, 0x07, 0x05, 0x07, 0x07, 0x07, 0x0b, 0x07, 0x0b, 0x0c, 0x03, 0x02, 0x02, 0x0d, 0x0d, 0x0d, 0x0d, 0x0d, 0x0b, 0x0c, 0x08, 0x0b, 0x08, 0x05, 0x07, 0x07, 0x07, 0x07, 0x07, 0x07, 0x06, 0x0a, 0x07, 0x0b, 0x03, 0x13, 0x19, 0x18, 0x17, 0x16, 0x16, 0x18, 0x18, 0x18, 0x18, 0x14, 0x0f, 0x07, 0x0a, 0x0a, 0x02, 0x04, 0x04, 0x0a, 0x04, 0x0f, 0x15, 0x19, 0x19, 0x18, 0x18, 0x16, 0x16, 0x16, 0x18, 0x13, 0x23, 0x2d, 0x2c, 0x27, 0x00, 0x00, 0x00, 0x00, 0x00,
  0x00, 0x00, 0x00, 0x00, 0x00, 0x27, 0x29, 0x2c, 0x23, 0x13, 0x19, 0x18, 0x18, 0x19, 0x12, 0x05, 0x04, 0x02, 0x04, 0x14, 0x11, 0x23, 0x2c, 0x2a, 0x2a, 0x2c, 0x2d, 0x25, 0x0a, 0x12, 0x0c, 0x09, 0x04, 0x04, 0x07, 0x07, 0x07, 0x07, 0x07, 0x07, 0x07, 0x07, 0x07, 0x07, 0x08, 0x08, 0x0b, 0x0a, 0x07, 0x04, 0x0a, 0x02, 0x0a, 0x0a, 0x0a, 0x0a, 0x0a, 0x0a, 0x0a, 0x0b, 0x07, 0x07, 0x09, 0x0a, 0x07, 0x07, 0x07, 0x08, 0x07, 0x06, 0x0b, 0x07, 0x0b, 0x03, 0x13, 0x19, 0x18, 0x18, 0x17, 0x18, 0x18, 0x18, 0x18, 0x1e, 0x11, 0x03, 0x0b, 0x0a, 0x0a, 0x04, 0x04, 0x04, 0x03, 0x05, 0x12, 0x18, 0x17, 0x18, 0x18, 0x18, 0x18, 0x18, 0x18, 0x18, 0x13, 0x23, 0x2c, 0x2c, 0x28, 0x00, 0x00, 0x00, 0x00, 0x00,
  0x00, 0x00, 0x00, 0x00, 0x00, 0x00, 0x28, 0x2d, 0x23, 0x15, 0x19, 0x18, 0x18, 0x18, 0x12, 0x02, 0x02, 0x04, 0x02, 0x12, 0x17, 0x1e, 0x1e, 0x21, 0x2d, 0x2a, 0x29, 0x29, 0x29, 0x26, 0x02, 0x02, 0x04, 0x0b, 0x05, 0x07, 0x08, 0x08, 0x09, 0x07, 0x05, 0x07, 0x07, 0x07, 0x0b, 0x07, 0x0b, 0x0b, 0x0b, 0x04, 0x04, 0x04, 0x0b, 0x0b, 0x0c, 0x0f, 0x0c, 0x0a, 0x0a, 0x0b, 0x04, 0x07, 0x04, 0x07, 0x07, 0x07, 0x07, 0x08, 0x07, 0x08, 0x0b, 0x0c, 0x03, 0x12, 0x17, 0x18, 0x18, 0x18, 0x17, 0x18, 0x18, 0x18, 0x19, 0x18, 0x11, 0x05, 0x08, 0x04, 0x03, 0x04, 0x02, 0x04, 0x02, 0x11, 0x17, 0x16, 0x17, 0x18, 0x18, 0x18, 0x17, 0x16, 0x16, 0x18, 0x13, 0x23, 0x2c, 0x2a, 0x27, 0x00, 0x00, 0x00, 0x00, 0x00,
  0x00, 0x00, 0x00, 0x00, 0x00, 0x00, 0x28, 0x2d, 0x23, 0x13, 0x19, 0x18, 0x18, 0x19, 0x12, 0x02, 0x02, 0x02, 0x02, 0x05, 0x13, 0x1e, 0x19, 0x1e, 0x21, 0x27, 0x2d, 0x29, 0x29, 0x29, 0x25, 0x25, 0x12, 0x01, 0x10, 0x0b, 0x0e, 0x0e, 0x0e, 0x0c, 0x08, 0x06, 0x07, 0x07, 0x04, 0x07, 0x07, 0x0b, 0x0b, 0x07, 0x07, 0x07, 0x0b, 0x0c, 0x0c, 0x09, 0x0c, 0x0b, 0x0a, 0x0b, 0x0b, 0x0a, 0x0a, 0x05, 0x08, 0x0b, 0x0b, 0x08, 0x0b, 0x0c, 0x0b, 0x06, 0x12, 0x14, 0x17, 0x18, 0x18, 0x18, 0x18, 0x18, 0x18, 0x19, 0x18, 0x11, 0x08, 0x09, 0x05, 0x05, 0x02, 0x03, 0x02, 0x02, 0x02, 0x10, 0x16, 0x16, 0x17, 0x18, 0x18, 0x18, 0x17, 0x15, 0x15, 0x16, 0x11, 0x23, 0x2b, 0x2a, 0x27, 0x00, 0x00, 0x00, 0x00, 0x00,
  0x00, 0x00, 0x00, 0x00, 0x00, 0x00, 0x28, 0x2c, 0x26, 0x21, 0x15, 0x19, 0x18, 0x18, 0x11, 0x02, 0x04, 0x02, 0x04, 0x03, 0x13, 0x1e, 0x19, 0x19, 0x15, 0x21, 0x23, 0x25, 0x2d, 0x2b, 0x2b, 0x2b, 0x25, 0x1f, 0x01, 0x02, 0x0f, 0x0f, 0x0e, 0x08, 0x08, 0x07, 0x04, 0x07, 0x07, 0x08, 0x07, 0x07, 0x07, 0x07, 0x07, 0x07, 0x09, 0x0b, 0x07, 0x0b, 0x0b, 0x0b, 0x0b, 0x0b, 0x0a, 0x0a, 0x0a, 0x0b, 0x0b, 0x0b, 0x09, 0x0c, 0x0b, 0x03, 0x10, 0x12, 0x14, 0x16, 0x16, 0x16, 0x16, 0x18, 0x18, 0x18, 0x18, 0x14, 0x11, 0x05, 0x05, 0x08, 0x05, 0x08, 0x06, 0x06, 0x03, 0x02, 0x10, 0x13, 0x15, 0x15, 0x16, 0x17, 0x18, 0x18, 0x18, 0x16, 0x16, 0x13, 0x21, 0x26, 0x2a, 0x27, 0x23, 0x00, 0x00, 0x00, 0x00, 0x00,
  0x00, 0x00, 0x00, 0x00, 0x00, 0x00, 0x28, 0x2a, 0x2d, 0x25, 0x15, 0x19, 0x18, 0x16, 0x13, 0x0c, 0x02, 0x04, 0x09, 0x0f, 0x11, 0x15, 0x1e, 0x19, 0x19, 0x14, 0x11, 0x1f, 0x25, 0x25, 0x29, 0x29, 0x2d, 0x26, 0x23, 0x1f, 0x02, 0x02, 0x03, 0x0c, 0x09, 0x09, 0x06, 0x0a, 0x06, 0x04, 0x04, 0x07, 0x07, 0x07, 0x04, 0x07, 0x07, 0x07, 0x07, 0x0b, 0x0b, 0x0b, 0x0a, 0x0a, 0x0d, 0x0d, 0x0d, 0x0a, 0x0a, 0x0c, 0x0b, 0x0c, 0x0b, 0x08, 0x12, 0x17, 0x15, 0x16, 0x16, 0x17, 0x17, 0x18, 0x19, 0x19, 0x18, 0x12, 0x03, 0x0c, 0x0e, 0x0e, 0x0c, 0x0c, 0x07, 0x0b, 0x02, 0x0f, 0x14, 0x16, 0x15, 0x15, 0x17, 0x17, 0x17, 0x18, 0x18, 0x17, 0x18, 0x13, 0x25, 0x2c, 0x29, 0x26, 0x00, 0x00, 0x00, 0x00, 0x00, 0x00,
  0x00, 0x00, 0x00, 0x00, 0x00, 0x00, 0x2c, 0x2c, 0x2d, 0x23, 0x13, 0x19, 0x16, 0x15, 0x16, 0x13, 0x07, 0x09, 0x0c, 0x0f, 0x0e, 0x11, 0x18, 0x19, 0x16, 0x17, 0x17, 0x14, 0x11, 0x1e, 0x29, 0x29, 0x29, 0x2a, 0x2d, 0x2a, 0x1e, 0x1e, 0x12, 0x02, 0x03, 0x08, 0x08, 0x07, 0x07, 0x0a, 0x0a, 0x04, 0x04, 0x07, 0x07, 0x07, 0x07, 0x07, 0x08, 0x08, 0x08, 0x07, 0x0a, 0x0d, 0x0d, 0x0d, 0x0d, 0x0d, 0x0a, 0x0c, 0x0b, 0x0c, 0x03, 0x13, 0x1e, 0x16, 0x16, 0x16, 0x17, 0x14, 0x13, 0x13, 0x14, 0x14, 0x12, 0x03, 0x08, 0x08, 0x0c, 0x0f, 0x0f, 0x0f, 0x09, 0x07, 0x0c, 0x13, 0x16, 0x15, 0x15, 0x16, 0x16, 0x17, 0x17, 0x18, 0x18, 0x17, 0x18, 0x13, 0x25, 0x2b, 0x29, 0x27, 0x00, 0x00, 0x00, 0x00, 0x00, 0x00,
  0x00, 0x00, 0x00, 0x00, 0x00, 0x00, 0x27, 0x2a, 0x2d, 0x25, 0x15, 0x18, 0x15, 0x15, 0x15, 0x16, 0x14, 0x05, 0x0f, 0x0e, 0x0f, 0x0e, 0x10, 0x14, 0x16, 0x16, 0x16, 0x15, 0x17, 0x17, 0x15, 0x26, 0x2a, 0x29, 0x2a, 0x2a, 0x2c, 0x2d, 0x1f, 0x04, 0x12, 0x09, 0x0b, 0x05, 0x08, 0x07, 0x04, 0x04, 0x04, 0x08, 0x07, 0x04, 0x07, 0x07, 0x07, 0x07, 0x09, 0x09, 0x0a, 0x0d, 0x0d, 0x0d, 0x0d, 0x0d, 0x0a, 0x08, 0x09, 0x0c, 0x05, 0x13, 0x17, 0x14, 0x14, 0x14, 0x14, 0x12, 0x02, 0x03, 0x03, 0x03, 0x06, 0x09, 0x06, 0x0c, 0x0c, 0x0f, 0x0f, 0x0f, 0x0e, 0x0e, 0x14, 0x15, 0x15, 0x16, 0x15, 0x16, 0x16, 0x16, 0x16, 0x17, 0x17, 0x17, 0x18, 0x13, 0x25, 0x2b, 0x29, 0x27, 0x00, 0x00, 0x00, 0x00, 0x00, 0x00,
  0x00, 0x00, 0x00, 0x00, 0x00, 0x00, 0x00, 0x27, 0x2c, 0x2a, 0x26, 0x15, 0x16, 0x16, 0x18, 0x18, 0x14, 0x0e, 0x0f, 0x0f, 0x0e, 0x0c, 0x02, 0x0f, 0x16, 0x15, 0x16, 0x18, 0x18, 0x16, 0x14, 0x1e, 0x17, 0x23, 0x2d, 0x2c, 0x2c, 0x2c, 0x28, 0x28, 0x25, 0x01, 0x02, 0x04, 0x10, 0x0c, 0x07, 0x07, 0x07, 0x07, 0x07, 0x07, 0x07, 0x07, 0x07, 0x07, 0x09, 0x0b, 0x0a, 0x0d, 0x0d, 0x0d, 0x0d, 0x0a, 0x0a, 0x05, 0x07, 0x0b, 0x0b, 0x0c, 0x0f, 0x0e, 0x0b, 0x06, 0x0a, 0x04, 0x03, 0x04, 0x07, 0x09, 0x08, 0x0b, 0x0b, 0x0b, 0x0c, 0x0f, 0x0f, 0x0f, 0x10, 0x0f, 0x16, 0x17, 0x15, 0x15, 0x15, 0x15, 0x15, 0x15, 0x16, 0x16, 0x18, 0x18, 0x18, 0x25, 0x2a, 0x2a, 0x26, 0x00, 0x00, 0x00, 0x00, 0x00, 0x00, 0x00,
  0x00, 0x00, 0x00, 0x00, 0x00, 0x00, 0x00, 0x26, 0x2c, 0x2c, 0x26, 0x11, 0x14, 0x16, 0x18, 0x18, 0x18, 0x14, 0x0f, 0x0f, 0x0c, 0x06, 0x02, 0x02, 0x04, 0x14, 0x17, 0x18, 0x19, 0x17, 0x15, 0x14, 0x13, 0x1e, 0x21, 0x23, 0x2d, 0x2d, 0x2b, 0x2b, 0x27, 0x25, 0x25, 0x10, 0x01, 0x02, 0x10, 0x0c, 0x07, 0x07, 0x04, 0x04, 0x07, 0x07, 0x07, 0x0b, 0x0b, 0x0b, 0x0b, 0x0a, 0x0a, 0x0d, 0x0a, 0x04, 0x06, 0x04, 0x07, 0x0b, 0x04, 0x05, 0x08, 0x0c, 0x0b, 0x06, 0x07, 0x07, 0x04, 0x04, 0x04, 0x03, 0x08, 0x04, 0x06, 0x04, 0x06, 0x0c, 0x10, 0x0e, 0x11, 0x15, 0x18, 0x17, 0x16, 0x15, 0x15, 0x15, 0x15, 0x16, 0x16, 0x17, 0x18, 0x19, 0x18, 0x26, 0x2c, 0x2a, 0x25, 0x00, 0x00, 0x00, 0x00, 0x00, 0x00, 0x00,
  0x00, 0x00, 0x00, 0x00, 0x00, 0x00, 0x00, 0x26, 0x2c, 0x2a, 0x27, 0x23, 0x16, 0x15, 0x18, 0x18, 0x19, 0x16, 0x0e, 0x0e, 0x0c, 0x04, 0x02, 0x02, 0x02, 0x0b, 0x13, 0x1e, 0x19, 0x16, 0x15, 0x16, 0x17, 0x15, 0x13, 0x19, 0x23, 0x23, 0x27, 0x2c, 0x2b, 0x2b, 0x2b, 0x23, 0x23, 0x1e, 0x01, 0x02, 0x0c, 0x0c, 0x0c, 0x0b, 0x07, 0x07, 0x06, 0x07, 0x0b, 0x0b, 0x0b, 0x0b, 0x0a, 0x0a, 0x0a, 0x04, 0x04, 0x06, 0x07, 0x08, 0x07, 0x07, 0x0b, 0x0e, 0x0c, 0x06, 0x05, 0x07, 0x07, 0x04, 0x03, 0x02, 0x03, 0x04, 0x04, 0x04, 0x04, 0x02, 0x06, 0x11, 0x15, 0x19, 0x18, 0x17, 0x16, 0x15, 0x15, 0x15, 0x15, 0x15, 0x15, 0x16, 0x18, 0x19, 0x13, 0x26, 0x2c, 0x2c, 0x26, 0x00, 0x00, 0x00, 0x00, 0x00, 0x00, 0x00,
  0x00, 0x00, 0x00, 0x00, 0x00, 0x00, 0x00, 0x23, 0x28, 0x29, 0x2b, 0x2a, 0x18, 0x15, 0x18, 0x18, 0x19, 0x18, 0x13, 0x0f, 0x03, 0x04, 0x02, 0x04, 0x0a, 0x02, 0x10, 0x13, 0x15, 0x18, 0x18, 0x18, 0x18, 0x18, 0x19, 0x19, 0x13, 0x11, 0x23, 0x25, 0x25, 0x2b, 0x2b, 0x2b, 0x2d, 0x25, 0x1f, 0x1f, 0x03, 0x03, 0x02, 0x03, 0x0b, 0x0b, 0x07, 0x07, 0x0b, 0x0b, 0x0b, 0x0b, 0x0b, 0x0b, 0x0b, 0x05, 0x07, 0x07, 0x07, 0x08, 0x07, 0x07, 0x07, 0x08, 0x07, 0x07, 0x07, 0x07, 0x07, 0x06, 0x03, 0x02, 0x03, 0x03, 0x04, 0x04, 0x02, 0x10, 0x11, 0x13, 0x1e, 0x18, 0x18, 0x18, 0x17, 0x15, 0x15, 0x16, 0x15, 0x15, 0x15, 0x15, 0x16, 0x1e, 0x23, 0x27, 0x2c, 0x27, 0x25, 0x00, 0x00, 0x00, 0x00, 0x00, 0x00, 0x00,
  0x00, 0x00, 0x00, 0x00, 0x00, 0x00, 0x00, 0x00, 0x28, 0x29, 0x2b, 0x27, 0x16, 0x15, 0x18, 0x19, 0x19, 0x19, 0x1e, 0x11, 0x02, 0x02, 0x04, 0x0a, 0x0a, 0x0c, 0x0e, 0x05, 0x0f, 0x14, 0x18, 0x19, 0x19, 0x19, 0x18, 0x18, 0x18, 0x18, 0x13, 0x11, 0x1f, 0x27, 0x26, 0x29, 0x29, 0x2a, 0x2d, 0x28, 0x14, 0x14, 0x14, 0x12, 0x03, 0x05, 0x0b, 0x0b, 0x0b, 0x0b, 0x0c, 0x0b, 0x0b, 0x0b, 0x0b, 0x07, 0x08, 0x07, 0x07, 0x0b, 0x07, 0x07, 0x07, 0x07, 0x07, 0x07, 0x08, 0x0a, 0x04, 0x03, 0x03, 0x03, 0x04, 0x02, 0x02, 0x02, 0x0c, 0x14, 0x17, 0x17, 0x18, 0x18, 0x18, 0x18, 0x18, 0x17, 0x16, 0x15, 0x15, 0x15, 0x15, 0x15, 0x14, 0x1e, 0x2a, 0x2c, 0x2c, 0x23, 0x00, 0x00, 0x00, 0x00, 0x00, 0x00, 0x00, 0x00,
  0x00, 0x00, 0x00, 0x00, 0x00, 0x00, 0x00, 0x00, 0x27, 0x28, 0x2a, 0x29, 0x1f, 0x18, 0x18, 0x18, 0x19, 0x18, 0x18, 0x17, 0x10, 0x02, 0x04, 0x03, 0x0c, 0x0f, 0x10, 0x10, 0x0f, 0x0e, 0x11, 0x18, 0x1e, 0x19, 0x18, 0x18, 0x18, 0x16, 0x16, 0x16, 0x16, 0x13, 0x13, 0x27, 0x2b, 0x29, 0x2a, 0x2c, 0x2c, 0x2c, 0x2d, 0x23, 0x10, 0x12, 0x10, 0x0c, 0x0c, 0x0c, 0x0b, 0x0b, 0x0b, 0x0b, 0x0b, 0x05, 0x07, 0x05, 0x07, 0x0a, 0x07, 0x07, 0x0a, 0x07, 0x07, 0x07, 0x06, 0x06, 0x04, 0x03, 0x04, 0x02, 0x02, 0x02, 0x02, 0x03, 0x14, 0x14, 0x14, 0x15, 0x16, 0x18, 0x18, 0x18, 0x18, 0x18, 0x16, 0x15, 0x15, 0x15, 0x15, 0x15, 0x14, 0x1e, 0x28, 0x2a, 0x2d, 0x25, 0x00, 0x00, 0x00, 0x00, 0x00, 0x00, 0x00, 0x00,
  0x00, 0x00, 0x00, 0x00, 0x00, 0x00, 0x00, 0x00, 0x00, 0x23, 0x29, 0x2a, 0x2a, 0x21, 0x18, 0x19, 0x19, 0x18, 0x18, 0x17, 0x14, 0x10, 0x02, 0x04, 0x0c, 0x0f, 0x0f, 0x0f, 0x0f, 0x0c, 0x10, 0x11, 0x11, 0x13, 0x17, 0x15, 0x17, 0x17, 0x16, 0x16, 0x16, 0x15, 0x15, 0x1e, 0x25, 0x2c, 0x2a, 0x2a, 0x2c, 0x2a, 0x2c, 0x2a, 0x2a, 0x27, 0x03, 0x02, 0x02, 0x02, 0x0c, 0x0c, 0x0c, 0x0a, 0x0a, 0x05, 0x0b, 0x0c, 0x0c, 0x0c, 0x0c, 0x0b, 0x07, 0x08, 0x0b, 0x0b, 0x04, 0x07, 0x0a, 0x03, 0x04, 0x04, 0x03, 0x02, 0x0c, 0x14, 0x14, 0x15, 0x16, 0x15, 0x15, 0x17, 0x18, 0x18, 0x18, 0x18, 0x17, 0x16, 0x15, 0x15, 0x16, 0x13, 0x1f, 0x27, 0x29, 0x2c, 0x27, 0x26, 0x00, 0x00, 0x00, 0x00, 0x00, 0x00, 0x00, 0x00,
  0x00, 0x00, 0x00, 0x00, 0x00, 0x00, 0x00, 0x00, 0x00, 0x23, 0x28, 0x2b, 0x2a, 0x1e, 0x18, 0x19, 0x18, 0x18, 0x18, 0x18, 0x18, 0x11, 0x02, 0x0c, 0x0c, 0x0f, 0x0f, 0x0f, 0x10, 0x10, 0x10, 0x0f, 0x0c, 0x06, 0x11, 0x17, 0x12, 0x10, 0x14, 0x16, 0x15, 0x16, 0x17, 0x11, 0x25, 0x2d, 0x2c, 0x2d, 0x2d, 0x2d, 0x2d, 0x2c, 0x2c, 0x2a, 0x25, 0x25, 0x26, 0x22, 0x01, 0x01, 0x01, 0x02, 0x0c, 0x10, 0x10, 0x10, 0x0f, 0x0c, 0x0c, 0x0c, 0x0b, 0x0b, 0x0b, 0x0a, 0x0a, 0x0b, 0x0b, 0x02, 0x02, 0x02, 0x12, 0x14, 0x14, 0x14, 0x15, 0x15, 0x16, 0x15, 0x15, 0x15, 0x18, 0x18, 0x18, 0x18, 0x18, 0x18, 0x17, 0x16, 0x17, 0x13, 0x1e, 0x2a, 0x29, 0x2a, 0x23, 0x00, 0x00, 0x00, 0x00, 0x00, 0x00, 0x00, 0x00, 0x00,
  0x00, 0x00, 0x00, 0x00, 0x00, 0x00, 0x00, 0x00, 0x00, 0x23, 0x28, 0x2b, 0x2a, 0x27, 0x21, 0x15, 0x18, 0x17, 0x17, 0x18, 0x18, 0x14, 0x0e, 0x0e, 0x0f, 0x0c, 0x0f, 0x0f, 0x0f, 0x0f, 0x0f, 0x0c, 0x0b, 0x02, 0x0c, 0x17, 0x14, 0x0a, 0x0d, 0x14, 0x17, 0x16, 0x18, 0x15, 0x23, 0x2d, 0x26, 0x1f, 0x23, 0x23, 0x25, 0x2c, 0x2d, 0x2d, 0x2b, 0x2a, 0x2b, 0x26, 0x1f, 0x23, 0x23, 0x0a, 0x01, 0x02, 0x02, 0x02, 0x0b, 0x10, 0x0c, 0x0c, 0x0c, 0x0c, 0x0a, 0x0a, 0x02, 0x02, 0x02, 0x0c, 0x12, 0x11, 0x14, 0x17, 0x16, 0x15, 0x16, 0x16, 0x16, 0x16, 0x15, 0x16, 0x17, 0x18, 0x18, 0x19, 0x18, 0x13, 0x13, 0x13, 0x11, 0x1e, 0x23, 0x29, 0x29, 0x27, 0x25, 0x00, 0x00, 0x00, 0x00, 0x00, 0x00, 0x00, 0x00, 0x00,
  0x00, 0x00, 0x00, 0x00, 0x00, 0x00, 0x00, 0x00, 0x00, 0x00, 0x25, 0x29, 0x2a, 0x2d, 0x23, 0x13, 0x17, 0x17, 0x17, 0x17, 0x17, 0x18, 0x14, 0x0f, 0x0e, 0x0e, 0x0e, 0x0f, 0x0f, 0x0c, 0x08, 0x0b, 0x03, 0x0c, 0x14, 0x17, 0x17, 0x12, 0x0d, 0x0d, 0x14, 0x18, 0x19, 0x15, 0x21, 0x2c, 0x27, 0x23, 0x03, 0x02, 0x12, 0x23, 0x25, 0x25, 0x2a, 0x2b, 0x2a, 0x2b, 0x2d, 0x2b, 0x2d, 0x23, 0x1f, 0x23, 0x21, 0x1f, 0x0f, 0x02, 0x02, 0x02, 0x02, 0x02, 0x02, 0x01, 0x0a, 0x12, 0x11, 0x13, 0x17, 0x14, 0x14, 0x15, 0x15, 0x17, 0x17, 0x17, 0x16, 0x15, 0x14, 0x13, 0x13, 0x15, 0x15, 0x15, 0x1e, 0x23, 0x23, 0x23, 0x21, 0x25, 0x2b, 0x29, 0x28, 0x25, 0x00, 0x00, 0x00, 0x00, 0x00, 0x00, 0x00, 0x00, 0x00, 0x00,
  0x00, 0x00, 0x00, 0x00, 0x00, 0x00, 0x00, 0x00, 0x00, 0x00, 0x00, 0x28, 0x2c, 0x2c, 0x25, 0x1e, 0x15, 0x16, 0x17, 0x18, 0x16, 0x17, 0x19, 0x13, 0x11, 0x0f, 0x0c, 0x0f, 0x0f, 0x0c, 0x0a, 0x04, 0x02, 0x12, 0x16, 0x17, 0x18, 0x14, 0x0d, 0x0d, 0x0d, 0x1e, 0x1e, 0x18, 0x21, 0x2a, 0x2d, 0x2c, 0x12, 0x10, 0x0f, 0x03, 0x01, 0x0a, 0x25, 0x25, 0x25, 0x26, 0x27, 0x29, 0x29, 0x2b, 0x2d, 0x2d, 0x2d, 0x2c, 0x1f, 0x14, 0x17, 0x17, 0x14, 0x14, 0x14, 0x14, 0x14, 0x15, 0x17, 0x18, 0x15, 0x14, 0x14, 0x14, 0x15, 0x17, 0x18, 0x18, 0x15, 0x13, 0x17, 0x1f, 0x1f, 0x1f, 0x21, 0x1f, 0x23, 0x2d, 0x2c, 0x2b, 0x2b, 0x2a, 0x29, 0x29, 0x28, 0x00, 0x00, 0x00, 0x00, 0x00, 0x00, 0x00, 0x00, 0x00, 0x00, 0x00,
  0x00, 0x00, 0x00, 0x00, 0x00, 0x00, 0x00, 0x00, 0x00, 0x00, 0x00, 0x26, 0x2c, 0x2a, 0x2d, 0x25, 0x11, 0x17, 0x16, 0x17, 0x17, 0x18, 0x18, 0x1e, 0x13, 0x0e, 0x0f, 0x0e, 0x0f, 0x04, 0x02, 0x04, 0x10, 0x14, 0x16, 0x18, 0x1e, 0x14, 0x0d, 0x0d, 0x0d, 0x0d, 0x1e, 0x15, 0x23, 0x2c, 0x2a, 0x27, 0x11, 0x0c, 0x0c, 0x0c, 0x07, 0x02, 0x01, 0x01, 0x02, 0x01, 0x1f, 0x2a, 0x28, 0x29, 0x2a, 0x2a, 0x2a, 0x2a, 0x2c, 0x2c, 0x2c, 0x2a, 0x2a, 0x29, 0x28, 0x2c, 0x23, 0x13, 0x1e, 0x19, 0x1e, 0x17, 0x15, 0x16, 0x17, 0x1e, 0x1e, 0x1e, 0x17, 0x13, 0x23, 0x2b, 0x29, 0x2a, 0x2a, 0x2c, 0x2c, 0x2a, 0x2a, 0x29, 0x29, 0x29, 0x29, 0x29, 0x25, 0x00, 0x00, 0x00, 0x00, 0x00, 0x00, 0x00, 0x00, 0x00, 0x00, 0x00,
  0x00, 0x00, 0x00, 0x00, 0x00, 0x00, 0x00, 0x00, 0x00, 0x00, 0x00, 0x00, 0x27, 0x2a, 0x2b, 0x23, 0x13, 0x14, 0x15, 0x16, 0x17, 0x18, 0x18, 0x19, 0x19, 0x11, 0x0e, 0x0c, 0x04, 0x02, 0x02, 0x13, 0x14, 0x15, 0x16, 0x18, 0x1e, 0x0d, 0x0d, 0x0d, 0x0d, 0x0d, 0x1e, 0x15, 0x25, 0x2c, 0x2a, 0x27, 0x10, 0x05, 0x0c, 0x03, 0x02, 0x02, 0x04, 0x02, 0x04, 0x06, 0x10, 0x12, 0x10, 0x25, 0x2d, 0x2c, 0x2c, 0x2c, 0x2d, 0x2c, 0x2a, 0x29, 0x29, 0x29, 0x29, 0x29, 0x27, 0x27, 0x27, 0x27, 0x28, 0x27, 0x27, 0x27, 0x27, 0x27, 0x28, 0x27, 0x27, 0x27, 0x27, 0x29, 0x29, 0x29, 0x29, 0x2a, 0x2c, 0x2c, 0x2c, 0x2a, 0x2a, 0x29, 0x29, 0x26, 0x00, 0x00, 0x00, 0x00, 0x00, 0x00, 0x00, 0x00, 0x00, 0x00, 0x00, 0x00,
  0x00, 0x00, 0x00, 0x00, 0x00, 0x00, 0x00, 0x00, 0x00, 0x00, 0x00, 0x00, 0x1f, 0x26, 0x2a, 0x29, 0x25, 0x14, 0x15, 0x17, 0x18, 0x18, 0x18, 0x18, 0x19, 0x18, 0x11, 0x03, 0x02, 0x03, 0x14, 0x15, 0x17, 0x16, 0x17, 0x18, 0x18, 0x0d, 0x0d, 0x0d, 0x0d, 0x0d, 0x1e, 0x13, 0x23, 0x2b, 0x2a, 0x27, 0x0c, 0x03, 0x0b, 0x03, 0x02, 0x04, 0x07, 0x0b, 0x07, 0x0b, 0x03, 0x02, 0x02, 0x14, 0x1f, 0x1e, 0x1e, 0x1e, 0x1e, 0x27, 0x2d, 0x2c, 0x2c, 0x2c, 0x2c, 0x2c, 0x2d, 0x2d, 0x2a, 0x2a, 0x2a, 0x2a, 0x2a, 0x2a, 0x2a, 0x2c, 0x2a, 0x2a, 0x29, 0x29, 0x29, 0x2b, 0x2b, 0x2b, 0x2b, 0x2d, 0x25, 0x1f, 0x1f, 0x27, 0x2a, 0x2b, 0x25, 0x14, 0x00, 0x00, 0x00, 0x00, 0x00, 0x00, 0x00, 0x00, 0x00, 0x00, 0x00, 0x00,
  0x00, 0x00, 0x00, 0x00, 0x00, 0x00, 0x00, 0x00, 0x00, 0x00, 0x00, 0x00, 0x00, 0x25, 0x2b, 0x2b, 0x26, 0x13, 0x17, 0x18, 0x18, 0x18, 0x18, 0x18, 0x18, 0x19, 0x15, 0x13, 0x12, 0x13, 0x15, 0x16, 0x17, 0x18, 0x18, 0x16, 0x1e, 0x0d, 0x0d, 0x0d, 0x0d, 0x0d, 0x1e, 0x13, 0x25, 0x2b, 0x29, 0x26, 0x0a, 0x03, 0x07, 0x06, 0x04, 0x07, 0x09, 0x0b, 0x06, 0x0b, 0x0b, 0x0c, 0x0f, 0x03, 0x02, 0x02, 0x02, 0x02, 0x02, 0x1f, 0x1f, 0x1f, 0x1f, 0x1f, 0x1f, 0x1f, 0x1f, 0x25, 0x2d, 0x2d, 0x2d, 0x2d, 0x2d, 0x2d, 0x2d, 0x2d, 0x2d, 0x2b, 0x2b, 0x2b, 0x27, 0x21, 0x21, 0x21, 0x21, 0x23, 0x1f, 0x15, 0x1e, 0x27, 0x2c, 0x2c, 0x25, 0x00, 0x00, 0x00, 0x00, 0x00, 0x00, 0x00, 0x00, 0x00, 0x00, 0x00, 0x00, 0x00,
  0x00, 0x00, 0x00, 0x00, 0x00, 0x00, 0x00, 0x00, 0x00, 0x00, 0x00, 0x00, 0x00, 0x25, 0x27, 0x29, 0x29, 0x25, 0x15, 0x18, 0x18, 0x18, 0x18, 0x18, 0x18, 0x18, 0x17, 0x16, 0x16, 0x16, 0x16, 0x18, 0x18, 0x18, 0x18, 0x17, 0x14, 0x0d, 0x0d, 0x0d, 0x0d, 0x0d, 0x1e, 0x11, 0x23, 0x2b, 0x2a, 0x27, 0x0c, 0x03, 0x07, 0x06, 0x06, 0x09, 0x07, 0x07, 0x07, 0x0a, 0x0a, 0x0b, 0x07, 0x0c, 0x0c, 0x0c, 0x0c, 0x0c, 0x0c, 0x01, 0x01, 0x01, 0x01, 0x01, 0x01, 0x02, 0x01, 0x1e, 0x25, 0x23, 0x23, 0x23, 0x23, 0x23, 0x23, 0x23, 0x23, 0x23, 0x23, 0x25, 0x23, 0x13, 0x13, 0x13, 0x13, 0x13, 0x15, 0x1e, 0x28, 0x2a, 0x2c, 0x28, 0x00, 0x00, 0x00, 0x00, 0x00, 0x00, 0x00, 0x00, 0x00, 0x00, 0x00, 0x00, 0x00, 0x00,
  0x00, 0x00, 0x00, 0x00, 0x00, 0x00, 0x00, 0x00, 0x00, 0x00, 0x00, 0x00, 0x00, 0x00, 0x25, 0x28, 0x2a, 0x2a, 0x23, 0x1e, 0x19, 0x18, 0x18, 0x18, 0x18, 0x17, 0x16, 0x16, 0x16, 0x16, 0x16, 0x18, 0x19, 0x19, 0x18, 0x14, 0x0d, 0x0d, 0x0d, 0x0d, 0x0d, 0x14, 0x1e, 0x21, 0x25, 0x2b, 0x27, 0x25, 0x0b, 0x03, 0x07, 0x04, 0x07, 0x05, 0x07, 0x07, 0x07, 0x04, 0x0a, 0x07, 0x07, 0x0b, 0x07, 0x0b, 0x0b, 0x0b, 0x08, 0x0a, 0x0a, 0x0a, 0x0a, 0x0a, 0x0c, 0x10, 0x11, 0x0e, 0x02, 0x02, 0x02, 0x03, 0x03, 0x02, 0x03, 0x05, 0x02, 0x11, 0x13, 0x13, 0x15, 0x19, 0x18, 0x18, 0x17, 0x15, 0x18, 0x23, 0x2a, 0x2c, 0x28, 0x25, 0x00, 0x00, 0x00, 0x00, 0x00, 0x00, 0x00, 0x00, 0x00, 0x00, 0x00, 0x00, 0x00, 0x00,
  0x00, 0x00, 0x00, 0x00, 0x00, 0x00, 0x00, 0x00, 0x00, 0x00, 0x00, 0x00, 0x00, 0x00, 0x00, 0x25, 0x2a, 0x2a, 0x2c, 0x21, 0x19, 0x18, 0x18, 0x18, 0x16, 0x16, 0x15, 0x16, 0x17, 0x16, 0x16, 0x17, 0x17, 0x1e, 0x14, 0x0d, 0x0d, 0x0d, 0x0d, 0x0d, 0x14, 0x1f, 0x1e, 0x29, 0x2c, 0x2c, 0x25, 0x01, 0x0b, 0x06, 0x04, 0x04, 0x07, 0x07, 0x0b, 0x07, 0x07, 0x07, 0x07, 0x04, 0x07, 0x09, 0x07, 0x07, 0x07, 0x0b, 0x07, 0x04, 0x02, 0x02, 0x04, 0x07, 0x0c, 0x0f, 0x0f, 0x10, 0x11, 0x11, 0x11, 0x11, 0x11, 0x11, 0x14, 0x1e, 0x17, 0x14, 0x15, 0x17, 0x18, 0x18, 0x18, 0x17, 0x17, 0x13, 0x1f, 0x2c, 0x2a, 0x2a, 0x25, 0x00, 0x00, 0x00, 0x00, 0x00, 0x00, 0x00, 0x00, 0x00, 0x00, 0x00, 0x00, 0x00, 0x00, 0x00,
  0x00, 0x00, 0x00, 0x00, 0x00, 0x00, 0x00, 0x00, 0x00, 0x00, 0x00, 0x00, 0x00, 0x00, 0x00, 0x23, 0x28, 0x2c, 0x2a, 0x2a, 0x21, 0x15, 0x18, 0x16, 0x16, 0x16, 0x16, 0x16, 0x16, 0x16, 0x17, 0x14, 0x0d, 0x0d, 0x0d, 0x0d, 0x0d, 0x0d, 0x0d, 0x0d, 0x1e, 0x15, 0x25, 0x2c, 0x2a, 0x2d, 0x25, 0x02, 0x0c, 0x06, 0x07, 0x08, 0x04, 0x0a, 0x07, 0x07, 0x0a, 0x07, 0x07, 0x07, 0x04, 0x07, 0x07, 0x07, 0x0a, 0x07, 0x07, 0x07, 0x04, 0x04, 0x05, 0x0b, 0x0f, 0x0f, 0x0f, 0x0c, 0x10, 0x10, 0x0f, 0x0e, 0x13, 0x18, 0x16, 0x15, 0x14, 0x14, 0x16, 0x16, 0x18, 0x18, 0x18, 0x1e, 0x13, 0x21, 0x27, 0x29, 0x29, 0x28, 0x25, 0x00, 0x00, 0x00, 0x00, 0x00, 0x00, 0x00, 0x00, 0x00, 0x00, 0x00, 0x00, 0x00, 0x00, 0x00,
  0x00, 0x00, 0x00, 0x00, 0x00, 0x00, 0x00, 0x00, 0x00, 0x00, 0x00, 0x00, 0x00, 0x00, 0x00, 0x00, 0x23, 0x28, 0x2c, 0x2c, 0x2a, 0x23, 0x13, 0x18, 0x15, 0x16, 0x17, 0x16, 0x17, 0x18, 0x17, 0x12, 0x0d, 0x0d, 0x0d, 0x0d, 0x0d, 0x0d, 0x14, 0x14, 0x11, 0x23, 0x2a, 0x2a, 0x2d, 0x26, 0x12, 0x0b, 0x09, 0x06, 0x07, 0x07, 0x06, 0x0b, 0x07, 0x08, 0x07, 0x07, 0x08, 0x08, 0x0b, 0x09, 0x05, 0x07, 0x0a, 0x04, 0x04, 0x04, 0x04, 0x03, 0x06, 0x0b, 0x0f, 0x0f, 0x10, 0x0f, 0x0e, 0x0f, 0x14, 0x15, 0x18, 0x18, 0x16, 0x15, 0x15, 0x16, 0x16, 0x16, 0x18, 0x18, 0x1e, 0x15, 0x21, 0x26, 0x29, 0x29, 0x27, 0x23, 0x00, 0x00, 0x00, 0x00, 0x00, 0x00, 0x00, 0x00, 0x00, 0x00, 0x00, 0x00, 0x00, 0x00, 0x00, 0x00,
  0x00, 0x00, 0x00, 0x00, 0x00, 0x00, 0x00, 0x00, 0x00, 0x00, 0x00, 0x00, 0x00, 0x00, 0x00, 0x00, 0x00, 0x23, 0x2c, 0x2c, 0x2c, 0x27, 0x1f, 0x13, 0x17, 0x16, 0x17, 0x18, 0x17, 0x13, 0x14, 0x12, 0x0a, 0x0d, 0x0d, 0x0d, 0x0d, 0x10, 0x12, 0x1f, 0x23, 0x26, 0x2a, 0x2d, 0x26, 0x1e, 0x03, 0x10, 0x05, 0x07, 0x07, 0x09, 0x07, 0x07, 0x0b, 0x0b, 0x07, 0x0c, 0x0e, 0x0e, 0x0e, 0x09, 0x09, 0x07, 0x04, 0x04, 0x04, 0x03, 0x02, 0x04, 0x07, 0x0c, 0x10, 0x0f, 0x05, 0x12, 0x14, 0x15, 0x19, 0x1e, 0x18, 0x16, 0x15, 0x15, 0x15, 0x15, 0x15, 0x15, 0x18, 0x1e, 0x15, 0x21, 0x27, 0x2b, 0x29, 0x27, 0x23, 0x00, 0x00, 0x00, 0x00, 0x00, 0x00, 0x00, 0x00, 0x00, 0x00, 0x00, 0x00, 0x00, 0x00, 0x00, 0x00, 0x00,
  0x00, 0x00, 0x00, 0x00, 0x00, 0x00, 0x00, 0x00, 0x00, 0x00, 0x00, 0x00, 0x00, 0x00, 0x00, 0x00, 0x00, 0x00, 0x23, 0x28, 0x2c, 0x2c, 0x26, 0x21, 0x13, 0x17, 0x17, 0x16, 0x1e, 0x23, 0x23, 0x23, 0x23, 0x23, 0x23, 0x23, 0x23, 0x23, 0x23, 0x26, 0x2d, 0x2a, 0x2c, 0x27, 0x1e, 0x02, 0x10, 0x0e, 0x0c, 0x0b, 0x09, 0x09, 0x08, 0x07, 0x0b, 0x09, 0x05, 0x0c, 0x0e, 0x08, 0x05, 0x05, 0x07, 0x0b, 0x04, 0x02, 0x02, 0x02, 0x02, 0x02, 0x02, 0x03, 0x06, 0x13, 0x13, 0x15, 0x1e, 0x19, 0x18, 0x18, 0x18, 0x15, 0x15, 0x15, 0x15, 0x15, 0x15, 0x15, 0x17, 0x16, 0x21, 0x26, 0x2c, 0x2a, 0x28, 0x25, 0x00, 0x00, 0x00, 0x00, 0x00, 0x00, 0x00, 0x00, 0x00, 0x00, 0x00, 0x00, 0x00, 0x00, 0x00, 0x00, 0x00, 0x00,
  0x00, 0x00, 0x00, 0x00, 0x00, 0x00, 0x00, 0x00, 0x00, 0x00, 0x00, 0x00, 0x00, 0x00, 0x00, 0x00, 0x00, 0x00, 0x00, 0x25, 0x2a, 0x29, 0x2b, 0x27, 0x1f, 0x16, 0x17, 0x15, 0x21, 0x2d, 0x2c, 0x2b, 0x2b, 0x2b, 0x2c, 0x2c, 0x2d, 0x2d, 0x2d, 0x2c, 0x2a, 0x2a, 0x26, 0x14, 0x02, 0x11, 0x0c, 0x0b, 0x0e, 0x0e, 0x08, 0x07, 0x08, 0x0b, 0x0b, 0x07, 0x07, 0x09, 0x0e, 0x0e, 0x0e, 0x05, 0x09, 0x04, 0x02, 0x02, 0x02, 0x02, 0x04, 0x0c, 0x10, 0x10, 0x10, 0x17, 0x1e, 0x18, 0x16, 0x18, 0x17, 0x17, 0x18, 0x16, 0x15, 0x16, 0x16, 0x16, 0x16, 0x15, 0x14, 0x21, 0x29, 0x2c, 0x2a, 0x28, 0x26, 0x00, 0x00, 0x00, 0x00, 0x00, 0x00, 0x00, 0x00, 0x00, 0x00, 0x00, 0x00, 0x00, 0x00, 0x00, 0x00, 0x00, 0x00, 0x00,
  0x00, 0x00, 0x00, 0x00, 0x00, 0x00, 0x00, 0x00, 0x00, 0x00, 0x00, 0x00, 0x00, 0x00, 0x00, 0x00, 0x00, 0x00, 0x00, 0x00, 0x25, 0x28, 0x29, 0x29, 0x29, 0x1f, 0x19, 0x15, 0x21, 0x29, 0x29, 0x29, 0x29, 0x29, 0x29, 0x2a, 0x2a, 0x28, 0x27, 0x27, 0x27, 0x25, 0x02, 0x02, 0x0b, 0x0f, 0x10, 0x0c, 0x0c, 0x0e, 0x09, 0x0b, 0x0c, 0x0c, 0x0c, 0x0b, 0x08, 0x0f, 0x0f, 0x0c, 0x0e, 0x0e, 0x07, 0x04, 0x03, 0x03, 0x02, 0x02, 0x12, 0x16, 0x14, 0x15, 0x16, 0x18, 0x18, 0x16, 0x17, 0x18, 0x17, 0x17, 0x17, 0x16, 0x16, 0x16, 0x16, 0x17, 0x16, 0x18, 0x1f, 0x29, 0x2a, 0x2c, 0x28, 0x23, 0x00, 0x00, 0x00, 0x00, 0x00, 0x00, 0x00, 0x00, 0x00, 0x00, 0x00, 0x00, 0x00, 0x00, 0x00, 0x00, 0x00, 0x00, 0x00, 0x00,
  0x00, 0x00, 0x00, 0x00, 0x00, 0x00, 0x00, 0x00, 0x00, 0x00, 0x00, 0x00, 0x00, 0x00, 0x00, 0x00, 0x00, 0x00, 0x00, 0x00, 0x00, 0x23, 0x27, 0x29, 0x29, 0x2b, 0x23, 0x18, 0x19, 0x1f, 0x28, 0x29, 0x29, 0x29, 0x2a, 0x2a, 0x2c, 0x21, 0x16, 0x1e, 0x14, 0x02, 0x02, 0x02, 0x02, 0x06, 0x06, 0x08, 0x05, 0x05, 0x05, 0x05, 0x05, 0x05, 0x0e, 0x0e, 0x05, 0x0e, 0x0e, 0x0e, 0x0c, 0x03, 0x02, 0x12, 0x14, 0x14, 0x14, 0x14, 0x14, 0x15, 0x15, 0x15, 0x16, 0x17, 0x18, 0x17, 0x18, 0x18, 0x18, 0x17, 0x17, 0x16, 0x16, 0x17, 0x17, 0x18, 0x13, 0x21, 0x2b, 0x29, 0x2a, 0x28, 0x22, 0x00, 0x00, 0x00, 0x00, 0x00, 0x00, 0x00, 0x00, 0x00, 0x00, 0x00, 0x00, 0x00, 0x00, 0x00, 0x00, 0x00, 0x00, 0x00, 0x00, 0x00,
  0x00, 0x00, 0x00, 0x00, 0x00, 0x00, 0x00, 0x00, 0x00, 0x00, 0x00, 0x00, 0x00, 0x00, 0x00, 0x00, 0x00, 0x00, 0x00, 0x00, 0x00, 0x00, 0x22, 0x27, 0x29, 0x2a, 0x2c, 0x23, 0x11, 0x13, 0x1e, 0x1e, 0x1e, 0x1f, 0x1f, 0x1f, 0x1f, 0x1e, 0x18, 0x18, 0x17, 0x14, 0x14, 0x14, 0x14, 0x12, 0x12, 0x12, 0x12, 0x12, 0x12, 0x12, 0x12, 0x12, 0x12, 0x13, 0x13, 0x13, 0x13, 0x13, 0x12, 0x12, 0x13, 0x14, 0x15, 0x16, 0x16, 0x15, 0x15, 0x15, 0x15, 0x15, 0x15, 0x17, 0x18, 0x18, 0x17, 0x18, 0x18, 0x16, 0x16, 0x16, 0x16, 0x17, 0x18, 0x13, 0x23, 0x27, 0x29, 0x29, 0x28, 0x23, 0x00, 0x00, 0x00, 0x00, 0x00, 0x00, 0x00, 0x00, 0x00, 0x00, 0x00, 0x00, 0x00, 0x00, 0x00, 0x00, 0x00, 0x00, 0x00, 0x00, 0x00, 0x00,
  0x00, 0x00, 0x00, 0x00, 0x00, 0x00, 0x00, 0x00, 0x00, 0x00, 0x00, 0x00, 0x00, 0x00, 0x00, 0x00, 0x00, 0x00, 0x00, 0x00, 0x00, 0x00, 0x00, 0x1f, 0x26, 0x2c, 0x2c, 0x28, 0x25, 0x23, 0x11, 0x13, 0x15, 0x14, 0x15, 0x15, 0x15, 0x16, 0x17, 0x17, 0x17, 0x17, 0x15, 0x16, 0x15, 0x17, 0x18, 0x1e, 0x1e, 0x19, 0x18, 0x18, 0x18, 0x18, 0x18, 0x18, 0x19, 0x18, 0x17, 0x18, 0x18, 0x18, 0x18, 0x16, 0x16, 0x16, 0x15, 0x15, 0x15, 0x16, 0x15, 0x16, 0x16, 0x16, 0x16, 0x16, 0x17, 0x17, 0x17, 0x17, 0x17, 0x17, 0x18, 0x16, 0x13, 0x23, 0x27, 0x29, 0x29, 0x27, 0x22, 0x00, 0x00, 0x00, 0x00, 0x00, 0x00, 0x00, 0x00, 0x00, 0x00, 0x00, 0x00, 0x00, 0x00, 0x00, 0x00, 0x00, 0x00, 0x00, 0x00, 0x00, 0x00, 0x00,
  0x00, 0x00, 0x00, 0x00, 0x00, 0x00, 0x00, 0x00, 0x00, 0x00, 0x00, 0x00, 0x00, 0x00, 0x00, 0x00, 0x00, 0x00, 0x00, 0x00, 0x00, 0x00, 0x00, 0x00, 0x00, 0x2c, 0x2d, 0x2c, 0x2d, 0x29, 0x23, 0x16, 0x15, 0x18, 0x18, 0x17, 0x17, 0x17, 0x17, 0x17, 0x17, 0x17, 0x16, 0x15, 0x15, 0x16, 0x18, 0x18, 0x18, 0x18, 0x17, 0x17, 0x16, 0x16, 0x16, 0x18, 0x18, 0x16, 0x15, 0x16, 0x16, 0x16, 0x16, 0x17, 0x17, 0x17, 0x16, 0x16, 0x17, 0x16, 0x15, 0x15, 0x15, 0x15, 0x16, 0x16, 0x16, 0x16, 0x16, 0x18, 0x18, 0x15, 0x13, 0x1f, 0x25, 0x29, 0x29, 0x29, 0x2a, 0x00, 0x00, 0x00, 0x00, 0x00, 0x00, 0x00, 0x00, 0x00, 0x00, 0x00, 0x00, 0x00, 0x00, 0x00, 0x00, 0x00, 0x00, 0x00, 0x00, 0x00, 0x00, 0x00, 0x00, 0x00,
  0x00, 0x00, 0x00, 0x00, 0x00, 0x00, 0x00, 0x00, 0x00, 0x00, 0x00, 0x00, 0x00, 0x00, 0x00, 0x00, 0x00, 0x00, 0x00, 0x00, 0x00, 0x00, 0x00, 0x00, 0x00, 0x23, 0x26, 0x2d, 0x2a, 0x2a, 0x2d, 0x25, 0x1e, 0x13, 0x15, 0x17, 0x17, 0x17, 0x16, 0x16, 0x17, 0x17, 0x16, 0x16, 0x15, 0x16, 0x18, 0x17, 0x17, 0x18, 0x18, 0x18, 0x17, 0x16, 0x18, 0x18, 0x18, 0x16, 0x16, 0x16, 0x16, 0x18, 0x18, 0x17, 0x16, 0x16, 0x17, 0x17, 0x18, 0x17, 0x16, 0x15, 0x15, 0x16, 0x17, 0x16, 0x16, 0x17, 0x17, 0x15, 0x13, 0x1e, 0x23, 0x26, 0x2c, 0x29, 0x2a, 0x25, 0x23, 0x00, 0x00, 0x00, 0x00, 0x00, 0x00, 0x00, 0x00, 0x00, 0x00, 0x00, 0x00, 0x00, 0x00, 0x00, 0x00, 0x00, 0x00, 0x00, 0x00, 0x00, 0x00, 0x00, 0x00, 0x00,
  0x00, 0x00, 0x00, 0x00, 0x00, 0x00, 0x00, 0x00, 0x00, 0x00, 0x00, 0x00, 0x00, 0x00, 0x00, 0x00, 0x00, 0x00, 0x00, 0x00, 0x00, 0x00, 0x00, 0x00, 0x00, 0x00, 0x22, 0x27, 0x2c, 0x2c, 0x2a, 0x2d, 0x25, 0x21, 0x21, 0x15, 0x14, 0x15, 0x16, 0x16, 0x17, 0x18, 0x18, 0x17, 0x17, 0x16, 0x16, 0x16, 0x17, 0x18, 0x18, 0x18, 0x17, 0x18, 0x16, 0x18, 0x18, 0x16, 0x16, 0x16, 0x16, 0x18, 0x16, 0x16, 0x17, 0x18, 0x17, 0x17, 0x18, 0x18, 0x18, 0x16, 0x16, 0x17, 0x17, 0x17, 0x15, 0x15, 0x15, 0x1f, 0x1f, 0x25, 0x2d, 0x2a, 0x2a, 0x29, 0x26, 0x22, 0x00, 0x00, 0x00, 0x00, 0x00, 0x00, 0x00, 0x00, 0x00, 0x00, 0x00, 0x00, 0x00, 0x00, 0x00, 0x00, 0x00, 0x00, 0x00, 0x00, 0x00, 0x00, 0x00, 0x00, 0x00, 0x00,
  0x00, 0x00, 0x00, 0x00, 0x00, 0x00, 0x00, 0x00, 0x00, 0x00, 0x00, 0x00, 0x00, 0x00, 0x00, 0x00, 0x00, 0x00, 0x00, 0x00, 0x00, 0x00, 0x00, 0x00, 0x00, 0x00, 0x00, 0x00, 0x26, 0x28, 0x2c, 0x2a, 0x2c, 0x2d, 0x27, 0x1e, 0x1f, 0x17, 0x14, 0x15, 0x15, 0x18, 0x18, 0x18, 0x17, 0x16, 0x15, 0x17, 0x18, 0x18, 0x18, 0x18, 0x18, 0x18, 0x18, 0x18, 0x18, 0x18, 0x18, 0x18, 0x18, 0x18, 0x18, 0x17, 0x17, 0x18, 0x18, 0x16, 0x17, 0x18, 0x17, 0x17, 0x16, 0x15, 0x15, 0x15, 0x19, 0x1e, 0x1e, 0x27, 0x2d, 0x2c, 0x2c, 0x2c, 0x28, 0x27, 0x00, 0x00, 0x00, 0x00, 0x00, 0x00, 0x00, 0x00, 0x00, 0x00, 0x00, 0x00, 0x00, 0x00, 0x00, 0x00, 0x00, 0x00, 0x00, 0x00, 0x00, 0x00, 0x00, 0x00, 0x00, 0x00, 0x00, 0x00,
  0x00, 0x00, 0x00, 0x00, 0x00, 0x00, 0x00, 0x00, 0x00, 0x00, 0x00, 0x00, 0x00, 0x00, 0x00, 0x00, 0x00, 0x00, 0x00, 0x00, 0x00, 0x00, 0x00, 0x00, 0x00, 0x00, 0x00, 0x00, 0x00, 0x00, 0x27, 0x28, 0x28, 0x2a, 0x29, 0x29, 0x2b, 0x23, 0x13, 0x17, 0x18, 0x1e, 0x1e, 0x19, 0x19, 0x18, 0x17, 0x17, 0x19, 0x18, 0x18, 0x18, 0x17, 0x17, 0x18, 0x18, 0x18, 0x18, 0x18, 0x18, 0x18, 0x18, 0x18, 0x17, 0x18, 0x19, 0x18, 0x18, 0x17, 0x19, 0x18, 0x18, 0x18, 0x18, 0x17, 0x13, 0x21, 0x2a, 0x29, 0x29, 0x2a, 0x28, 0x27, 0x25, 0x00, 0x00, 0x00, 0x00, 0x00, 0x00, 0x00, 0x00, 0x00, 0x00, 0x00, 0x00, 0x00, 0x00, 0x00, 0x00, 0x00, 0x00, 0x00, 0x00, 0x00, 0x00, 0x00, 0x00, 0x00, 0x00, 0x00, 0x00, 0x00, 0x00,
  0x00, 0x00, 0x00, 0x00, 0x00, 0x00, 0x00, 0x00, 0x00, 0x00, 0x00, 0x00, 0x00, 0x00, 0x00, 0x00, 0x00, 0x00, 0x00, 0x00, 0x00, 0x00, 0x00, 0x00, 0x00, 0x00, 0x00, 0x00, 0x00, 0x00, 0x00, 0x00, 0x26, 0x28, 0x28, 0x29, 0x29, 0x29, 0x27, 0x27, 0x29, 0x25, 0x13, 0x15, 0x15, 0x15, 0x13, 0x13, 0x15, 0x19, 0x19, 0x18, 0x18, 0x18, 0x18, 0x18, 0x18, 0x18, 0x18, 0x18, 0x18, 0x18, 0x18, 0x19, 0x19, 0x15, 0x15, 0x13, 0x13, 0x13, 0x15, 0x13, 0x15, 0x26, 0x27, 0x26, 0x27, 0x29, 0x29, 0x27, 0x27, 0x25, 0x00, 0x00, 0x00, 0x00, 0x00, 0x00, 0x00, 0x00, 0x00, 0x00, 0x00, 0x00, 0x00, 0x00, 0x00, 0x00, 0x00, 0x00, 0x00, 0x00, 0x00, 0x00, 0x00, 0x00, 0x00, 0x00, 0x00, 0x00, 0x00, 0x00, 0x00, 0x00,
  0x00, 0x00, 0x00, 0x00, 0x00, 0x00, 0x00, 0x00, 0x00, 0x00, 0x00, 0x00, 0x00, 0x00, 0x00, 0x00, 0x00, 0x00, 0x00, 0x00, 0x00, 0x00, 0x00, 0x00, 0x00, 0x00, 0x00, 0x00, 0x00, 0x00, 0x00, 0x00, 0x00, 0x00, 0x00, 0x27, 0x28, 0x29, 0x2a, 0x2a, 0x2c, 0x27, 0x25, 0x25, 0x25, 0x25, 0x25, 0x25, 0x25, 0x1e, 0x15, 0x15, 0x15, 0x13, 0x13, 0x13, 0x13, 0x13, 0x13, 0x13, 0x13, 0x15, 0x15, 0x13, 0x1e, 0x25, 0x25, 0x25, 0x25, 0x25, 0x25, 0x25, 0x25, 0x29, 0x2a, 0x29, 0x29, 0x27, 0x27, 0x23, 0x00, 0x00, 0x00, 0x00, 0x00, 0x00, 0x00, 0x00, 0x00, 0x00, 0x00, 0x00, 0x00, 0x00, 0x00, 0x00, 0x00, 0x00, 0x00, 0x00, 0x00, 0x00, 0x00, 0x00, 0x00, 0x00, 0x00, 0x00, 0x00, 0x00, 0x00, 0x00, 0x00, 0x00,
  0x00, 0x00, 0x00, 0x00, 0x00, 0x00, 0x00, 0x00, 0x00, 0x00, 0x00, 0x00, 0x00, 0x00, 0x00, 0x00, 0x00, 0x00, 0x00, 0x00, 0x00, 0x00, 0x00, 0x00, 0x00, 0x00, 0x00, 0x00, 0x00, 0x00, 0x00, 0x00, 0x00, 0x00, 0x00, 0x1f, 0x00, 0x23, 0x28, 0x2c, 0x2a, 0x2c, 0x2d, 0x2c, 0x2c, 0x2c, 0x2c, 0x2c, 0x2c, 0x23, 0x21, 0x21, 0x21, 0x21, 0x21, 0x21, 0x1f, 0x21, 0x1f, 0x1f, 0x21, 0x21, 0x21, 0x21, 0x23, 0x2d, 0x2c, 0x2c, 0x2c, 0x2b, 0x2b, 0x2b, 0x2c, 0x29, 0x28, 0x28, 0x23, 0x00, 0x00, 0x00, 0x00, 0x00, 0x00, 0x00, 0x00, 0x00, 0x00, 0x00, 0x00, 0x00, 0x00, 0x00, 0x00, 0x00, 0x00, 0x00, 0x00, 0x00, 0x00, 0x00, 0x00, 0x00, 0x00, 0x00, 0x00, 0x00, 0x00, 0x00, 0x00, 0x00, 0x00, 0x00, 0x00, 0x00,
  0x00, 0x00, 0x00, 0x00, 0x00, 0x00, 0x00, 0x00, 0x00, 0x00, 0x00, 0x00, 0x00, 0x00, 0x00, 0x00, 0x00, 0x00, 0x00, 0x00, 0x00, 0x00, 0x00, 0x00, 0x00, 0x00, 0x00, 0x00, 0x00, 0x00, 0x00, 0x00, 0x00, 0x00, 0x00, 0x00, 0x00, 0x00, 0x23, 0x23, 0x25, 0x25, 0x28, 0x2c, 0x2a, 0x2a, 0x2a, 0x2a, 0x29, 0x2c, 0x2c, 0x2a, 0x2a, 0x2a, 0x29, 0x29, 0x29, 0x29, 0x29, 0x29, 0x2a, 0x2a, 0x2c, 0x2c, 0x2c, 0x29, 0x2a, 0x2a, 0x2a, 0x2a, 0x2a, 0x2a, 0x28, 0x27, 0x27, 0x26, 0x00, 0x00, 0x00, 0x00, 0x00, 0x00, 0x00, 0x00, 0x00, 0x00, 0x00, 0x00, 0x00, 0x00, 0x00, 0x00, 0x00, 0x00, 0x00, 0x00, 0x00, 0x00, 0x00, 0x00, 0x00, 0x00, 0x00, 0x00, 0x00, 0x00, 0x00, 0x00, 0x00, 0x00, 0x00, 0x00, 0x00, 0x00,
  0x00, 0x00, 0x00, 0x00, 0x00, 0x00, 0x00, 0x00, 0x00, 0x00, 0x00, 0x00, 0x00, 0x00, 0x00, 0x00, 0x00, 0x00, 0x00, 0x00, 0x00, 0x00, 0x00, 0x00, 0x00, 0x00, 0x00, 0x00, 0x00, 0x00, 0x00, 0x00, 0x00, 0x00, 0x00, 0x00, 0x00, 0x00, 0x00, 0x00, 0x00, 0x00, 0x25, 0x27, 0x26, 0x27, 0x26, 0x26, 0x2c, 0x2a, 0x2a, 0x29, 0x29, 0x29, 0x29, 0x29, 0x29, 0x29, 0x29, 0x29, 0x29, 0x29, 0x2a, 0x2a, 0x2a, 0x2c, 0x27, 0x26, 0x26, 0x26, 0x26, 0x26, 0x26, 0x00, 0x00, 0x00, 0x00, 0x00, 0x00, 0x00, 0x00, 0x00, 0x00, 0x00, 0x00, 0x00, 0x00, 0x00, 0x00, 0x00, 0x00, 0x00, 0x00, 0x00, 0x00, 0x00, 0x00, 0x00, 0x00, 0x00, 0x00, 0x00, 0x00, 0x00, 0x00, 0x00, 0x00, 0x00, 0x00, 0x00, 0x00, 0x00, 0x00, 0x00,
  0x00, 0x00, 0x00, 0x00, 0x00, 0x00, 0x00, 0x00, 0x00, 0x00, 0x00, 0x00, 0x00, 0x00, 0x00, 0x00, 0x00, 0x00, 0x00, 0x00, 0x00, 0x00, 0x00, 0x00, 0x00, 0x00, 0x00, 0x00, 0x00, 0x00, 0x00, 0x00, 0x00, 0x00, 0x00, 0x00, 0x00, 0x00, 0x00, 0x00, 0x00, 0x00, 0x00, 0x00, 0x00, 0x00, 0x00, 0x00, 0x27, 0x28, 0x27, 0x27, 0x27, 0x27, 0x27, 0x27, 0x27, 0x27, 0x27, 0x27, 0x27, 0x27, 0x27, 0x27, 0x28, 0x28, 0x00, 0x00, 0x00, 0x00, 0x00, 0x00, 0x00, 0x00, 0x00, 0x00, 0x00, 0x00, 0x00, 0x00, 0x00, 0x00, 0x00, 0x00, 0x00, 0x00, 0x00, 0x00, 0x00, 0x00, 0x00, 0x00, 0x00, 0x00, 0x00, 0x00, 0x00, 0x00, 0x00, 0x00, 0x00, 0x00, 0x00, 0x00, 0x00, 0x00, 0x00, 0x00, 0x00, 0x00, 0x00, 0x00, 0x00, 0x00,
};

const lv_img_dsc_t img_baby_yawn1 = {
  .header.cf = LV_IMG_CF_INDEXED_8BIT,
  .header.always_zero = 0,
  .header.reserved = 0,
  .header.w = 114,
  .header.h = 185,
  .data_size = 22114,
  .data = img_baby_yawn1_map,
};

static const uint8_t img_baby_yawn2_map[] = {
  /* palette (256 x BGRA) */
  0x00, 0x00, 0x00, 0x00,
  0xff, 0xfb, 0xef, 0xff,
  0xfb, 0xef, 0xdd, 0xff,
  0xfb, 0xee, 0xd8, 0xff,
  0xf9, 0xec, 0xd8, 0xff,
  0xfa, 0xed, 0xd5, 0xff,
  0xfa, 0xec, 0xd6, 0xff,
  0xf9, 0xec, 0xd6, 0xff,
  0xf9, 0xec, 0xd5, 0xff,
  0xf8, 0xec, 0xd5, 0xff,
  0xf8, 0xeb, 0xd8, 0xff,
  0xf8, 0xeb, 0xd5, 0xff,
  0xf8, 0xea, 0xd4, 0xff,
  0xd4, 0xde, 0xe7, 0xff,
  0xf9, 0xeb, 0xd2, 0xff,
  0xf8, 0xe9, 0xd1, 0xff,
  0xf6, 0xe7, 0xd0, 0xff,
  0xf6, 0xe4, 0xc8, 0xff,
  0xef, 0xdd, 0xc5, 0xff,
  0xf0, 0xd9, 0xba, 0xff,
  0xe7, 0xd0, 0xb6, 0xff,
  0xe9, 0xcf, 0xae, 0xff,
  0xe7, 0xcc, 0xad, 0xff,
  0xe6, 0xca, 0xac, 0xff,
  0xe6, 0xca, 0xa9, 0xff,
  0xe5, 0xc9, 0xa2, 0xff,
  0xa8, 0xc2, 0xf5, 0xff,
  0xaa, 0xc3, 0xf1, 0xff,
  0xa5, 0xbf, 0xf2, 0xff,
  0xa0, 0xb3, 0xe7, 0xff,
  0xde, 0xc2, 0xa0, 0xff,
  0xc4, 0xaf, 0x9d, 0xff,
  0xde, 0xb8, 0x80, 0xff,
  0xd1, 0xab, 0x7b, 0xff,
  0x93, 0x8a, 0xa4, 0xff,
  0x9f, 0x80, 0x6a, 0xff,
  0x6f, 0x5d, 0x89, 0xff,
  0x7a, 0x5c, 0x4e, 0xff,
  0x70, 0x4d, 0x38, 0xff,
  0x60, 0x3b, 0x2d, 0xff,
  0x53, 0x2f, 0x23, 0xff,
  0x5a, 0x2b, 0x18, 0xff,
  0x53, 0x25, 0x16, 0xff,
  0x56, 0x1f, 0x0e, 0xff,
  0x44, 0x1d, 0x11, 0xff,
  0x3d, 0x14, 0x05, 0xff,
  0x00, 0x00, 0x01, 0xff,
  0x00, 0x00, 0x00, 0xff,
  0x00, 0x00, 0x00, 0x00,
  0x00, 0x00, 0x00, 0x00,
  0x00, 0x00, 0x00, 0x00,
  0x00, 0x00, 0x00, 0x00,
  0x00, 0x00, 0x00, 0x00,
  0x00, 0x00, 0x00, 0x00,
  0x00, 0x00, 0x00, 0x00,
  0x00, 0x00, 0x00, 0x00,
  0x00, 0x00, 0x00, 0x00,
  0x00, 0x00, 0x00, 0x00,
  0x00, 0x00, 0x00, 0x00,
  0x00, 0x00, 0x00, 0x00,
  0x00, 0x00, 0x00, 0x00,
  0x00, 0x00, 0x00, 0x00,
  0x00, 0x00, 0x00, 0x00,
  0x00, 0x00, 0x00, 0x00,
  0x00, 0x00, 0x00, 0x00,
  0x00, 0x00, 0x00, 0x00,
  0x00, 0x00, 0x00, 0x00,
  0x00, 0x00, 0x00, 0x00,
  0x00, 0x00, 0x00, 0x00,
  0x00, 0x00, 0x00, 0x00,
  0x00, 0x00, 0x00, 0x00,
  0x00, 0x00, 0x00, 0x00,
  0x00, 0x00, 0x00, 0x00,
  0x00, 0x00, 0x00, 0x00,
  0x00, 0x00, 0x00, 0x00,
  0x00, 0x00, 0x00, 0x00,
  0x00, 0x00, 0x00, 0x00,
  0x00, 0x00, 0x00, 0x00,
  0x00, 0x00, 0x00, 0x00,
  0x00, 0x00, 0x00, 0x00,
  0x00, 0x00, 0x00, 0x00,
  0x00, 0x00, 0x00, 0x00,
  0x00, 0x00, 0x00, 0x00,
  0x00, 0x00, 0x00, 0x00,
  0x00, 0x00, 0x00, 0x00,
  0x00, 0x00, 0x00, 0x00,
  0x00, 0x00, 0x00, 0x00,
  0x00, 0x00, 0x00, 0x00,
  0x00, 0x00, 0x00, 0x00,
  0x00, 0x00, 0x00, 0x00,
  0x00, 0x00, 0x00, 0x00,
  0x00, 0x00, 0x00, 0x00,
  0x00, 0x00, 0x00, 0x00,
  0x00, 0x00, 0x00, 0x00,
  0x00, 0x00, 0x00, 0x00,
  0x00, 0x00, 0x00, 0x00,
  0x00, 0x00, 0x00, 0x00,
  0x00, 0x00, 0x00, 0x00,
  0x00, 0x00, 0x00, 0x00,
  0x00, 0x00, 0x00, 0x00,
  0x00, 0x00, 0x00, 0x00,
  0x00, 0x00, 0x00, 0x00,
  0x00, 0x00, 0x00, 0x00,
  0x00, 0x00, 0x00, 0x00,
  0x00, 0x00, 0x00, 0x00,
  0x00, 0x00, 0x00, 0x00,
  0x00, 0x00, 0x00, 0x00,
  0x00, 0x00, 0x00, 0x00,
  0x00, 0x00, 0x00, 0x00,
  0x00, 0x00, 0x00, 0x00,
  0x00, 0x00, 0x00, 0x00,
  0x00, 0x00, 0x00, 0x00,
  0x00, 0x00, 0x00, 0x00,
  0x00, 0x00, 0x00, 0x00,
  0x00, 0x00, 0x00, 0x00,
  0x00, 0x00, 0x00, 0x00,
  0x00, 0x00, 0x00, 0x00,
  0x00, 0x00, 0x00, 0x00,
  0x00, 0x00, 0x00, 0x00,
  0x00, 0x00, 0x00, 0x00,
  0x00, 0x00, 0x00, 0x00,
  0x00, 0x00, 0x00, 0x00,
  0x00, 0x00, 0x00, 0x00,
  0x00, 0x00, 0x00, 0x00,
  0x00, 0x00, 0x00, 0x00,
  0x00, 0x00, 0x00, 0x00,
  0x00, 0x00, 0x00, 0x00,
  0x00, 0x00, 0x00, 0x00,
  0x00, 0x00, 0x00, 0x00,
  0x00, 0x00, 0x00, 0x00,
  0x00, 0x00, 0x00, 0x00,
  0x00, 0x00, 0x00, 0x00,
  0x00, 0x00, 0x00, 0x00,
  0x00, 0x00, 0x00, 0x00,
  0x00, 0x00, 0x00, 0x00,
  0x00, 0x00, 0x00, 0x00,
  0x00, 0x00, 0x00, 0x00,
  0x00, 0x00, 0x00, 0x00,
  0x00, 0x00, 0x00, 0x00,
  0x00, 0x00, 0x00, 0x00,
  0x00, 0x00, 0x00, 0x00,
  0x00, 0x00, 0x00, 0x00,
  0x00, 0x00, 0x00, 0x00,
  0x00, 0x00, 0x00, 0x00,
  0x00, 0x00, 0x00, 0x00,
  0x00, 0x00, 0x00, 0x00,
  0x00, 0x00, 0x00, 0x00,
  0x00, 0x00, 0x00, 0x00,
  0x00, 0x00, 0x00, 0x00,
  0x00, 0x00, 0x00, 0x00,
  0x00, 0x00, 0x00, 0x00,
  0x00, 0x00, 0x00, 0x00,
  0x00, 0x00, 0x00, 0x00,
  0x00, 0x00, 0x00, 0x00,
  0x00, 0x00, 0x00, 0x00,
  0x00, 0x00, 0x00, 0x00,
  0x00, 0x00, 0x00, 0x00,
  0x00, 0x00, 0x00, 0x00,
  0x00, 0x00, 0x00, 0x00,
  0x00, 0x00, 0x00, 0x00,
  0x00, 0x00, 0x00, 0x00,
  0x00, 0x00, 0x00, 0x00,
  0x00, 0x00, 0x00, 0x00,
  0x00, 0x00, 0x00, 0x00,
  0x00, 0x00, 0x00, 0x00,
  0x00, 0x00, 0x00, 0x00,
  0x00, 0x00, 0x00, 0x00,
  0x00, 0x00, 0x00, 0x00,
  0x00, 0x00, 0x00, 0x00,
  0x00, 0x00, 0x00, 0x00,
  0x00, 0x00, 0x00, 0x00,
  0x00, 0x00, 0x00, 0x00,
  0x00, 0x00, 0x00, 0x00,
  0x00, 0x00, 0x00, 0x00,
  0x00, 0x00, 0x00, 0x00,
  0x00, 0x00, 0x00, 0x00,
  0x00, 0x00, 0x00, 0x00,
  0x00, 0x00, 0x00, 0x00,
  0x00, 0x00, 0x00, 0x00,
  0x00, 0x00, 0x00, 0x00,
  0x00, 0x00, 0x00, 0x00,
  0x00, 0x00, 0x00, 0x00,
  0x00, 0x00, 0x00, 0x00,
  0x00, 0x00, 0x00, 0x00,
  0x00, 0x00, 0x00, 0x00,
  0x00, 0x00, 0x00, 0x00,
  0x00, 0x00, 0x00, 0x00,
  0x00, 0x00, 0x00, 0x00,
  0x00, 0x00, 0x00, 0x00,
  0x00, 0x00, 0x00, 0x00,
  0x00, 0x00, 0x00, 0x00,
  0x00, 0x00, 0x00, 0x00,
  0x00, 0x00, 0x00, 0x00,
  0x00, 0x00, 0x00, 0x00,
  0x00, 0x00, 0x00, 0x00,
  0x00, 0x00, 0x00, 0x00,
  0x00, 0x00, 0x00, 0x00,
  0x00, 0x00, 0x00, 0x00,
  0x00, 0x00, 0x00, 0x00,
  0x00, 0x00, 0x00, 0x00,
  0x00, 0x00, 0x00, 0x00,
  0x00, 0x00, 0x00, 0x00,
  0x00, 0x00, 0x00, 0x00,
  0x00, 0x00, 0x00, 0x00,
  0x00, 0x00, 0x00, 0x00,
  0x00, 0x00, 0x00, 0x00,
  0x00, 0x00, 0x00, 0x00,
  0x00, 0x00, 0x00, 0x00,
  0x00, 0x00, 0x00, 0x00,
  0x00, 0x00, 0x00, 0x00,
  0x00, 0x00, 0x00, 0x00,
  0x00, 0x00, 0x00, 0x00,
  0x00, 0x00, 0x00, 0x00,
  0x00, 0x00, 0x00, 0x00,
  0x00, 0x00, 0x00, 0x00,
  0x00, 0x00, 0x00, 0x00,
  0x00, 0x00, 0x00, 0x00,
  0x00, 0x00, 0x00, 0x00,
  0x00, 0x00, 0x00, 0x00,
  0x00, 0x00, 0x00, 0x00,
  0x00, 0x00, 0x00, 0x00,
  0x00, 0x00, 0x00, 0x00,
  0x00, 0x00, 0x00, 0x00,
  0x00, 0x00, 0x00, 0x00,
  0x00, 0x00, 0x00, 0x00,
  0x00, 0x00, 0x00, 0x00,
  0x00, 0x00, 0x00, 0x00,
  0x00, 0x00, 0x00, 0x00,
  0x00, 0x00, 0x00, 0x00,
  0x00, 0x00, 0x00, 0x00,
  0x00, 0x00, 0x00, 0x00,
  0x00, 0x00, 0x00, 0x00,
  0x00, 0x00, 0x00, 0x00,
  0x00, 0x00, 0x00, 0x00,
  0x00, 0x00, 0x00, 0x00,
  0x00, 0x00, 0x00, 0x00,
  0x00, 0x00, 0x00, 0x00,
  0x00, 0x00, 0x00, 0x00,
  0x00, 0x00, 0x00, 0x00,
  0x00, 0x00, 0x00, 0x00,
  0x00, 0x00, 0x00, 0x00,
  0x00, 0x00, 0x00, 0x00,
  0x00, 0x00, 0x00, 0x00,
  0x00, 0x00, 0x00, 0x00,
  0x00, 0x00, 0x00, 0x00,
  0x00, 0x00, 0x00, 0x00,
  0x00, 0x00, 0x00, 0x00,
  0x00, 0x00, 0x00, 0x00,
  0x00, 0x00, 0x00, 0x00,
  0x00, 0x00, 0x00, 0x00,
  0x00, 0x00, 0x00, 0x00,
  0x00, 0x00, 0x00, 0x00,
  0x00, 0x00, 0x00, 0x00,
  0x00, 0x00, 0x00, 0x00,
  0x00, 0x00, 0x00, 0x00,
  0x00, 0x00, 0x00, 0x00,
  /* pixel indices */
  0x00, 0x00, 0x00, 0x00, 0x00, 0x00, 0x00, 0x00, 0x00, 0x00, 0x00, 0x00, 0x00, 0x00, 0x00, 0x00, 0x00, 0x00, 0x00, 0x00, 0x00, 0x00, 0x00, 0x00, 0x00, 0x00, 0x00, 0x00, 0x00, 0x00, 0x00, 0x00, 0x00, 0x00, 0x00, 0x00, 0x00, 0x00, 0x00, 0x00, 0x00, 0x00, 0x00, 0x00, 0x00, 0x00, 0x00, 0x00, 0x00, 0x00, 0x00, 0x00, 0x00, 0x27, 0x28, 0x25, 0x25, 0x25, 0x25, 0x28, 0x28, 0x00, 0x00, 0x00, 0x00, 0x00, 0x00, 0x00, 0x00, 0x00, 0x00, 0x00, 0x00, 0x00, 0x00, 0x00, 0x00, 0x00, 0x00, 0x00, 0x00, 0x00, 0x00, 0x00, 0x00, 0x00, 0x00, 0x00, 0x00, 0x00, 0x00, 0x00, 0x00, 0x00, 0x00, 0x00, 0x00, 0x00, 0x00, 0x00, 0x00, 0x00, 0x00, 0x00, 0x00, 0x00, 0x00, 0x00, 0x00, 0x00, 0x00, 0x00, 0x00, 0x00,
  0x00, 0x00, 0x00, 0x00, 0x00, 0x00, 0x00, 0x00, 0x00, 0x00, 0x00, 0x00, 0x00, 0x00, 0x00, 0x00, 0x00, 0x00, 0x00, 0x00, 0x00, 0x00, 0x00, 0x00, 0x00, 0x00, 0x00, 0x00, 0x00, 0x00, 0x00, 0x00, 0x00, 0x00, 0x00, 0x00, 0x00, 0x00, 0x00, 0x00, 0x00, 0x00, 0x00, 0x00, 0x00, 0x00, 0x00, 0x00, 0x00, 0x00, 0x00, 0x00, 0x23, 0x2a, 0x2a, 0x2d, 0x2d, 0x2d, 0x2d, 0x2a, 0x2a, 0x23, 0x00, 0x00, 0x00, 0x00, 0x00, 0x00, 0x00, 0x00, 0x00, 0x00, 0x00, 0x00, 0x00, 0x00, 0x00, 0x00, 0x00, 0x00, 0x00, 0x00, 0x00, 0x00, 0x00, 0x00, 0x00, 0x00, 0x00, 0x00, 0x00, 0x00, 0x00, 0x00, 0x00, 0x00, 0x00, 0x00, 0x00, 0x00, 0x00, 0x00, 0x00, 0x00, 0x00, 0x00, 0x00, 0x00, 0x00, 0x00, 0x00, 0x00, 0x00, 0x00,
  0x00, 0x00, 0x00, 0x00, 0x00, 0x00, 0x00, 0x00, 0x00, 0x00, 0x00, 0x00, 0x00, 0x00, 0x00, 0x00, 0x00, 0x00, 0x00, 0x00, 0x00, 0x00, 0x00, 0x00, 0x00, 0x00, 0x00, 0x00, 0x00, 0x00, 0x00, 0x00, 0x00, 0x00, 0x00, 0x00, 0x00, 0x00, 0x00, 0x00, 0x00, 0x00, 0x00, 0x00, 0x00, 0x00, 0x00, 0x00, 0x00, 0x00, 0x1f, 0x25, 0x29, 0x2a, 0x2c, 0x2c, 0x2a, 0x2a, 0x2a, 0x2a, 0x29, 0x29, 0x26, 0x00, 0x00, 0x00, 0x00, 0x00, 0x00, 0x00, 0x00, 0x00, 0x00, 0x00, 0x00, 0x00, 0x00, 0x00, 0x00, 0x00, 0x00, 0x00, 0x00, 0x00, 0x00, 0x00, 0x00, 0x00, 0x00, 0x00, 0x00, 0x00, 0x00, 0x00, 0x00, 0x00, 0x00, 0x00, 0x00, 0x00, 0x00, 0x00, 0x00, 0x00, 0x00, 0x00, 0x00, 0x00, 0x00, 0x00, 0x00, 0x00, 0x00, 0x00,
  0x00, 0x00, 0x00, 0x00, 0x00, 0x00, 0x00, 0x00, 0x00, 0x00, 0x00, 0x00, 0x00, 0x00, 0x00, 0x00, 0x00, 0x00, 0x00, 0x00, 0x00, 0x00, 0x00, 0x00, 0x00, 0x00, 0x00, 0x00, 0x00, 0x00, 0x00, 0x00, 0x00, 0x00, 0x00, 0x00, 0x00, 0x00, 0x00, 0x00, 0x00, 0x00, 0x00, 0x00, 0x00, 0x00, 0x00, 0x00, 0x00, 0x26, 0x28, 0x29, 0x29, 0x28, 0x28, 0x28, 0x28, 0x28, 0x28, 0x28, 0x28, 0x29, 0x29, 0x28, 0x27, 0x00, 0x00, 0x00, 0x00, 0x00, 0x00, 0x00, 0x00, 0x00, 0x00, 0x00, 0x00, 0x00, 0x00, 0x00, 0x00, 0x00, 0x00, 0x00, 0x00, 0x00, 0x00, 0x00, 0x00, 0x00, 0x00, 0x00, 0x00, 0x00, 0x00, 0x00, 0x00, 0x00, 0x00, 0x00, 0x00, 0x00, 0x00, 0x00, 0x00, 0x00, 0x00, 0x00, 0x00, 0x00, 0x00, 0x00, 0x00, 0x00,
  0x00, 0x00, 0x00, 0x00, 0x00, 0x00, 0x00, 0x00, 0x00, 0x00, 0x00, 0x00, 0x00, 0x00, 0x00, 0x00, 0x00, 0x00, 0x00, 0x00, 0x00, 0x00, 0x00, 0x00, 0x00, 0x00, 0x00, 0x00, 0x00, 0x00, 0x00, 0x00, 0x00, 0x00, 0x00, 0x00, 0x00, 0x00, 0x00, 0x00, 0x00, 0x00, 0x00, 0x27, 0x28, 0x28, 0x27, 0x27, 0x27, 0x29, 0x29, 0x29, 0x28, 0x28, 0x24, 0x24, 0x24, 0x24, 0x24, 0x24, 0x28, 0x2a, 0x29, 0x29, 0x28, 0x27, 0x27, 0x28, 0x28, 0x28, 0x27, 0x00, 0x00, 0x00, 0x00, 0x00, 0x00, 0x00, 0x00, 0x00, 0x00, 0x00, 0x00, 0x00, 0x00, 0x00, 0x00, 0x00, 0x00, 0x00, 0x00, 0x00, 0x00, 0x00, 0x00, 0x00, 0x00, 0x00, 0x00, 0x00, 0x00, 0x00, 0x00, 0x00, 0x00, 0x00, 0x00, 0x00, 0x00, 0x00, 0x00, 0x00, 0x00, 0x00,
  0x00, 0x00, 0x00, 0x00, 0x00, 0x00, 0x00, 0x00, 0x00, 0x00, 0x00, 0x00, 0x00, 0x00, 0x00, 0x00, 0x00, 0x00, 0x00, 0x00, 0x00, 0x00, 0x00, 0x00, 0x00, 0x00, 0x00, 0x00, 0x00, 0x00, 0x00, 0x00, 0x00, 0x00, 0x00, 0x00, 0x00, 0x00, 0x00, 0x25, 0x26, 0x26, 0x26, 0x2a, 0x2c, 0x2a, 0x2a, 0x29, 0x29, 0x29, 0x29, 0x2a, 0x27, 0x24, 0x24, 0x24, 0x24, 0x24, 0x24, 0x24, 0x24, 0x27, 0x2a, 0x29, 0x2a, 0x2a, 0x2a, 0x2c, 0x2c, 0x2c, 0x2c, 0x27, 0x27, 0x26, 0x00, 0x00, 0x00, 0x00, 0x00, 0x00, 0x00, 0x00, 0x00, 0x00, 0x00, 0x00, 0x00, 0x00, 0x00, 0x00, 0x00, 0x00, 0x00, 0x00, 0x00, 0x00, 0x00, 0x00, 0x00, 0x00, 0x00, 0x00, 0x00, 0x00, 0x00, 0x00, 0x00, 0x00, 0x00, 0x00, 0x00, 0x00, 0x00, 0x00,
  0x00, 0x00, 0x00, 0x00, 0x00, 0x00, 0x00, 0x00, 0x00, 0x00, 0x00, 0x00, 0x00, 0x00, 0x00, 0x00, 0x00, 0x00, 0x00, 0x00, 0x00, 0x00, 0x00, 0x00, 0x00, 0x00, 0x00, 0x00, 0x00, 0x00, 0x00, 0x00, 0x00, 0x00, 0x00, 0x00, 0x25, 0x27, 0x26, 0x28, 0x2c, 0x2c, 0x2d, 0x2d, 0x2d, 0x2d, 0x2d, 0x2c, 0x29, 0x29, 0x2a, 0x27, 0x24, 0x22, 0x24, 0x24, 0x24, 0x24, 0x24, 0x24, 0x22, 0x24, 0x27, 0x2a, 0x29, 0x2a, 0x2d, 0x2d, 0x2d, 0x2d, 0x2d, 0x2d, 0x2c, 0x2c, 0x28, 0x26, 0x27, 0x25, 0x00, 0x00, 0x00, 0x00, 0x00, 0x00, 0x00, 0x00, 0x00, 0x00, 0x00, 0x00, 0x00, 0x00, 0x00, 0x00, 0x00, 0x00, 0x00, 0x00, 0x00, 0x00, 0x00, 0x00, 0x00, 0x00, 0x00, 0x00, 0x00, 0x00, 0x00, 0x00, 0x00, 0x00, 0x00, 0x00,
  0x00, 0x00, 0x00, 0x00, 0x00, 0x00, 0x00, 0x00, 0x00, 0x00, 0x00, 0x00, 0x00, 0x00, 0x00, 0x00, 0x00, 0x00, 0x00, 0x00, 0x00, 0x00, 0x00, 0x00, 0x00, 0x00, 0x00, 0x00, 0x00, 0x00, 0x00, 0x00, 0x00, 0x00, 0x23, 0x23, 0x27, 0x29, 0x29, 0x2b, 0x2b, 0x2d, 0x26, 0x23, 0x25, 0x23, 0x23, 0x23, 0x29, 0x29, 0x2a, 0x24, 0x22, 0x24, 0x24, 0x24, 0x24, 0x24, 0x24, 0x24, 0x24, 0x22, 0x24, 0x2a, 0x2a, 0x28, 0x23, 0x23, 0x23, 0x25, 0x23, 0x27, 0x2d, 0x2b, 0x2a, 0x29, 0x29, 0x27, 0x23, 0x23, 0x00, 0x00, 0x00, 0x00, 0x00, 0x00, 0x00, 0x00, 0x00, 0x00, 0x00, 0x00, 0x00, 0x00, 0x00, 0x00, 0x00, 0x00, 0x00, 0x00, 0x00, 0x00, 0x00, 0x00, 0x00, 0x00, 0x00, 0x00, 0x00, 0x00, 0x00, 0x00, 0x00, 0x00,
  0x00, 0x00, 0x00, 0x00, 0x00, 0x00, 0x00, 0x00, 0x00, 0x00, 0x00, 0x00, 0x00, 0x00, 0x00, 0x00, 0x00, 0x00, 0x00, 0x00, 0x00, 0x00, 0x00, 0x00, 0x00, 0x00, 0x00, 0x00, 0x00, 0x00, 0x00, 0x00, 0x00, 0x27, 0x28, 0x29, 0x29, 0x2a, 0x29, 0x27, 0x26, 0x28, 0x21, 0x02, 0x03, 0x03, 0x02, 0x10, 0x28, 0x2a, 0x2a, 0x24, 0x22, 0x24, 0x24, 0x24, 0x24, 0x24, 0x24, 0x24, 0x24, 0x22, 0x24, 0x2a, 0x2b, 0x27, 0x02, 0x02, 0x02, 0x03, 0x02, 0x23, 0x27, 0x26, 0x27, 0x2a, 0x29, 0x2a, 0x2a, 0x2a, 0x25, 0x00, 0x00, 0x00, 0x00, 0x00, 0x00, 0x00, 0x00, 0x00, 0x00, 0x00, 0x00, 0x00, 0x00, 0x00, 0x00, 0x00, 0x00, 0x00, 0x00, 0x00, 0x00, 0x00, 0x00, 0x00, 0x00, 0x00, 0x00, 0x00, 0x00, 0x00, 0x00, 0x00,
  0x00, 0x00, 0x00, 0x00, 0x00, 0x00, 0x00, 0x00, 0x00, 0x00, 0x00, 0x00, 0x00, 0x00, 0x00, 0x00, 0x00, 0x00, 0x00, 0x00, 0x00, 0x00, 0x00, 0x00, 0x00, 0x00, 0x00, 0x00, 0x00, 0x00, 0x00, 0x26, 0x2c, 0x2a, 0x29, 0x29, 0x27, 0x27, 0x27, 0x1e, 0x02, 0x10, 0x11, 0x11, 0x10, 0x11, 0x10, 0x14, 0x2a, 0x2a, 0x2c, 0x24, 0x24, 0x24, 0x24, 0x24, 0x24, 0x24, 0x24, 0x24, 0x24, 0x22, 0x24, 0x2a, 0x2b, 0x27, 0x12, 0x10, 0x10, 0x10, 0x11, 0x11, 0x0f, 0x01, 0x1f, 0x28, 0x27, 0x27, 0x29, 0x2a, 0x2a, 0x2a, 0x28, 0x00, 0x00, 0x00, 0x00, 0x00, 0x00, 0x00, 0x00, 0x00, 0x00, 0x00, 0x00, 0x00, 0x00, 0x00, 0x00, 0x00, 0x00, 0x00, 0x00, 0x00, 0x00, 0x00, 0x00, 0x00, 0x00, 0x00, 0x00, 0x00, 0x00, 0x00,
  0x00, 0x00, 0x00, 0x00, 0x00, 0x00, 0x00, 0x00, 0x00, 0x00, 0x00, 0x00, 0x00, 0x00, 0x00, 0x00, 0x00, 0x00, 0x00, 0x00, 0x00, 0x00, 0x00, 0x00, 0x00, 0x00, 0x00, 0x00, 0x22, 0x26, 0x27, 0x2a, 0x2a, 0x2c, 0x2d, 0x28, 0x12, 0x10, 0x10, 0x02, 0x02, 0x0b, 0x10, 0x10, 0x0f, 0x10, 0x0e, 0x14, 0x28, 0x2c, 0x2c, 0x27, 0x24, 0x24, 0x24, 0x24, 0x24, 0x24, 0x24, 0x24, 0x24, 0x22, 0x27, 0x2c, 0x2c, 0x27, 0x11, 0x0f, 0x10, 0x0f, 0x10, 0x0f, 0x04, 0x02, 0x02, 0x10, 0x10, 0x12, 0x28, 0x2d, 0x2c, 0x2c, 0x2c, 0x28, 0x27, 0x00, 0x00, 0x00, 0x00, 0x00, 0x00, 0x00, 0x00, 0x00, 0x00, 0x00, 0x00, 0x00, 0x00, 0x00, 0x00, 0x00, 0x00, 0x00, 0x00, 0x00, 0x00, 0x00, 0x00, 0x00, 0x00, 0x00, 0x00, 0x00,
  0x00, 0x00, 0x00, 0x00, 0x00, 0x00, 0x00, 0x00, 0x00, 0x00, 0x00, 0x00, 0x00, 0x00, 0x00, 0x00, 0x00, 0x00, 0x00, 0x00, 0x00, 0x00, 0x00, 0x00, 0x00, 0x00, 0x00, 0x23, 0x26, 0x2d, 0x2c, 0x2d, 0x2d, 0x26, 0x1f, 0x1e, 0x02, 0x02, 0x02, 0x02, 0x0a, 0x0a, 0x10, 0x10, 0x0f, 0x10, 0x0f, 0x14, 0x2d, 0x2c, 0x2a, 0x2c, 0x24, 0x22, 0x22, 0x22, 0x22, 0x22, 0x22, 0x24, 0x24, 0x24, 0x2c, 0x2a, 0x2d, 0x2a, 0x12, 0x0f, 0x0f, 0x0f, 0x0e, 0x0b, 0x0a, 0x04, 0x02, 0x02, 0x02, 0x02, 0x1e, 0x1e, 0x27, 0x2d, 0x2d, 0x2c, 0x2d, 0x27, 0x22, 0x00, 0x00, 0x00, 0x00, 0x00, 0x00, 0x00, 0x00, 0x00, 0x00, 0x00, 0x00, 0x00, 0x00, 0x00, 0x00, 0x00, 0x00, 0x00, 0x00, 0x00, 0x00, 0x00, 0x00, 0x00, 0x00, 0x00,
  0x00, 0x00, 0x00, 0x00, 0x00, 0x00, 0x00, 0x00, 0x00, 0x00, 0x00, 0x00, 0x00, 0x00, 0x00, 0x00, 0x00, 0x00, 0x00, 0x00, 0x00, 0x00, 0x00, 0x00, 0x00, 0x00, 0x25, 0x27, 0x2d, 0x2a, 0x2d, 0x23, 0x23, 0x1e, 0x02, 0x02, 0x04, 0x04, 0x0a, 0x04, 0x04, 0x04, 0x0b, 0x10, 0x10, 0x11, 0x11, 0x11, 0x1f, 0x28, 0x2c, 0x2c, 0x28, 0x24, 0x24, 0x24, 0x24, 0x24, 0x24, 0x24, 0x27, 0x2c, 0x2c, 0x2c, 0x27, 0x1f, 0x03, 0x11, 0x11, 0x10, 0x0c, 0x04, 0x04, 0x0a, 0x02, 0x0a, 0x0a, 0x0a, 0x03, 0x02, 0x1f, 0x1f, 0x23, 0x2d, 0x2c, 0x2c, 0x27, 0x25, 0x00, 0x00, 0x00, 0x00, 0x00, 0x00, 0x00, 0x00, 0x00, 0x00, 0x00, 0x00, 0x00, 0x00, 0x00, 0x00, 0x00, 0x00, 0x00, 0x00, 0x00, 0x00, 0x00, 0x00, 0x00, 0x00,
  0x00, 0x00, 0x00, 0x00, 0x00, 0x00, 0x00, 0x00, 0x00, 0x00, 0x00, 0x00, 0x00, 0x00, 0x00, 0x00, 0x00, 0x00, 0x00, 0x00, 0x00, 0x00, 0x00, 0x00, 0x23, 0x23, 0x27, 0x2d, 0x2d, 0x2a, 0x25, 0x12, 0x02, 0x05, 0x11, 0x10, 0x0e, 0x05, 0x04, 0x03, 0x04, 0x0a, 0x0a, 0x0c, 0x05, 0x03, 0x03, 0x1e, 0x1f, 0x27, 0x2c, 0x2a, 0x2a, 0x2a, 0x2a, 0x2a, 0x2a, 0x2a, 0x2a, 0x2c, 0x2c, 0x2a, 0x2a, 0x2c, 0x27, 0x1f, 0x1f, 0x0f, 0x03, 0x05, 0x0b, 0x0a, 0x04, 0x0a, 0x0a, 0x0a, 0x04, 0x0a, 0x10, 0x10, 0x05, 0x02, 0x14, 0x25, 0x2c, 0x2d, 0x2d, 0x27, 0x25, 0x25, 0x00, 0x00, 0x00, 0x00, 0x00, 0x00, 0x00, 0x00, 0x00, 0x00, 0x00, 0x00, 0x00, 0x00, 0x00, 0x00, 0x00, 0x00, 0x00, 0x00, 0x00, 0x00, 0x00, 0x00,
  0x00, 0x00, 0x00, 0x00, 0x00, 0x00, 0x00, 0x00, 0x00, 0x00, 0x00, 0x00, 0x00, 0x00, 0x00, 0x00, 0x00, 0x00, 0x00, 0x00, 0x00, 0x00, 0x00, 0x00, 0x27, 0x2c, 0x2c, 0x28, 0x27, 0x25, 0x02, 0x10, 0x10, 0x10, 0x10, 0x10, 0x0f, 0x0c, 0x04, 0x04, 0x04, 0x04, 0x02, 0x02, 0x14, 0x1f, 0x1e, 0x26, 0x2d, 0x2c, 0x2a, 0x2c, 0x2a, 0x29, 0x29, 0x29, 0x29, 0x29, 0x29, 0x2a, 0x2a, 0x2c, 0x2a, 0x2a, 0x2c, 0x2d, 0x2c, 0x1f, 0x1e, 0x14, 0x02, 0x02, 0x02, 0x0a, 0x0a, 0x04, 0x0c, 0x0c, 0x0c, 0x0e, 0x10, 0x11, 0x0f, 0x05, 0x25, 0x26, 0x2a, 0x2d, 0x2c, 0x2c, 0x00, 0x00, 0x00, 0x00, 0x00, 0x00, 0x00, 0x00, 0x00, 0x00, 0x00, 0x00, 0x00, 0x00, 0x00, 0x00, 0x00, 0x00, 0x00, 0x00, 0x00, 0x00, 0x00, 0x00,
  0x00, 0x00, 0x00, 0x00, 0x00, 0x00, 0x00, 0x00, 0x00, 0x00, 0x00, 0x00, 0x00, 0x00, 0x00, 0x00, 0x00, 0x00, 0x00, 0x00, 0x00, 0x00, 0x00, 0x28, 0x2a, 0x29, 0x2d, 0x23, 0x02, 0x11, 0x11, 0x10, 0x0c, 0x0c, 0x0c, 0x0c, 0x0f, 0x0c, 0x06, 0x04, 0x02, 0x02, 0x10, 0x0a, 0x25, 0x2d, 0x2c, 0x2c, 0x2a, 0x2a, 0x2c, 0x2a, 0x29, 0x29, 0x29, 0x23, 0x21, 0x21, 0x26, 0x29, 0x29, 0x2a, 0x2a, 0x2a, 0x2a, 0x2a, 0x2a, 0x2c, 0x2d, 0x25, 0x0a, 0x10, 0x02, 0x02, 0x04, 0x0b, 0x0b, 0x0c, 0x0f, 0x08, 0x0c, 0x0f, 0x10, 0x11, 0x0e, 0x0e, 0x25, 0x2c, 0x2a, 0x2a, 0x26, 0x00, 0x00, 0x00, 0x00, 0x00, 0x00, 0x00, 0x00, 0x00, 0x00, 0x00, 0x00, 0x00, 0x00, 0x00, 0x00, 0x00, 0x00, 0x00, 0x00, 0x00, 0x00, 0x00,
  0x00, 0x00, 0x00, 0x00, 0x00, 0x00, 0x00, 0x00, 0x00, 0x00, 0x00, 0x00, 0x00, 0x00, 0x00, 0x00, 0x00, 0x00, 0x00, 0x00, 0x00, 0x22, 0x26, 0x29, 0x29, 0x2d, 0x23, 0x13, 0x10, 0x10, 0x10, 0x0f, 0x0b, 0x0b, 0x0b, 0x0c, 0x0f, 0x10, 0x10, 0x03, 0x01, 0x10, 0x27, 0x27, 0x29, 0x29, 0x2a, 0x2d, 0x2c, 0x2d, 0x25, 0x21, 0x21, 0x21, 0x21, 0x20, 0x20, 0x20, 0x21, 0x21, 0x21, 0x21, 0x21, 0x26, 0x2d, 0x2c, 0x2c, 0x2a, 0x29, 0x29, 0x27, 0x27, 0x10, 0x01, 0x0c, 0x10, 0x10, 0x0c, 0x0c, 0x0e, 0x0e, 0x10, 0x0f, 0x11, 0x15, 0x19, 0x15, 0x25, 0x2d, 0x29, 0x2b, 0x28, 0x00, 0x00, 0x00, 0x00, 0x00, 0x00, 0x00, 0x00, 0x00, 0x00, 0x00, 0x00, 0x00, 0x00, 0x00, 0x00, 0x00, 0x00, 0x00, 0x00, 0x00, 0x00,
  0x00, 0x00, 0x00, 0x00, 0x00, 0x00, 0x00, 0x00, 0x00, 0x00, 0x00, 0x00, 0x00, 0x00, 0x00, 0x00, 0x00, 0x00, 0x00, 0x00, 0x23, 0x26, 0x2b, 0x29, 0x2a, 0x23, 0x10, 0x05, 0x11, 0x10, 0x10, 0x0e, 0x0f, 0x0c, 0x0b, 0x0b, 0x10, 0x0e, 0x01, 0x1f, 0x26, 0x25, 0x29, 0x29, 0x29, 0x2b, 0x29, 0x23, 0x23, 0x23, 0x21, 0x20, 0x20, 0x20, 0x20, 0x20, 0x20, 0x20, 0x20, 0x20, 0x21, 0x20, 0x20, 0x21, 0x23, 0x23, 0x21, 0x27, 0x2b, 0x29, 0x29, 0x29, 0x26, 0x27, 0x1f, 0x01, 0x06, 0x10, 0x09, 0x0f, 0x10, 0x0f, 0x0f, 0x11, 0x18, 0x1e, 0x19, 0x1e, 0x23, 0x2c, 0x29, 0x29, 0x26, 0x22, 0x00, 0x00, 0x00, 0x00, 0x00, 0x00, 0x00, 0x00, 0x00, 0x00, 0x00, 0x00, 0x00, 0x00, 0x00, 0x00, 0x00, 0x00, 0x00, 0x00,
  0x00, 0x00, 0x00, 0x00, 0x00, 0x00, 0x00, 0x00, 0x00, 0x00, 0x00, 0x00, 0x00, 0x00, 0x00, 0x00, 0x00, 0x00, 0x00, 0x23, 0x26, 0x2a, 0x29, 0x2a, 0x23, 0x01, 0x02, 0x10, 0x0f, 0x0f, 0x0f, 0x0f, 0x0f, 0x0c, 0x10, 0x0c, 0x01, 0x1f, 0x23, 0x26, 0x2d, 0x2b, 0x2b, 0x2b, 0x25, 0x23, 0x23, 0x20, 0x20, 0x20, 0x20, 0x21, 0x20, 0x19, 0x21, 0x20, 0x20, 0x20, 0x20, 0x21, 0x19, 0x20, 0x21, 0x20, 0x20, 0x20, 0x19, 0x21, 0x23, 0x26, 0x2b, 0x2b, 0x2b, 0x2d, 0x26, 0x25, 0x1f, 0x01, 0x0f, 0x10, 0x10, 0x0e, 0x0e, 0x10, 0x0f, 0x16, 0x1e, 0x13, 0x17, 0x23, 0x29, 0x29, 0x2a, 0x26, 0x23, 0x00, 0x00, 0x00, 0x00, 0x00, 0x00, 0x00, 0x00, 0x00, 0x00, 0x00, 0x00, 0x00, 0x00, 0x00, 0x00, 0x00, 0x00, 0x00,
  0x00, 0x00, 0x00, 0x00, 0x00, 0x00, 0x00, 0x00, 0x00, 0x00, 0x00, 0x00, 0x00, 0x00, 0x00, 0x00, 0x00, 0x00, 0x00, 0x25, 0x2b, 0x29, 0x29, 0x23, 0x01, 0x02, 0x04, 0x07, 0x0f, 0x0c, 0x0f, 0x0f, 0x0f, 0x10, 0x0e, 0x0e, 0x1f, 0x27, 0x2d, 0x2c, 0x2b, 0x29, 0x25, 0x25, 0x21, 0x19, 0x20, 0x20, 0x20, 0x20, 0x20, 0x20, 0x20, 0x13, 0x19, 0x21, 0x21, 0x20, 0x21, 0x19, 0x13, 0x20, 0x20, 0x20, 0x20, 0x20, 0x20, 0x20, 0x19, 0x21, 0x25, 0x25, 0x29, 0x2c, 0x2c, 0x2d, 0x27, 0x1f, 0x03, 0x0e, 0x10, 0x0f, 0x0f, 0x10, 0x0f, 0x16, 0x19, 0x18, 0x14, 0x12, 0x23, 0x29, 0x29, 0x2b, 0x25, 0x00, 0x00, 0x00, 0x00, 0x00, 0x00, 0x00, 0x00, 0x00, 0x00, 0x00, 0x00, 0x00, 0x00, 0x00, 0x00, 0x00, 0x00, 0x00,
  0x00, 0x00, 0x00, 0x00, 0x00, 0x00, 0x00, 0x00, 0x00, 0x00, 0x00, 0x00, 0x00, 0x00, 0x00, 0x00, 0x00, 0x00, 0x00, 0x26, 0x2a, 0x28, 0x25, 0x01, 0x02, 0x02, 0x04, 0x04, 0x08, 0x0c, 0x0f, 0x0f, 0x11, 0x0f, 0x11, 0x1f, 0x2c, 0x2a, 0x2a, 0x2a, 0x29, 0x26, 0x20, 0x19, 0x20, 0x20, 0x20, 0x20, 0x20, 0x20, 0x20, 0x20, 0x21, 0x20, 0x13, 0x1e, 0x20, 0x21, 0x1e, 0x13, 0x21, 0x21, 0x20, 0x20, 0x20, 0x20, 0x20, 0x20, 0x20, 0x20, 0x19, 0x20, 0x27, 0x29, 0x2a, 0x2a, 0x2b, 0x2c, 0x1f, 0x12, 0x0e, 0x10, 0x0f, 0x0f, 0x0f, 0x13, 0x16, 0x15, 0x15, 0x16, 0x11, 0x25, 0x29, 0x2b, 0x26, 0x00, 0x00, 0x00, 0x00, 0x00, 0x00, 0x00, 0x00, 0x00, 0x00, 0x00, 0x00, 0x00, 0x00, 0x00, 0x00, 0x00, 0x00, 0x00,
  0x00, 0x00, 0x00, 0x00, 0x00, 0x00, 0x00, 0x00, 0x00, 0x00, 0x00, 0x00, 0x00, 0x00, 0x00, 0x00, 0x00, 0x00, 0x28, 0x2a, 0x2b, 0x23, 0x01, 0x0a, 0x02, 0x04, 0x0a, 0x04, 0x06, 0x0c, 0x0f, 0x0f, 0x11, 0x11, 0x1f, 0x2d, 0x2a, 0x2a, 0x2c, 0x26, 0x20, 0x21, 0x20, 0x20, 0x20, 0x20, 0x20, 0x20, 0x20, 0x20, 0x20, 0x20, 0x20, 0x20, 0x21, 0x11, 0x1e, 0x1e, 0x13, 0x21, 0x21, 0x20, 0x20, 0x20, 0x20, 0x20, 0x20, 0x20, 0x20, 0x20, 0x20, 0x21, 0x21, 0x21, 0x26, 0x2c, 0x2a, 0x29, 0x2d, 0x23, 0x11, 0x0f, 0x10, 0x0f, 0x0c, 0x03, 0x12, 0x14, 0x15, 0x15, 0x17, 0x13, 0x25, 0x2b, 0x2a, 0x28, 0x00, 0x00, 0x00, 0x00, 0x00, 0x00, 0x00, 0x00, 0x00, 0x00, 0x00, 0x00, 0x00, 0x00, 0x00, 0x00, 0x00, 0x00,
  0x00, 0x00, 0x00, 0x00, 0x00, 0x00, 0x00, 0x00, 0x00, 0x00, 0x00, 0x00, 0x00, 0x00, 0x00, 0x00, 0x1f, 0x27, 0x2c, 0x2a, 0x2d, 0x23, 0x01, 0x0a, 0x04, 0x0a, 0x04, 0x0a, 0x04, 0x0a, 0x0f, 0x11, 0x02, 0x23, 0x2d, 0x2a, 0x2a, 0x2d, 0x23, 0x20, 0x21, 0x20, 0x20, 0x21, 0x20, 0x20, 0x20, 0x20, 0x20, 0x20, 0x13, 0x15, 0x21, 0x20, 0x20, 0x20, 0x13, 0x13, 0x20, 0x21, 0x20, 0x21, 0x13, 0x15, 0x20, 0x20, 0x20, 0x20, 0x20, 0x20, 0x21, 0x21, 0x21, 0x21, 0x20, 0x25, 0x2d, 0x2a, 0x2a, 0x2d, 0x23, 0x03, 0x12, 0x0f, 0x07, 0x02, 0x02, 0x10, 0x14, 0x15, 0x17, 0x11, 0x25, 0x2c, 0x2a, 0x2c, 0x27, 0x00, 0x00, 0x00, 0x00, 0x00, 0x00, 0x00, 0x00, 0x00, 0x00, 0x00, 0x00, 0x00, 0x00, 0x00, 0x00, 0x00,
  0x00, 0x00, 0x00, 0x00, 0x00, 0x00, 0x00, 0x00, 0x00, 0x00, 0x00, 0x00, 0x00, 0x00, 0x00, 0x25, 0x27, 0x2c, 0x2a, 0x2c, 0x23, 0x12, 0x02, 0x04, 0x0a, 0x0a, 0x04, 0x02, 0x04, 0x04, 0x10, 0x02, 0x23, 0x2a, 0x2c, 0x2a, 0x2d, 0x23, 0x21, 0x20, 0x20, 0x21, 0x21, 0x13, 0x1e, 0x20, 0x20, 0x20, 0x20, 0x13, 0x05, 0x11, 0x15, 0x21, 0x20, 0x21, 0x20, 0x20, 0x21, 0x20, 0x21, 0x13, 0x0e, 0x0e, 0x15, 0x20, 0x20, 0x20, 0x20, 0x1e, 0x13, 0x21, 0x21, 0x21, 0x20, 0x21, 0x23, 0x2d, 0x2a, 0x2c, 0x2c, 0x23, 0x01, 0x11, 0x0a, 0x0a, 0x02, 0x10, 0x16, 0x14, 0x15, 0x15, 0x1e, 0x25, 0x2d, 0x2a, 0x2c, 0x27, 0x22, 0x00, 0x00, 0x00, 0x00, 0x00, 0x00, 0x00, 0x00, 0x00, 0x00, 0x00, 0x00, 0x00, 0x00, 0x00,
  0x00, 0x00, 0x00, 0x00, 0x00, 0x00, 0x00, 0x00, 0x00, 0x00, 0x00, 0x00, 0x00, 0x00, 0x00, 0x26, 0x2c, 0x2c, 0x2a, 0x2d, 0x1e, 0x01, 0x0a, 0x04, 0x04, 0x04, 0x06, 0x03, 0x02, 0x02, 0x01, 0x23, 0x2a, 0x2c, 0x2c, 0x2c, 0x23, 0x21, 0x20, 0x20, 0x21, 0x21, 0x19, 0x15, 0x15, 0x1e, 0x20, 0x20, 0x15, 0x02, 0x16, 0x19, 0x13, 0x19, 0x21, 0x21, 0x21, 0x21, 0x21, 0x21, 0x15, 0x13, 0x1e, 0x13, 0x03, 0x1e, 0x20, 0x20, 0x1e, 0x13, 0x15, 0x15, 0x21, 0x21, 0x20, 0x20, 0x21, 0x23, 0x2c, 0x2c, 0x2c, 0x27, 0x23, 0x02, 0x02, 0x0a, 0x02, 0x0a, 0x11, 0x14, 0x15, 0x16, 0x13, 0x1e, 0x25, 0x2c, 0x2c, 0x2c, 0x23, 0x00, 0x00, 0x00, 0x00, 0x00, 0x00, 0x00, 0x00, 0x00, 0x00, 0x00, 0x00, 0x00, 0x00, 0x00,
  0x00, 0x00, 0x00, 0x00, 0x00, 0x00, 0x00, 0x00, 0x00, 0x00, 0x00, 0x00, 0x00, 0x00, 0x00, 0x27, 0x2c, 0x2c, 0x2c, 0x25, 0x14, 0x03, 0x0a, 0x02, 0x04, 0x04, 0x04, 0x04, 0x02, 0x10, 0x1f, 0x28, 0x2b, 0x2b, 0x2a, 0x25, 0x20, 0x20, 0x20, 0x21, 0x20, 0x15, 0x15, 0x21, 0x19, 0x13, 0x1e, 0x1e, 0x03, 0x13, 0x20, 0x20, 0x20, 0x13, 0x19, 0x20, 0x20, 0x21, 0x20, 0x19, 0x11, 0x1e, 0x20, 0x20, 0x12, 0x03, 0x1e, 0x1e, 0x13, 0x19, 0x21, 0x15, 0x15, 0x20, 0x21, 0x20, 0x20, 0x20, 0x25, 0x29, 0x2b, 0x2c, 0x2a, 0x1f, 0x02, 0x02, 0x0a, 0x02, 0x02, 0x14, 0x15, 0x16, 0x1e, 0x15, 0x21, 0x2d, 0x2a, 0x2a, 0x25, 0x00, 0x00, 0x00, 0x00, 0x00, 0x00, 0x00, 0x00, 0x00, 0x00, 0x00, 0x00, 0x00, 0x00, 0x00,
  0x00, 0x00, 0x00, 0x00, 0x00, 0x00, 0x00, 0x00, 0x00, 0x00, 0x00, 0x00, 0x00, 0x00, 0x27, 0x2a, 0x2c, 0x2c, 0x25, 0x0f, 0x05, 0x10, 0x0b, 0x04, 0x04, 0x04, 0x04, 0x04, 0x01, 0x14, 0x2c, 0x29, 0x29, 0x27, 0x23, 0x20, 0x21, 0x20, 0x20, 0x20, 0x15, 0x13, 0x21, 0x20, 0x21, 0x15, 0x11, 0x12, 0x12, 0x20, 0x20, 0x20, 0x20, 0x20, 0x13, 0x19, 0x20, 0x21, 0x1e, 0x13, 0x20, 0x20, 0x20, 0x20, 0x20, 0x11, 0x13, 0x13, 0x19, 0x21, 0x20, 0x21, 0x15, 0x15, 0x20, 0x20, 0x20, 0x20, 0x1e, 0x25, 0x29, 0x2a, 0x2a, 0x2c, 0x1f, 0x0a, 0x02, 0x0a, 0x02, 0x10, 0x16, 0x19, 0x19, 0x18, 0x21, 0x27, 0x2c, 0x2a, 0x2a, 0x27, 0x00, 0x00, 0x00, 0x00, 0x00, 0x00, 0x00, 0x00, 0x00, 0x00, 0x00, 0x00, 0x00, 0x00,
  0x00, 0x00, 0x00, 0x00, 0x00, 0x00, 0x00, 0x00, 0x00, 0x00, 0x00, 0x00, 0x00, 0x00, 0x26, 0x2a, 0x2c, 0x28, 0x12, 0x0f, 0x11, 0x0f, 0x0c, 0x09, 0x03, 0x04, 0x0a, 0x01, 0x1e, 0x27, 0x29, 0x29, 0x29, 0x23, 0x19, 0x21, 0x20, 0x20, 0x21, 0x19, 0x13, 0x21, 0x20, 0x20, 0x20, 0x21, 0x19, 0x13, 0x21, 0x20, 0x20, 0x20, 0x20, 0x20, 0x21, 0x13, 0x13, 0x15, 0x13, 0x21, 0x20, 0x20, 0x20, 0x20, 0x20, 0x21, 0x11, 0x19, 0x21, 0x20, 0x20, 0x20, 0x21, 0x13, 0x19, 0x21, 0x20, 0x20, 0x20, 0x19, 0x23, 0x2b, 0x2a, 0x29, 0x2c, 0x1f, 0x01, 0x0a, 0x02, 0x02, 0x12, 0x18, 0x1e, 0x19, 0x18, 0x1e, 0x27, 0x2a, 0x2a, 0x25, 0x00, 0x00, 0x00, 0x00, 0x00, 0x00, 0x00, 0x00, 0x00, 0x00, 0x00, 0x00, 0x00, 0x00,
  0x00, 0x00, 0x00, 0x00, 0x00, 0x00, 0x00, 0x00, 0x00, 0x00, 0x00, 0x00, 0x00, 0x25, 0x29, 0x2b, 0x26, 0x14, 0x11, 0x10, 0x10, 0x0f, 0x0f, 0x0e, 0x09, 0x04, 0x0a, 0x01, 0x1f, 0x2c, 0x29, 0x2b, 0x23, 0x20, 0x20, 0x20, 0x20, 0x20, 0x20, 0x21, 0x21, 0x20, 0x20, 0x20, 0x20, 0x20, 0x20, 0x20, 0x20, 0x20, 0x20, 0x1e, 0x20, 0x20, 0x20, 0x21, 0x13, 0x15, 0x21, 0x20, 0x20, 0x20, 0x19, 0x20, 0x20, 0x20, 0x20, 0x20, 0x20, 0x20, 0x21, 0x20, 0x20, 0x20, 0x20, 0x20, 0x20, 0x20, 0x20, 0x20, 0x20, 0x23, 0x2d, 0x29, 0x2a, 0x17, 0x01, 0x0a, 0x04, 0x0a, 0x0e, 0x17, 0x1e, 0x19, 0x19, 0x1e, 0x1e, 0x27, 0x2a, 0x29, 0x25, 0x00, 0x00, 0x00, 0x00, 0x00, 0x00, 0x00, 0x00, 0x00, 0x00, 0x00, 0x00, 0x00,
  0x00, 0x00, 0x00, 0x00, 0x00, 0x00, 0x00, 0x00, 0x00, 0x00, 0x00, 0x00, 0x00, 0x27, 0x2a, 0x2b, 0x27, 0x02, 0x10, 0x10, 0x10, 0x0f, 0x10, 0x0f, 0x0c, 0x0b, 0x01, 0x1e, 0x27, 0x29, 0x29, 0x23, 0x21, 0x20, 0x20, 0x20, 0x20, 0x20, 0x20, 0x20, 0x21, 0x21, 0x21, 0x13, 0x1e, 0x21, 0x20, 0x20, 0x20, 0x20, 0x11, 0x0e, 0x13, 0x20, 0x20, 0x21, 0x20, 0x20, 0x20, 0x20, 0x20, 0x11, 0x02, 0x12, 0x21, 0x21, 0x20, 0x20, 0x21, 0x1e, 0x13, 0x21, 0x20, 0x20, 0x20, 0x20, 0x20, 0x20, 0x20, 0x20, 0x20, 0x21, 0x23, 0x29, 0x29, 0x27, 0x1e, 0x01, 0x0c, 0x0b, 0x10, 0x11, 0x15, 0x1e, 0x19, 0x18, 0x16, 0x27, 0x2b, 0x2b, 0x26, 0x00, 0x00, 0x00, 0x00, 0x00, 0x00, 0x00, 0x00, 0x00, 0x00, 0x00, 0x00, 0x00,
  0x00, 0x00, 0x00, 0x00, 0x00, 0x00, 0x00, 0x00, 0x00, 0x00, 0x00, 0x00, 0x25, 0x27, 0x2b, 0x25, 0x1f, 0x02, 0x0b, 0x0c, 0x0f, 0x0f, 0x0f, 0x10, 0x10, 0x03, 0x1f, 0x25, 0x2b, 0x29, 0x2b, 0x21, 0x20, 0x20, 0x20, 0x20, 0x13, 0x20, 0x21, 0x20, 0x21, 0x21, 0x18, 0x13, 0x13, 0x1e, 0x20, 0x20, 0x21, 0x11, 0x13, 0x1e, 0x11, 0x13, 0x21, 0x20, 0x20, 0x20, 0x20, 0x20, 0x12, 0x11, 0x1e, 0x13, 0x15, 0x21, 0x20, 0x21, 0x1e, 0x13, 0x13, 0x19, 0x21, 0x21, 0x20, 0x20, 0x1e, 0x13, 0x20, 0x20, 0x20, 0x20, 0x21, 0x2b, 0x29, 0x2b, 0x25, 0x1f, 0x0c, 0x10, 0x10, 0x0e, 0x14, 0x1e, 0x18, 0x18, 0x15, 0x23, 0x26, 0x2b, 0x27, 0x23, 0x00, 0x00, 0x00, 0x00, 0x00, 0x00, 0x00, 0x00, 0x00, 0x00, 0x00, 0x00,
  0x00, 0x00, 0x00, 0x00, 0x00, 0x00, 0x00, 0x00, 0x00, 0x00, 0x00, 0x00, 0x27, 0x2a, 0x2d, 0x23, 0x01, 0x0a, 0x02, 0x12, 0x11, 0x0f, 0x0f, 0x0f, 0x11, 0x01, 0x25, 0x2d, 0x29, 0x29, 0x25, 0x21, 0x20, 0x20, 0x1e, 0x13, 0x09, 0x13, 0x20, 0x21, 0x21, 0x1e, 0x13, 0x21, 0x18, 0x11, 0x1e, 0x20, 0x13, 0x13, 0x20, 0x20, 0x20, 0x13, 0x15, 0x20, 0x20, 0x20, 0x20, 0x13, 0x11, 0x1e, 0x21, 0x20, 0x15, 0x15, 0x21, 0x1e, 0x13, 0x19, 0x21, 0x13, 0x19, 0x20, 0x21, 0x20, 0x12, 0x10, 0x13, 0x20, 0x21, 0x20, 0x21, 0x25, 0x29, 0x29, 0x2d, 0x26, 0x01, 0x10, 0x0f, 0x0f, 0x13, 0x19, 0x18, 0x16, 0x16, 0x0f, 0x23, 0x2b, 0x2a, 0x2a, 0x00, 0x00, 0x00, 0x00, 0x00, 0x00, 0x00, 0x00, 0x00, 0x00, 0x00, 0x00,
  0x00, 0x00, 0x00, 0x00, 0x00, 0x00, 0x00, 0x00, 0x00, 0x00, 0x00, 0x22, 0x28, 0x2a, 0x27, 0x1f, 0x01, 0x02, 0x0a, 0x17, 0x13, 0x0e, 0x10, 0x10, 0x11, 0x14, 0x25, 0x2c, 0x2b, 0x27, 0x19, 0x1e, 0x20, 0x1e, 0x12, 0x11, 0x20, 0x13, 0x13, 0x20, 0x19, 0x13, 0x21, 0x20, 0x21, 0x15, 0x11, 0x14, 0x12, 0x20, 0x20, 0x20, 0x20, 0x21, 0x13, 0x19, 0x20, 0x20, 0x15, 0x13, 0x20, 0x20, 0x20, 0x21, 0x20, 0x13, 0x15, 0x11, 0x15, 0x21, 0x20, 0x21, 0x13, 0x19, 0x20, 0x13, 0x11, 0x1f, 0x11, 0x13, 0x20, 0x20, 0x19, 0x19, 0x27, 0x2b, 0x2c, 0x26, 0x17, 0x11, 0x10, 0x0f, 0x0e, 0x13, 0x18, 0x15, 0x16, 0x13, 0x23, 0x27, 0x2b, 0x2a, 0x00, 0x00, 0x00, 0x00, 0x00, 0x00, 0x00, 0x00, 0x00, 0x00, 0x00, 0x00,
  0x00, 0x00, 0x00, 0x00, 0x00, 0x00, 0x00, 0x00, 0x00, 0x00, 0x23, 0x28, 0x2c, 0x2c, 0x1f, 0x02, 0x02, 0x02, 0x10, 0x16, 0x12, 0x06, 0x10, 0x10, 0x11, 0x27, 0x2d, 0x2a, 0x2a, 0x26, 0x20, 0x11, 0x13, 0x11, 0x12, 0x20, 0x20, 0x20, 0x13, 0x0e, 0x13, 0x20, 0x21, 0x20, 0x20, 0x21, 0x15, 0x05, 0x20, 0x20, 0x20, 0x20, 0x20, 0x20, 0x21, 0x13, 0x11, 0x11, 0x13, 0x21, 0x21, 0x20, 0x20, 0x20, 0x21, 0x21, 0x05, 0x15, 0x21, 0x20, 0x21, 0x21, 0x20, 0x13, 0x0e, 0x15, 0x20, 0x20, 0x20, 0x13, 0x12, 0x10, 0x15, 0x20, 0x26, 0x2b, 0x2a, 0x2d, 0x28, 0x11, 0x10, 0x10, 0x0e, 0x11, 0x14, 0x15, 0x15, 0x16, 0x11, 0x23, 0x2d, 0x2c, 0x27, 0x23, 0x00, 0x00, 0x00, 0x00, 0x00, 0x00, 0x00, 0x00, 0x00, 0x00,
  0x00, 0x00, 0x00, 0x00, 0x00, 0x00, 0x00, 0x00, 0x00, 0x00, 0x23, 0x2c, 0x2a, 0x2d, 0x23, 0x03, 0x0a, 0x04, 0x02, 0x14, 0x12, 0x02, 0x0f, 0x10, 0x11, 0x27, 0x2c, 0x2c, 0x26, 0x20, 0x20, 0x20, 0x12, 0x11, 0x20, 0x20, 0x20, 0x20, 0x20, 0x18, 0x20, 0x21, 0x21, 0x21, 0x20, 0x20, 0x1e, 0x1e, 0x1e, 0x20, 0x20, 0x20, 0x20, 0x20, 0x20, 0x20, 0x1e, 0x19, 0x20, 0x20, 0x20, 0x20, 0x20, 0x20, 0x20, 0x20, 0x1e, 0x1e, 0x20, 0x20, 0x21, 0x21, 0x21, 0x20, 0x19, 0x20, 0x20, 0x20, 0x20, 0x21, 0x12, 0x12, 0x20, 0x20, 0x20, 0x26, 0x2c, 0x2c, 0x27, 0x03, 0x10, 0x10, 0x0c, 0x02, 0x0f, 0x14, 0x16, 0x18, 0x13, 0x23, 0x2d, 0x2c, 0x2a, 0x1f, 0x00, 0x00, 0x00, 0x00, 0x00, 0x00, 0x00, 0x00, 0x00, 0x00,
  0x00, 0x00, 0x00, 0x00, 0x00, 0x00, 0x00, 0x00, 0x00, 0x25, 0x26, 0x2c, 0x2c, 0x23, 0x1e, 0x10, 0x0a, 0x0a, 0x02, 0x0c, 0x0a, 0x02, 0x0c, 0x0f, 0x03, 0x27, 0x2c, 0x2d, 0x27, 0x20, 0x20, 0x20, 0x1e, 0x1e, 0x20, 0x20, 0x20, 0x19, 0x19, 0x1e, 0x20, 0x20, 0x20, 0x20, 0x25, 0x27, 0x26, 0x26, 0x26, 0x26, 0x26, 0x27, 0x27, 0x27, 0x27, 0x27, 0x26, 0x26, 0x26, 0x27, 0x27, 0x27, 0x26, 0x26, 0x26, 0x26, 0x26, 0x26, 0x27, 0x26, 0x20, 0x20, 0x20, 0x20, 0x1e, 0x19, 0x19, 0x20, 0x20, 0x20, 0x1e, 0x1e, 0x20, 0x20, 0x20, 0x27, 0x2d, 0x2c, 0x2a, 0x23, 0x12, 0x07, 0x0a, 0x02, 0x0c, 0x17, 0x15, 0x16, 0x16, 0x1f, 0x25, 0x2c, 0x2c, 0x25, 0x23, 0x00, 0x00, 0x00, 0x00, 0x00, 0x00, 0x00, 0x00, 0x00,
  0x00, 0x00, 0x00, 0x00, 0x00, 0x00, 0x00, 0x00, 0x00, 0x27, 0x2c, 0x2c, 0x2c, 0x21, 0x13, 0x11, 0x0a, 0x0a, 0x0a, 0x02, 0x02, 0x04, 0x03, 0x12, 0x23, 0x28, 0x2d, 0x27, 0x23, 0x21, 0x21, 0x20, 0x20, 0x1e, 0x20, 0x19, 0x20, 0x25, 0x25, 0x25, 0x25, 0x25, 0x25, 0x25, 0x29, 0x2c, 0x2c, 0x2d, 0x2d, 0x2d, 0x2d, 0x2d, 0x2d, 0x2d, 0x2d, 0x2d, 0x2d, 0x2d, 0x2d, 0x2d, 0x2d, 0x2d, 0x2d, 0x2d, 0x2d, 0x2d, 0x2d, 0x2d, 0x2c, 0x2a, 0x25, 0x25, 0x25, 0x25, 0x25, 0x25, 0x25, 0x23, 0x19, 0x19, 0x19, 0x20, 0x20, 0x21, 0x21, 0x23, 0x27, 0x2c, 0x2c, 0x2c, 0x12, 0x02, 0x04, 0x02, 0x0a, 0x12, 0x14, 0x16, 0x1e, 0x15, 0x21, 0x2d, 0x2a, 0x2c, 0x25, 0x00, 0x00, 0x00, 0x00, 0x00, 0x00, 0x00, 0x00, 0x00,
  0x00, 0x00, 0x00, 0x00, 0x00, 0x00, 0x00, 0x00, 0x00, 0x27, 0x29, 0x2c, 0x2d, 0x21, 0x12, 0x10, 0x0b, 0x0a, 0x04, 0x04, 0x04, 0x04, 0x02, 0x0c, 0x2c, 0x2c, 0x2d, 0x25, 0x20, 0x20, 0x20, 0x23, 0x23, 0x23, 0x23, 0x23, 0x23, 0x2b, 0x2b, 0x2b, 0x2d, 0x2d, 0x2d, 0x2d, 0x2c, 0x2d, 0x29, 0x25, 0x23, 0x23, 0x23, 0x23, 0x25, 0x25, 0x25, 0x23, 0x23, 0x23, 0x25, 0x25, 0x25, 0x25, 0x23, 0x23, 0x23, 0x25, 0x25, 0x29, 0x2d, 0x2c, 0x2d, 0x2d, 0x2b, 0x2d, 0x2b, 0x2b, 0x2c, 0x27, 0x23, 0x23, 0x23, 0x23, 0x23, 0x20, 0x21, 0x19, 0x25, 0x2d, 0x2a, 0x28, 0x0a, 0x01, 0x0a, 0x0a, 0x02, 0x02, 0x14, 0x18, 0x19, 0x16, 0x21, 0x2d, 0x2b, 0x29, 0x25, 0x00, 0x00, 0x00, 0x00, 0x00, 0x00, 0x00, 0x00, 0x00,
  0x00, 0x00, 0x00, 0x00, 0x00, 0x00, 0x00, 0x00, 0x00, 0x25, 0x2a, 0x2a, 0x27, 0x21, 0x11, 0x0f, 0x0c, 0x0b, 0x04, 0x02, 0x04, 0x02, 0x0a, 0x1e, 0x27, 0x2a, 0x2c, 0x26, 0x21, 0x23, 0x23, 0x2b, 0x2d, 0x2b, 0x2b, 0x2b, 0x2b, 0x29, 0x2a, 0x28, 0x26, 0x26, 0x26, 0x26, 0x26, 0x27, 0x23, 0x12, 0x02, 0x01, 0x01, 0x01, 0x01, 0x01, 0x02, 0x02, 0x02, 0x02, 0x02, 0x02, 0x01, 0x01, 0x01, 0x01, 0x01, 0x03, 0x17, 0x23, 0x27, 0x26, 0x26, 0x26, 0x26, 0x26, 0x28, 0x2a, 0x29, 0x2b, 0x2b, 0x2b, 0x2b, 0x2d, 0x29, 0x23, 0x23, 0x23, 0x26, 0x2b, 0x2a, 0x28, 0x1f, 0x0a, 0x02, 0x04, 0x02, 0x06, 0x17, 0x19, 0x19, 0x18, 0x21, 0x27, 0x2a, 0x2a, 0x25, 0x00, 0x00, 0x00, 0x00, 0x00, 0x00, 0x00, 0x00, 0x00,
  0x00, 0x00, 0x00, 0x00, 0x00, 0x00, 0x00, 0x00, 0x25, 0x29, 0x2a, 0x29, 0x1e, 0x18, 0x12, 0x0c, 0x0a, 0x0b, 0x0a, 0x04, 0x0a, 0x01, 0x17, 0x2c, 0x29, 0x2a, 0x2a, 0x2b, 0x2c, 0x2c, 0x2c, 0x2a, 0x2a, 0x2a, 0x28, 0x28, 0x28, 0x28, 0x2d, 0x23, 0x01, 0x02, 0x01, 0x02, 0x02, 0x02, 0x0f, 0x11, 0x10, 0x0c, 0x04, 0x04, 0x02, 0x04, 0x0c, 0x10, 0x11, 0x11, 0x10, 0x0b, 0x04, 0x02, 0x04, 0x0a, 0x0c, 0x10, 0x11, 0x10, 0x02, 0x02, 0x01, 0x02, 0x02, 0x01, 0x25, 0x2c, 0x28, 0x28, 0x28, 0x29, 0x29, 0x2a, 0x2c, 0x2c, 0x2c, 0x2c, 0x2b, 0x2a, 0x29, 0x29, 0x2c, 0x14, 0x01, 0x0a, 0x02, 0x0f, 0x17, 0x19, 0x19, 0x19, 0x19, 0x18, 0x27, 0x2b, 0x27, 0x27, 0x00, 0x00, 0x00, 0x00, 0x00, 0x00, 0x00, 0x00,
  0x00, 0x00, 0x00, 0x00, 0x00, 0x00, 0x00, 0x00, 0x25, 0x2c, 0x2a, 0x27, 0x1e, 0x18, 0x12, 0x10, 0x0c, 0x0c, 0x0c, 0x04, 0x0a, 0x01, 0x1e, 0x2a, 0x29, 0x29, 0x29, 0x29, 0x29, 0x2a, 0x2d, 0x2d, 0x2d, 0x25, 0x12, 0x14, 0x14, 0x14, 0x14, 0x12, 0x04, 0x02, 0x02, 0x02, 0x02, 0x02, 0x10, 0x11, 0x10, 0x07, 0x02, 0x14, 0x14, 0x02, 0x03, 0x19, 0x20, 0x1e, 0x18, 0x02, 0x02, 0x17, 0x14, 0x02, 0x0c, 0x10, 0x11, 0x0f, 0x02, 0x02, 0x01, 0x02, 0x02, 0x0a, 0x12, 0x14, 0x12, 0x12, 0x12, 0x14, 0x26, 0x2d, 0x2d, 0x2d, 0x2c, 0x29, 0x29, 0x29, 0x29, 0x29, 0x2a, 0x14, 0x01, 0x02, 0x04, 0x0f, 0x11, 0x18, 0x19, 0x19, 0x19, 0x1e, 0x27, 0x29, 0x29, 0x28, 0x00, 0x00, 0x00, 0x00, 0x00, 0x00, 0x00, 0x00,
  0x00, 0x00, 0x00, 0x00, 0x00, 0x00, 0x00, 0x00, 0x25, 0x2a, 0x2b, 0x29, 0x17, 0x11, 0x10, 0x10, 0x0b, 0x0c, 0x0c, 0x0a, 0x0c, 0x01, 0x14, 0x2b, 0x29, 0x29, 0x2b, 0x2c, 0x2d, 0x28, 0x1f, 0x1f, 0x1f, 0x14, 0x02, 0x02, 0x01, 0x01, 0x03, 0x0f, 0x0a, 0x05, 0x14, 0x14, 0x03, 0x02, 0x12, 0x1e, 0x11, 0x0b, 0x02, 0x16, 0x18, 0x02, 0x03, 0x19, 0x20, 0x20, 0x19, 0x02, 0x02, 0x1e, 0x18, 0x03, 0x08, 0x11, 0x1e, 0x12, 0x02, 0x0b, 0x16, 0x14, 0x08, 0x0c, 0x0e, 0x03, 0x01, 0x01, 0x02, 0x02, 0x17, 0x1f, 0x1f, 0x1f, 0x28, 0x2d, 0x2c, 0x2b, 0x29, 0x29, 0x2a, 0x12, 0x01, 0x0a, 0x04, 0x0f, 0x11, 0x18, 0x19, 0x19, 0x18, 0x18, 0x29, 0x2b, 0x29, 0x27, 0x00, 0x00, 0x00, 0x00, 0x00, 0x00, 0x00, 0x00,
  0x00, 0x00, 0x00, 0x00, 0x00, 0x00, 0x00, 0x25, 0x27, 0x2b, 0x27, 0x21, 0x14, 0x04, 0x04, 0x0b, 0x0b, 0x0c, 0x0c, 0x10, 0x01, 0x14, 0x25, 0x2a, 0x29, 0x2d, 0x23, 0x1f, 0x1f, 0x1f, 0x02, 0x02, 0x01, 0x02, 0x0c, 0x0c, 0x13, 0x14, 0x11, 0x0f, 0x07, 0x11, 0x1e, 0x1e, 0x0e, 0x02, 0x12, 0x20, 0x11, 0x0b, 0x03, 0x16, 0x18, 0x02, 0x03, 0x18, 0x20, 0x1e, 0x18, 0x03, 0x02, 0x1e, 0x18, 0x0e, 0x08, 0x11, 0x21, 0x12, 0x02, 0x10, 0x1e, 0x1e, 0x0f, 0x0e, 0x0c, 0x11, 0x14, 0x12, 0x02, 0x04, 0x03, 0x03, 0x03, 0x05, 0x1f, 0x23, 0x1f, 0x23, 0x2d, 0x29, 0x2a, 0x25, 0x14, 0x01, 0x0c, 0x10, 0x11, 0x18, 0x19, 0x18, 0x18, 0x15, 0x23, 0x27, 0x29, 0x28, 0x25, 0x00, 0x00, 0x00, 0x00, 0x00, 0x00, 0x00,
  0x00, 0x00, 0x00, 0x00, 0x00, 0x00, 0x00, 0x26, 0x2b, 0x2b, 0x26, 0x12, 0x14, 0x0a, 0x02, 0x04, 0x0c, 0x0a, 0x10, 0x04, 0x14, 0x25, 0x2d, 0x29, 0x2a, 0x25, 0x12, 0x01, 0x01, 0x01, 0x0f, 0x13, 0x15, 0x12, 0x0c, 0x11, 0x1e, 0x1e, 0x12, 0x03, 0x0f, 0x11, 0x1e, 0x1e, 0x0e, 0x01, 0x11, 0x1e, 0x11, 0x0c, 0x05, 0x19, 0x1e, 0x02, 0x03, 0x19, 0x1e, 0x1e, 0x18, 0x02, 0x03, 0x1e, 0x19, 0x0e, 0x0c, 0x11, 0x20, 0x11, 0x01, 0x10, 0x1e, 0x1e, 0x11, 0x0e, 0x02, 0x12, 0x1e, 0x1e, 0x0e, 0x08, 0x13, 0x15, 0x13, 0x11, 0x02, 0x01, 0x01, 0x12, 0x25, 0x2a, 0x2a, 0x2d, 0x25, 0x14, 0x0a, 0x10, 0x10, 0x13, 0x16, 0x18, 0x16, 0x15, 0x11, 0x26, 0x2a, 0x2a, 0x26, 0x00, 0x00, 0x00, 0x00, 0x00, 0x00, 0x00,
  0x00, 0x00, 0x00, 0x00, 0x00, 0x00, 0x00, 0x26, 0x2a, 0x2b, 0x26, 0x14, 0x14, 0x0a, 0x02, 0x04, 0x0a, 0x0b, 0x10, 0x02, 0x25, 0x2d, 0x29, 0x2a, 0x27, 0x10, 0x02, 0x10, 0x0a, 0x0a, 0x03, 0x1e, 0x21, 0x15, 0x0e, 0x11, 0x1e, 0x1e, 0x11, 0x03, 0x0f, 0x11, 0x1e, 0x1e, 0x0f, 0x02, 0x11, 0x1e, 0x11, 0x0e, 0x0e, 0x19, 0x1e, 0x03, 0x02, 0x19, 0x1e, 0x1e, 0x18, 0x02, 0x03, 0x1e, 0x19, 0x0e, 0x07, 0x11, 0x1e, 0x11, 0x01, 0x11, 0x1e, 0x1e, 0x11, 0x06, 0x02, 0x12, 0x1e, 0x1e, 0x11, 0x05, 0x18, 0x21, 0x1e, 0x0e, 0x0c, 0x04, 0x0c, 0x02, 0x10, 0x26, 0x2a, 0x29, 0x2d, 0x25, 0x02, 0x10, 0x10, 0x03, 0x13, 0x17, 0x15, 0x15, 0x14, 0x26, 0x2b, 0x2a, 0x26, 0x00, 0x00, 0x00, 0x00, 0x00, 0x00, 0x00,
  0x00, 0x00, 0x00, 0x00, 0x00, 0x00, 0x00, 0x26, 0x2b, 0x2a, 0x26, 0x13, 0x12, 0x02, 0x02, 0x03, 0x0b, 0x05, 0x0c, 0x02, 0x23, 0x2d, 0x2c, 0x27, 0x12, 0x02, 0x16, 0x17, 0x02, 0x0a, 0x03, 0x19, 0x20, 0x13, 0x05, 0x11, 0x1e, 0x1e, 0x12, 0x02, 0x0c, 0x11, 0x20, 0x1e, 0x11, 0x02, 0x11, 0x1e, 0x0e, 0x07, 0x0e, 0x1e, 0x1e, 0x05, 0x02, 0x18, 0x1e, 0x1e, 0x18, 0x02, 0x05, 0x1e, 0x19, 0x0e, 0x04, 0x0f, 0x1e, 0x11, 0x02, 0x11, 0x20, 0x1e, 0x11, 0x04, 0x02, 0x12, 0x1e, 0x1e, 0x11, 0x0e, 0x15, 0x20, 0x19, 0x03, 0x04, 0x02, 0x17, 0x14, 0x02, 0x11, 0x28, 0x2a, 0x2c, 0x23, 0x02, 0x10, 0x0c, 0x04, 0x13, 0x16, 0x15, 0x14, 0x13, 0x25, 0x29, 0x2a, 0x26, 0x00, 0x00, 0x00, 0x00, 0x00, 0x00, 0x00,
  0x00, 0x00, 0x00, 0x00, 0x00, 0x00, 0x27, 0x2a, 0x2c, 0x25, 0x14, 0x14, 0x02, 0x02, 0x04, 0x04, 0x04, 0x08, 0x10, 0x02, 0x25, 0x2d, 0x2c, 0x27, 0x10, 0x05, 0x18, 0x19, 0x03, 0x0a, 0x02, 0x19, 0x20, 0x13, 0x03, 0x11, 0x20, 0x1e, 0x12, 0x02, 0x0e, 0x11, 0x20, 0x20, 0x11, 0x02, 0x11, 0x1e, 0x06, 0x04, 0x05, 0x1e, 0x1e, 0x0e, 0x02, 0x18, 0x1e, 0x1e, 0x18, 0x03, 0x0e, 0x20, 0x1e, 0x05, 0x02, 0x0e, 0x1f, 0x11, 0x03, 0x13, 0x20, 0x1e, 0x11, 0x04, 0x02, 0x12, 0x1e, 0x1e, 0x11, 0x05, 0x15, 0x20, 0x19, 0x02, 0x04, 0x02, 0x18, 0x16, 0x03, 0x12, 0x28, 0x2c, 0x2d, 0x23, 0x02, 0x10, 0x0b, 0x02, 0x12, 0x16, 0x15, 0x15, 0x14, 0x13, 0x25, 0x2c, 0x28, 0x27, 0x00, 0x00, 0x00, 0x00, 0x00, 0x00,
  0x00, 0x00, 0x00, 0x00, 0x00, 0x00, 0x2c, 0x2a, 0x2d, 0x23, 0x11, 0x14, 0x02, 0x02, 0x03, 0x03, 0x04, 0x0b, 0x10, 0x02, 0x23, 0x2d, 0x2c, 0x27, 0x12, 0x0e, 0x1e, 0x1e, 0x05, 0x04, 0x03, 0x18, 0x1e, 0x13, 0x03, 0x11, 0x20, 0x20, 0x12, 0x02, 0x05, 0x12, 0x20, 0x20, 0x11, 0x0e, 0x10, 0x12, 0x04, 0x0a, 0x0f, 0x13, 0x14, 0x10, 0x04, 0x12, 0x12, 0x12, 0x12, 0x0b, 0x11, 0x15, 0x13, 0x10, 0x0a, 0x04, 0x12, 0x11, 0x0e, 0x13, 0x20, 0x20, 0x11, 0x03, 0x02, 0x12, 0x20, 0x20, 0x11, 0x03, 0x13, 0x20, 0x18, 0x02, 0x0a, 0x03, 0x1e, 0x19, 0x05, 0x12, 0x28, 0x2c, 0x2d, 0x23, 0x02, 0x10, 0x0a, 0x02, 0x02, 0x12, 0x15, 0x15, 0x16, 0x11, 0x23, 0x2c, 0x2c, 0x28, 0x00, 0x00, 0x00, 0x00, 0x00, 0x00,
  0x00, 0x00, 0x00, 0x00, 0x00, 0x00, 0x2a, 0x2a, 0x2d, 0x25, 0x13, 0x14, 0x02, 0x02, 0x02, 0x03, 0x02, 0x07, 0x10, 0x02, 0x23, 0x2d, 0x2b, 0x27, 0x12, 0x0e, 0x1e, 0x1e, 0x0e, 0x0a, 0x03, 0x1e, 0x1e, 0x12, 0x02, 0x11, 0x18, 0x17, 0x10, 0x02, 0x09, 0x11, 0x15, 0x18, 0x11, 0x0f, 0x03, 0x01, 0x01, 0x01, 0x01, 0x02, 0x02, 0x02, 0x01, 0x01, 0x01, 0x01, 0x01, 0x02, 0x03, 0x03, 0x02, 0x02, 0x01, 0x01, 0x01, 0x03, 0x0f, 0x12, 0x18, 0x15, 0x0e, 0x04, 0x03, 0x12, 0x1e, 0x19, 0x11, 0x03, 0x13, 0x1e, 0x18, 0x02, 0x04, 0x05, 0x1e, 0x19, 0x0e, 0x12, 0x28, 0x2c, 0x2d, 0x23, 0x02, 0x10, 0x04, 0x02, 0x02, 0x10, 0x16, 0x15, 0x16, 0x13, 0x25, 0x2d, 0x2c, 0x28, 0x00, 0x00, 0x00, 0x00, 0x00, 0x00,
  0x00, 0x00, 0x00, 0x00, 0x00, 0x00, 0x2a, 0x2a, 0x2d, 0x25, 0x13, 0x0e, 0x02, 0x02, 0x04, 0x04, 0x04, 0x04, 0x10, 0x02, 0x23, 0x2d, 0x2b, 0x27, 0x12, 0x0e, 0x1e, 0x1e, 0x0e, 0x0a, 0x03, 0x14, 0x14, 0x10, 0x02, 0x04, 0x02, 0x01, 0x01, 0x02, 0x02, 0x02, 0x03, 0x05, 0x05, 0x13, 0x1e, 0x1f, 0x1f, 0x1f, 0x1f, 0x1f, 0x1f, 0x1f, 0x1f, 0x1f, 0x1f, 0x1f, 0x1f, 0x1f, 0x1f, 0x1f, 0x1f, 0x1f, 0x1f, 0x1f, 0x1f, 0x18, 0x13, 0x0e, 0x0e, 0x03, 0x02, 0x01, 0x02, 0x03, 0x05, 0x05, 0x0c, 0x02, 0x11, 0x14, 0x13, 0x03, 0x0c, 0x0e, 0x1e, 0x1e, 0x0e, 0x12, 0x28, 0x2c, 0x2d, 0x23, 0x02, 0x10, 0x04, 0x04, 0x02, 0x11, 0x16, 0x15, 0x18, 0x13, 0x25, 0x2d, 0x2c, 0x28, 0x00, 0x00, 0x00, 0x00, 0x00, 0x00,
  0x00, 0x00, 0x00, 0x00, 0x00, 0x00, 0x2c, 0x2c, 0x2a, 0x23, 0x15, 0x0e, 0x04, 0x04, 0x04, 0x04, 0x07, 0x07, 0x10, 0x02, 0x23, 0x2d, 0x2b, 0x27, 0x12, 0x0e, 0x19, 0x1e, 0x0f, 0x0f, 0x0c, 0x02, 0x01, 0x02, 0x02, 0x0a, 0x14, 0x14, 0x12, 0x14, 0x14, 0x14, 0x14, 0x17, 0x17, 0x1f, 0x25, 0x2d, 0x2c, 0x2c, 0x2c, 0x2c, 0x2c, 0x2d, 0x2c, 0x2c, 0x2c, 0x2c, 0x2c, 0x2d, 0x2d, 0x2d, 0x2c, 0x2c, 0x2c, 0x2c, 0x2d, 0x26, 0x21, 0x17, 0x17, 0x14, 0x14, 0x14, 0x14, 0x14, 0x17, 0x14, 0x0a, 0x02, 0x02, 0x01, 0x02, 0x0b, 0x10, 0x0e, 0x1e, 0x18, 0x05, 0x12, 0x28, 0x2c, 0x2d, 0x23, 0x02, 0x10, 0x03, 0x03, 0x02, 0x10, 0x14, 0x15, 0x18, 0x15, 0x23, 0x2a, 0x2c, 0x2a, 0x00, 0x00, 0x00, 0x00, 0x00, 0x00,
  0x00, 0x00, 0x00, 0x00, 0x00, 0x28, 0x2c, 0x2d, 0x23, 0x15, 0x19, 0x0e, 0x08, 0x07, 0x09, 0x0c, 0x08, 0x05, 0x0f, 0x02, 0x23, 0x2d, 0x2b, 0x27, 0x12, 0x10, 0x11, 0x10, 0x10, 0x10, 0x11, 0x0c, 0x0a, 0x02, 0x01, 0x12, 0x28, 0x2a, 0x2a, 0x2a, 0x2a, 0x2a, 0x2a, 0x2c, 0x2c, 0x2a, 0x2c, 0x2c, 0x2a, 0x28, 0x28, 0x28, 0x28, 0x28, 0x28, 0x28, 0x28, 0x28, 0x28, 0x28, 0x28, 0x28, 0x28, 0x28, 0x28, 0x2c, 0x2c, 0x2c, 0x2c, 0x2c, 0x2c, 0x2a, 0x2a, 0x2a, 0x2c, 0x2c, 0x2c, 0x28, 0x12, 0x02, 0x0a, 0x0a, 0x0c, 0x10, 0x10, 0x0e, 0x0e, 0x10, 0x10, 0x12, 0x28, 0x2c, 0x2d, 0x23, 0x02, 0x10, 0x03, 0x02, 0x02, 0x02, 0x0f, 0x17, 0x18, 0x19, 0x15, 0x23, 0x2d, 0x2c, 0x28, 0x00, 0x00, 0x00, 0x00, 0x00,
  0x00, 0x00, 0x00, 0x00, 0x00, 0x2a, 0x2c, 0x2d, 0x23, 0x18, 0x19, 0x0f, 0x0e, 0x05, 0x0b, 0x0b, 0x07, 0x06, 0x0f, 0x02, 0x25, 0x2d, 0x2b, 0x27, 0x1e, 0x0e, 0x02, 0x02, 0x02, 0x02, 0x0e, 0x26, 0x27, 0x26, 0x26, 0x26, 0x29, 0x29, 0x2a, 0x2a, 0x2a, 0x2c, 0x2c, 0x2d, 0x2d, 0x2d, 0x2d, 0x2c, 0x22, 0x22, 0x1d, 0x1d, 0x22, 0x22, 0x22, 0x22, 0x22, 0x22, 0x22, 0x22, 0x1d, 0x1d, 0x1d, 0x1d, 0x22, 0x22, 0x2c, 0x2d, 0x2d, 0x2d, 0x2d, 0x2c, 0x2c, 0x2c, 0x2a, 0x2a, 0x29, 0x29, 0x26, 0x26, 0x26, 0x27, 0x25, 0x02, 0x02, 0x02, 0x01, 0x01, 0x11, 0x21, 0x29, 0x2a, 0x2d, 0x23, 0x02, 0x10, 0x07, 0x04, 0x04, 0x02, 0x10, 0x18, 0x19, 0x19, 0x15, 0x23, 0x2d, 0x2a, 0x28, 0x00, 0x00, 0x00, 0x00, 0x00,
  0x00, 0x00, 0x00, 0x00, 0x00, 0x28, 0x2c, 0x2d, 0x23, 0x18, 0x19, 0x0f, 0x0e, 0x09, 0x09, 0x07, 0x07, 0x03, 0x0b, 0x10, 0x1e, 0x25, 0x2c, 0x29, 0x26, 0x26, 0x25, 0x25, 0x25, 0x25, 0x26, 0x2c, 0x2c, 0x2c, 0x2d, 0x2c, 0x2b, 0x2b, 0x2c, 0x2c, 0x2d, 0x27, 0x22, 0x22, 0x22, 0x22, 0x22, 0x22, 0x1d, 0x1d, 0x1d, 0x1d, 0x1d, 0x1d, 0x1d, 0x1d, 0x1d, 0x1d, 0x1d, 0x1d, 0x1d, 0x1d, 0x1d, 0x1d, 0x1d, 0x1d, 0x22, 0x22, 0x22, 0x22, 0x22, 0x22, 0x22, 0x2c, 0x2d, 0x2c, 0x2c, 0x2c, 0x2c, 0x2d, 0x2c, 0x2c, 0x2a, 0x25, 0x25, 0x25, 0x25, 0x25, 0x26, 0x27, 0x2a, 0x2c, 0x23, 0x14, 0x10, 0x0e, 0x05, 0x03, 0x04, 0x03, 0x11, 0x1e, 0x19, 0x19, 0x15, 0x23, 0x2d, 0x2a, 0x28, 0x00, 0x00, 0x00, 0x00, 0x00,
  0x00, 0x00, 0x00, 0x00, 0x00, 0x28, 0x2c, 0x2d, 0x23, 0x19, 0x1e, 0x0f, 0x0c, 0x0b, 0x0b, 0x04, 0x09, 0x04, 0x0b, 0x03, 0x01, 0x1f, 0x2d, 0x29, 0x2c, 0x2d, 0x2d, 0x2d, 0x2d, 0x2d, 0x2d, 0x2c, 0x2d, 0x27, 0x24, 0x24, 0x24, 0x24, 0x24, 0x24, 0x24, 0x24, 0x1a, 0x1c, 0x1c, 0x1c, 0x1c, 0x1c, 0x1d, 0x1d, 0x1d, 0x1c, 0x1c, 0x1c, 0x1c, 0x1c, 0x1c, 0x1c, 0x1c, 0x1c, 0x1c, 0x1c, 0x1c, 0x1c, 0x1d, 0x1d, 0x1c, 0x1c, 0x1a, 0x1c, 0x1c, 0x1c, 0x1d, 0x24, 0x24, 0x24, 0x24, 0x24, 0x24, 0x24, 0x26, 0x2d, 0x2c, 0x2d, 0x2d, 0x2d, 0x2d, 0x2d, 0x2c, 0x2c, 0x2a, 0x2d, 0x1f, 0x01, 0x03, 0x0f, 0x05, 0x03, 0x02, 0x07, 0x11, 0x13, 0x18, 0x19, 0x15, 0x23, 0x2d, 0x2a, 0x27, 0x00, 0x00, 0x00, 0x00, 0x00,
  0x00, 0x00, 0x00, 0x00, 0x00, 0x28, 0x2c, 0x2d, 0x23, 0x13, 0x13, 0x0e, 0x0b, 0x09, 0x05, 0x04, 0x0b, 0x07, 0x02, 0x1f, 0x1f, 0x23, 0x2b, 0x29, 0x2a, 0x2a, 0x2c, 0x28, 0x26, 0x26, 0x26, 0x27, 0x28, 0x24, 0x1d, 0x1d, 0x1a, 0x1b, 0x1b, 0x1b, 0x1b, 0x1d, 0x1c, 0x1c, 0x1c, 0x1a, 0x1c, 0x1c, 0x1c, 0x1c, 0x1a, 0x1a, 0x1a, 0x1a, 0x1a, 0x1a, 0x1a, 0x1a, 0x1a, 0x1a, 0x1a, 0x1a, 0x1a, 0x1a, 0x1c, 0x1c, 0x1c, 0x1c, 0x1a, 0x1c, 0x1c, 0x1c, 0x1d, 0x1c, 0x1b, 0x1b, 0x1b, 0x1b, 0x1d, 0x1d, 0x22, 0x28, 0x27, 0x26, 0x26, 0x25, 0x28, 0x2b, 0x2a, 0x2a, 0x2a, 0x2c, 0x23, 0x1f, 0x1f, 0x02, 0x02, 0x02, 0x03, 0x09, 0x0e, 0x0f, 0x18, 0x19, 0x15, 0x21, 0x27, 0x2a, 0x29, 0x23, 0x00, 0x00, 0x00, 0x00,
  0x00, 0x00, 0x00, 0x00, 0x23, 0x28, 0x2c, 0x28, 0x23, 0x13, 0x05, 0x0b, 0x0c, 0x0e, 0x08, 0x07, 0x04, 0x0a, 0x14, 0x27, 0x2d, 0x2b, 0x2a, 0x2a, 0x2a, 0x2c, 0x2c, 0x24, 0x1d, 0x1d, 0x1b, 0x1d, 0x1d, 0x1d, 0x1d, 0x1d, 0x1c, 0x1a, 0x1b, 0x1b, 0x1a, 0x1c, 0x1c, 0x1c, 0x1c, 0x1b, 0x1b, 0x1a, 0x1c, 0x1c, 0x1c, 0x1a, 0x1a, 0x1a, 0x1a, 0x1a, 0x1a, 0x1a, 0x1a, 0x1a, 0x1a, 0x1a, 0x1c, 0x1c, 0x1c, 0x1c, 0x1b, 0x1b, 0x1b, 0x1c, 0x1c, 0x1c, 0x1a, 0x1c, 0x1a, 0x1a, 0x1b, 0x1a, 0x1d, 0x1d, 0x1d, 0x1d, 0x1d, 0x1b, 0x1d, 0x1d, 0x25, 0x28, 0x2a, 0x2a, 0x2a, 0x2a, 0x2c, 0x2d, 0x28, 0x14, 0x0a, 0x02, 0x02, 0x03, 0x0f, 0x11, 0x19, 0x19, 0x19, 0x15, 0x21, 0x2a, 0x29, 0x28, 0x25, 0x00, 0x00, 0x00,
  0x00, 0x00, 0x00, 0x25, 0x27, 0x2a, 0x2c, 0x21, 0x18, 0x14, 0x05, 0x0b, 0x0c, 0x0c, 0x0c, 0x0c, 0x02, 0x12, 0x28, 0x2a, 0x29, 0x2a, 0x2a, 0x2a, 0x2a, 0x2c, 0x24, 0x1d, 0x1d, 0x1d, 0x1a, 0x1b, 0x1a, 0x1c, 0x1c, 0x1c, 0x1c, 0x1a, 0x1b, 0x1b, 0x1b, 0x1c, 0x1c, 0x1c, 0x1a, 0x1a, 0x1b, 0x1a, 0x1c, 0x1c, 0x1c, 0x1a, 0x1a, 0x1a, 0x1a, 0x1a, 0x1a, 0x1a, 0x1a, 0x1a, 0x1a, 0x1a, 0x1c, 0x1c, 0x1c, 0x1a, 0x1b, 0x1a, 0x1a, 0x1c, 0x1c, 0x1c, 0x1c, 0x1a, 0x1a, 0x1b, 0x1b, 0x1c, 0x1c, 0x1c, 0x1c, 0x1a, 0x1b, 0x1b, 0x1c, 0x1d, 0x1d, 0x24, 0x2d, 0x2a, 0x2a, 0x2c, 0x2a, 0x2a, 0x2c, 0x2a, 0x12, 0x02, 0x04, 0x06, 0x0e, 0x11, 0x19, 0x19, 0x19, 0x15, 0x21, 0x2a, 0x29, 0x28, 0x00, 0x00, 0x00, 0x00,
  0x00, 0x00, 0x00, 0x00, 0x29, 0x2a, 0x2b, 0x21, 0x16, 0x13, 0x03, 0x0c, 0x0e, 0x0c, 0x10, 0x01, 0x14, 0x27, 0x29, 0x2a, 0x2d, 0x25, 0x22, 0x2c, 0x29, 0x2c, 0x22, 0x1a, 0x1c, 0x1a, 0x1b, 0x1b, 0x1a, 0x1a, 0x1c, 0x1c, 0x1c, 0x1a, 0x1a, 0x1b, 0x1b, 0x1a, 0x1c, 0x1c, 0x1a, 0x1a, 0x1a, 0x1a, 0x1b, 0x1c, 0x1c, 0x1a, 0x1a, 0x1a, 0x1a, 0x1a, 0x1a, 0x1a, 0x1a, 0x1a, 0x1a, 0x1a, 0x1c, 0x1a, 0x1a, 0x1b, 0x1b, 0x1b, 0x1a, 0x1c, 0x1c, 0x1c, 0x1c, 0x1a, 0x1b, 0x1b, 0x1b, 0x1c, 0x1c, 0x1c, 0x1a, 0x1a, 0x1a, 0x1b, 0x1a, 0x1d, 0x1a, 0x22, 0x2d, 0x2a, 0x2c, 0x22, 0x25, 0x2d, 0x2a, 0x2a, 0x26, 0x10, 0x01, 0x0c, 0x0e, 0x11, 0x19, 0x19, 0x19, 0x15, 0x1f, 0x2a, 0x29, 0x28, 0x25, 0x00, 0x00, 0x00,
  0x00, 0x00, 0x00, 0x25, 0x29, 0x2a, 0x2a, 0x1f, 0x15, 0x13, 0x03, 0x0f, 0x0e, 0x0c, 0x02, 0x1e, 0x26, 0x2b, 0x29, 0x2d, 0x25, 0x1d, 0x22, 0x2c, 0x29, 0x2c, 0x22, 0x1a, 0x1c, 0x1c, 0x1a, 0x1b, 0x1a, 0x1a, 0x1a, 0x1c, 0x1c, 0x1a, 0x1c, 0x1b, 0x1b, 0x1b, 0x1c, 0x1c, 0x1a, 0x1a, 0x1a, 0x1a, 0x1a, 0x1a, 0x1a, 0x1c, 0x1a, 0x1a, 0x1a, 0x1a, 0x1a, 0x1a, 0x1a, 0x1a, 0x1a, 0x1a, 0x1c, 0x1a, 0x1a, 0x1a, 0x1c, 0x1c, 0x1c, 0x1c, 0x1c, 0x1c, 0x1a, 0x1a, 0x1b, 0x1b, 0x1c, 0x1c, 0x1c, 0x1c, 0x1b, 0x1a, 0x1a, 0x1a, 0x1c, 0x1c, 0x1a, 0x22, 0x2d, 0x2a, 0x2c, 0x22, 0x1d, 0x26, 0x2d, 0x2a, 0x2a, 0x25, 0x17, 0x02, 0x10, 0x11, 0x19, 0x19, 0x18, 0x13, 0x1f, 0x29, 0x29, 0x28, 0x25, 0x00, 0x00, 0x00,
  0x00, 0x00, 0x00, 0x25, 0x29, 0x2a, 0x2a, 0x1f, 0x15, 0x13, 0x05, 0x0f, 0x0c, 0x0c, 0x01, 0x23, 0x2d, 0x29, 0x2a, 0x24, 0x1d, 0x1c, 0x22, 0x2c, 0x29, 0x2c, 0x22, 0x1a, 0x1c, 0x1c, 0x1a, 0x1a, 0x1a, 0x1b, 0x1a, 0x1a, 0x1a, 0x1a, 0x1a, 0x1a, 0x1c, 0x1a, 0x1b, 0x1a, 0x1b, 0x1a, 0x1a, 0x1a, 0x1b, 0x1a, 0x1a, 0x1c, 0x1c, 0x1a, 0x1a, 0x1a, 0x1a, 0x1a, 0x1c, 0x1a, 0x1a, 0x1c, 0x1a, 0x1a, 0x1a, 0x1a, 0x1a, 0x1a, 0x1a, 0x1c, 0x1a, 0x1a, 0x1a, 0x1c, 0x1a, 0x1a, 0x1a, 0x1c, 0x1a, 0x1a, 0x1a, 0x1a, 0x1a, 0x1c, 0x1c, 0x1c, 0x1a, 0x22, 0x2c, 0x29, 0x2c, 0x22, 0x1a, 0x22, 0x25, 0x2a, 0x29, 0x2d, 0x1f, 0x02, 0x10, 0x10, 0x12, 0x15, 0x18, 0x13, 0x1f, 0x2b, 0x29, 0x28, 0x00, 0x00, 0x00, 0x00,
  0x00, 0x00, 0x00, 0x00, 0x29, 0x29, 0x2b, 0x1f, 0x13, 0x13, 0x05, 0x0c, 0x06, 0x10, 0x02, 0x1f, 0x2c, 0x2a, 0x2c, 0x1b, 0x1a, 0x1d, 0x22, 0x2c, 0x29, 0x2c, 0x22, 0x1b, 0x1c, 0x1c, 0x1c, 0x1a, 0x1a, 0x1b, 0x1b, 0x1a, 0x1b, 0x22, 0x22, 0x1d, 0x1a, 0x1a, 0x1b, 0x1b, 0x1b, 0x1d, 0x22, 0x22, 0x1b, 0x1b, 0x1a, 0x1a, 0x1a, 0x1a, 0x1c, 0x1c, 0x1c, 0x1c, 0x1c, 0x1a, 0x1a, 0x1c, 0x1a, 0x1a, 0x1a, 0x1b, 0x22, 0x22, 0x1d, 0x1a, 0x1b, 0x1a, 0x1c, 0x1a, 0x1d, 0x22, 0x22, 0x1b, 0x1a, 0x1a, 0x1a, 0x1a, 0x1c, 0x1c, 0x1c, 0x1c, 0x1b, 0x22, 0x2c, 0x2a, 0x2c, 0x22, 0x1d, 0x1a, 0x1d, 0x2c, 0x29, 0x2c, 0x1f, 0x02, 0x10, 0x0f, 0x05, 0x14, 0x16, 0x13, 0x1e, 0x25, 0x29, 0x29, 0x25, 0x00, 0x00, 0x00,
  0x00, 0x00, 0x00, 0x25, 0x29, 0x29, 0x29, 0x1f, 0x13, 0x12, 0x03, 0x0b, 0x07, 0x0f, 0x01, 0x1f, 0x2d, 0x2a, 0x2c, 0x1d, 0x1a, 0x1d, 0x24, 0x2c, 0x29, 0x2c, 0x22, 0x1b, 0x1c, 0x1c, 0x1c, 0x1c, 0x1c, 0x1b, 0x1b, 0x1a, 0x1b, 0x28, 0x2f, 0x24, 0x1b, 0x1b, 0x1b, 0x1b, 0x1b, 0x24, 0x2d, 0x2c, 0x1d, 0x1a, 0x1a, 0x1a, 0x1a, 0x1a, 0x1a, 0x1c, 0x1c, 0x1c, 0x1c, 0x1a, 0x1c, 0x1a, 0x1a, 0x1a, 0x1a, 0x1d, 0x2c, 0x2d, 0x24, 0x1b, 0x1b, 0x1b, 0x1c, 0x1b, 0x24, 0x2f, 0x27, 0x1b, 0x1a, 0x1a, 0x1a, 0x1a, 0x1a, 0x1c, 0x1c, 0x1c, 0x1b, 0x22, 0x2c, 0x2a, 0x2c, 0x22, 0x1d, 0x1a, 0x22, 0x2c, 0x2a, 0x2d, 0x1f, 0x02, 0x10, 0x0c, 0x04, 0x13, 0x14, 0x15, 0x13, 0x14, 0x27, 0x29, 0x2a, 0x25, 0x00, 0x00,
  0x00, 0x00, 0x27, 0x27, 0x2a, 0x29, 0x1e, 0x14, 0x10, 0x02, 0x04, 0x06, 0x0c, 0x10, 0x02, 0x1f, 0x2d, 0x2a, 0x2c, 0x1d, 0x1a, 0x1c, 0x22, 0x2c, 0x29, 0x2c, 0x22, 0x1b, 0x1b, 0x1a, 0x1c, 0x1c, 0x1c, 0x1a, 0x1a, 0x1c, 0x1b, 0x27, 0x2c, 0x2c, 0x25, 0x0d, 0x1b, 0x0d, 0x24, 0x2c, 0x2a, 0x28, 0x1d, 0x1a, 0x1a, 0x1a, 0x1a, 0x1a, 0x1c, 0x1c, 0x1c, 0x1c, 0x1c, 0x1c, 0x1c, 0x1a, 0x1a, 0x1a, 0x1a, 0x1d, 0x28, 0x2a, 0x2c, 0x24, 0x0d, 0x1b, 0x0d, 0x25, 0x2c, 0x2c, 0x26, 0x1b, 0x1c, 0x1b, 0x1b, 0x1c, 0x1c, 0x1c, 0x1c, 0x1a, 0x1b, 0x22, 0x2d, 0x2a, 0x2c, 0x22, 0x1c, 0x1a, 0x22, 0x2c, 0x2a, 0x2d, 0x1f, 0x02, 0x10, 0x07, 0x03, 0x02, 0x12, 0x17, 0x14, 0x1e, 0x27, 0x29, 0x2b, 0x23, 0x00, 0x00,
  0x00, 0x00, 0x28, 0x29, 0x2a, 0x29, 0x17, 0x13, 0x10, 0x02, 0x04, 0x07, 0x07, 0x0c, 0x02, 0x23, 0x2d, 0x2a, 0x2c, 0x1d, 0x1b, 0x1a, 0x22, 0x2c, 0x2a, 0x2c, 0x22, 0x1b, 0x1a, 0x1a, 0x1c, 0x1c, 0x1c, 0x1a, 0x1c, 0x1c, 0x1b, 0x27, 0x2d, 0x2a, 0x28, 0x27, 0x27, 0x27, 0x27, 0x29, 0x2a, 0x2c, 0x1d, 0x1a, 0x1a, 0x1a, 0x1a, 0x1c, 0x1c, 0x1c, 0x1c, 0x1c, 0x1c, 0x1c, 0x1a, 0x1a, 0x1a, 0x1b, 0x1a, 0x1d, 0x2c, 0x2a, 0x2a, 0x28, 0x27, 0x27, 0x27, 0x28, 0x2a, 0x2d, 0x27, 0x1b, 0x1c, 0x1c, 0x1c, 0x1c, 0x1c, 0x1c, 0x1a, 0x1b, 0x1b, 0x22, 0x2d, 0x2a, 0x2c, 0x22, 0x1c, 0x1b, 0x1f, 0x2c, 0x2a, 0x2d, 0x1f, 0x02, 0x10, 0x04, 0x04, 0x02, 0x12, 0x16, 0x14, 0x18, 0x27, 0x2a, 0x2c, 0x25, 0x00, 0x00,
  0x00, 0x00, 0x28, 0x2a, 0x2b, 0x29, 0x1e, 0x14, 0x11, 0x03, 0x07, 0x06, 0x04, 0x0a, 0x05, 0x14, 0x23, 0x2c, 0x2a, 0x27, 0x1d, 0x0d, 0x22, 0x2c, 0x29, 0x2c, 0x22, 0x1b, 0x1b, 0x1a, 0x1a, 0x1c, 0x1c, 0x1c, 0x1c, 0x1c, 0x1c, 0x1d, 0x26, 0x2d, 0x2c, 0x2a, 0x2a, 0x2a, 0x29, 0x2b, 0x28, 0x22, 0x1b, 0x1a, 0x1a, 0x1a, 0x1a, 0x1c, 0x1c, 0x1c, 0x1c, 0x1c, 0x1c, 0x1c, 0x1a, 0x1a, 0x1a, 0x1b, 0x1a, 0x1b, 0x22, 0x28, 0x2c, 0x2a, 0x2a, 0x2a, 0x2a, 0x2a, 0x2d, 0x27, 0x22, 0x1c, 0x1c, 0x1c, 0x1c, 0x1c, 0x1a, 0x1a, 0x1a, 0x1b, 0x1b, 0x22, 0x2d, 0x2a, 0x2c, 0x22, 0x0d, 0x22, 0x27, 0x2a, 0x2c, 0x23, 0x14, 0x0e, 0x0f, 0x04, 0x0a, 0x02, 0x12, 0x17, 0x15, 0x1e, 0x29, 0x2a, 0x2c, 0x25, 0x00, 0x00,
  0x00, 0x00, 0x28, 0x2a, 0x2a, 0x29, 0x1e, 0x14, 0x11, 0x03, 0x07, 0x04, 0x04, 0x0a, 0x10, 0x02, 0x1e, 0x2d, 0x2c, 0x2c, 0x25, 0x22, 0x25, 0x2c, 0x29, 0x2c, 0x22, 0x0d, 0x1b, 0x1a, 0x1a, 0x1a, 0x1c, 0x1c, 0x1c, 0x1c, 0x1c, 0x1a, 0x22, 0x24, 0x25, 0x2d, 0x2c, 0x2c, 0x2c, 0x26, 0x22, 0x1b, 0x1b, 0x1a, 0x1a, 0x1c, 0x1c, 0x1c, 0x1a, 0x1a, 0x1c, 0x1c, 0x1a, 0x1a, 0x1a, 0x1a, 0x1a, 0x1b, 0x1b, 0x1b, 0x0d, 0x22, 0x26, 0x2d, 0x2c, 0x2c, 0x2c, 0x25, 0x24, 0x22, 0x1a, 0x1c, 0x1c, 0x1c, 0x1c, 0x1c, 0x1a, 0x1a, 0x1b, 0x1b, 0x0d, 0x22, 0x2d, 0x2a, 0x2c, 0x24, 0x22, 0x25, 0x2c, 0x2b, 0x2d, 0x14, 0x03, 0x10, 0x0c, 0x0b, 0x0a, 0x02, 0x12, 0x16, 0x15, 0x1e, 0x28, 0x2c, 0x2c, 0x25, 0x00, 0x00,
  0x00, 0x00, 0x28, 0x2a, 0x2b, 0x29, 0x1e, 0x14, 0x12, 0x03, 0x04, 0x02, 0x04, 0x0b, 0x10, 0x0e, 0x14, 0x23, 0x25, 0x2c, 0x2c, 0x2c, 0x2a, 0x29, 0x29, 0x2c, 0x23, 0x1d, 0x1b, 0x1b, 0x1a, 0x1a, 0x1c, 0x1c, 0x1c, 0x1c, 0x1c, 0x1c, 0x1a, 0x0d, 0x1d, 0x27, 0x26, 0x26, 0x26, 0x22, 0x0d, 0x1b, 0x1b, 0x1a, 0x1a, 0x1c, 0x1c, 0x1d, 0x22, 0x1d, 0x1a, 0x1a, 0x1d, 0x22, 0x1b, 0x1a, 0x1a, 0x1b, 0x1b, 0x1a, 0x1b, 0x0d, 0x22, 0x27, 0x26, 0x26, 0x27, 0x1d, 0x0d, 0x1b, 0x1c, 0x1c, 0x1c, 0x1c, 0x1c, 0x1c, 0x1a, 0x1b, 0x1b, 0x1b, 0x1d, 0x24, 0x2c, 0x2a, 0x2a, 0x2c, 0x2c, 0x2b, 0x2a, 0x25, 0x23, 0x14, 0x0e, 0x10, 0x0f, 0x0b, 0x04, 0x02, 0x12, 0x16, 0x16, 0x1e, 0x23, 0x29, 0x2d, 0x26, 0x00, 0x00,
  0x00, 0x00, 0x2c, 0x2a, 0x2c, 0x2a, 0x1e, 0x14, 0x11, 0x02, 0x03, 0x02, 0x04, 0x0c, 0x0c, 0x10, 0x0f, 0x01, 0x17, 0x27, 0x27, 0x29, 0x29, 0x29, 0x29, 0x29, 0x2d, 0x24, 0x0d, 0x1b, 0x1a, 0x1c, 0x1c, 0x1c, 0x1c, 0x1c, 0x1a, 0x1a, 0x1b, 0x1b, 0x1c, 0x1b, 0x1b, 0x1b, 0x1b, 0x1b, 0x1b, 0x1b, 0x1b, 0x1b, 0x1c, 0x1c, 0x1a, 0x1d, 0x2e, 0x22, 0x1b, 0x1b, 0x22, 0x2c, 0x1d, 0x1a, 0x1c, 0x1a, 0x1b, 0x1a, 0x1a, 0x1b, 0x1b, 0x1b, 0x1b, 0x1b, 0x1b, 0x1b, 0x1b, 0x1b, 0x1a, 0x1a, 0x1c, 0x1c, 0x1c, 0x1c, 0x1c, 0x1a, 0x1c, 0x0d, 0x24, 0x2d, 0x29, 0x2a, 0x2a, 0x2a, 0x2a, 0x29, 0x25, 0x02, 0x01, 0x03, 0x0c, 0x0c, 0x0c, 0x0c, 0x04, 0x02, 0x12, 0x17, 0x18, 0x1e, 0x19, 0x26, 0x2c, 0x2c, 0x27, 0x00,
  0x00, 0x00, 0x26, 0x2c, 0x2c, 0x2a, 0x1e, 0x17, 0x12, 0x02, 0x03, 0x02, 0x04, 0x0b, 0x0c, 0x0e, 0x0f, 0x10, 0x10, 0x01, 0x23, 0x2c, 0x29, 0x29, 0x29, 0x29, 0x2c, 0x24, 0x1b, 0x1c, 0x1c, 0x1c, 0x1c, 0x1c, 0x1a, 0x1a, 0x1a, 0x1a, 0x1a, 0x1a, 0x1c, 0x1c, 0x1c, 0x1c, 0x1a, 0x1b, 0x1b, 0x1a, 0x1a, 0x1a, 0x1c, 0x1c, 0x1a, 0x1d, 0x28, 0x28, 0x28, 0x27, 0x28, 0x28, 0x1d, 0x1a, 0x1c, 0x1c, 0x1a, 0x1b, 0x1b, 0x1a, 0x1b, 0x1c, 0x1c, 0x1c, 0x1c, 0x1c, 0x1a, 0x1a, 0x1a, 0x1a, 0x1a, 0x1c, 0x1c, 0x1c, 0x1c, 0x1c, 0x1c, 0x1b, 0x24, 0x2c, 0x29, 0x29, 0x2a, 0x2a, 0x2c, 0x25, 0x01, 0x0a, 0x0a, 0x02, 0x05, 0x0b, 0x0c, 0x08, 0x04, 0x02, 0x13, 0x18, 0x18, 0x19, 0x18, 0x26, 0x2c, 0x2c, 0x27, 0x00,
  0x00, 0x25, 0x28, 0x2d, 0x27, 0x1e, 0x1e, 0x12, 0x0b, 0x07, 0x07, 0x04, 0x04, 0x0a, 0x0c, 0x0e, 0x0f, 0x0e, 0x0f, 0x05, 0x17, 0x1f, 0x1e, 0x1f, 0x2a, 0x2a, 0x2c, 0x24, 0x0d, 0x1c, 0x1c, 0x1c, 0x1c, 0x1c, 0x1a, 0x1a, 0x1d, 0x1d, 0x1d, 0x1d, 0x1d, 0x1d, 0x1c, 0x1a, 0x1a, 0x1a, 0x1a, 0x1a, 0x1a, 0x1c, 0x1c, 0x1c, 0x1c, 0x1c, 0x1d, 0x28, 0x2c, 0x2c, 0x27, 0x1d, 0x1c, 0x1c, 0x1c, 0x1c, 0x1a, 0x1a, 0x1a, 0x1a, 0x1a, 0x1c, 0x1c, 0x1c, 0x1d, 0x1d, 0x1d, 0x1d, 0x1d, 0x1d, 0x1a, 0x1a, 0x1c, 0x1c, 0x1c, 0x1c, 0x1d, 0x0d, 0x24, 0x2c, 0x2a, 0x2c, 0x17, 0x12, 0x14, 0x12, 0x03, 0x02, 0x02, 0x04, 0x07, 0x08, 0x0c, 0x0b, 0x0a, 0x02, 0x14, 0x19, 0x18, 0x19, 0x18, 0x26, 0x2c, 0x2c, 0x27, 0x00,
  0x00, 0x27, 0x2d, 0x2c, 0x26, 0x15, 0x1e, 0x11, 0x03, 0x08, 0x03, 0x06, 0x0c, 0x07, 0x0a, 0x0a, 0x0c, 0x0c, 0x0e, 0x10, 0x0f, 0x12, 0x14, 0x14, 0x23, 0x27, 0x2c, 0x27, 0x24, 0x1c, 0x1c, 0x1c, 0x1c, 0x1a, 0x1a, 0x1d, 0x1d, 0x1d, 0x1d, 0x1d, 0x1d, 0x1d, 0x1d, 0x1c, 0x1a, 0x1a, 0x1a, 0x1a, 0x1a, 0x1c, 0x1c, 0x2a, 0x2a, 0x2a, 0x2a, 0x2a, 0x2a, 0x2a, 0x2a, 0x2a, 0x2a, 0x2a, 0x1c, 0x1c, 0x1c, 0x1a, 0x1c, 0x1a, 0x1c, 0x1a, 0x1c, 0x1d, 0x1d, 0x1d, 0x1d, 0x1d, 0x1d, 0x1d, 0x1d, 0x1a, 0x1a, 0x1c, 0x1c, 0x1c, 0x1c, 0x22, 0x27, 0x2c, 0x27, 0x1f, 0x0b, 0x03, 0x05, 0x06, 0x0c, 0x05, 0x0a, 0x04, 0x07, 0x0b, 0x0b, 0x0a, 0x0a, 0x07, 0x10, 0x13, 0x19, 0x19, 0x18, 0x27, 0x2c, 0x2c, 0x27, 0x00,
  0x00, 0x26, 0x2c, 0x2c, 0x26, 0x18, 0x1e, 0x11, 0x05, 0x04, 0x06, 0x0c, 0x08, 0x04, 0x04, 0x03, 0x0b, 0x0c, 0x0e, 0x0e, 0x05, 0x12, 0x17, 0x14, 0x13, 0x28, 0x2c, 0x2d, 0x26, 0x1b, 0x1c, 0x1c, 0x1a, 0x1a, 0x1a, 0x1d, 0x1d, 0x1d, 0x1d, 0x1d, 0x1d, 0x1d, 0x1d, 0x1a, 0x1a, 0x1c, 0x1c, 0x1a, 0x2a, 0x2a, 0x2a, 0x2a, 0x2a, 0x2a, 0x2a, 0x2a, 0x2a, 0x2a, 0x2a, 0x2a, 0x2a, 0x2a, 0x2a, 0x2a, 0x2a, 0x1c, 0x1c, 0x1c, 0x1c, 0x1a, 0x1c, 0x1d, 0x1d, 0x1d, 0x1d, 0x1d, 0x1d, 0x1d, 0x1d, 0x1a, 0x1b, 0x1a, 0x1c, 0x1c, 0x1b, 0x27, 0x2d, 0x2d, 0x26, 0x01, 0x04, 0x0f, 0x0f, 0x0f, 0x08, 0x09, 0x07, 0x04, 0x0a, 0x0b, 0x03, 0x0a, 0x0a, 0x0a, 0x03, 0x12, 0x19, 0x19, 0x18, 0x27, 0x2c, 0x2c, 0x27, 0x00,
  0x00, 0x26, 0x2c, 0x2c, 0x27, 0x15, 0x16, 0x11, 0x0e, 0x07, 0x07, 0x0c, 0x06, 0x04, 0x04, 0x02, 0x0a, 0x0c, 0x0e, 0x0f, 0x08, 0x10, 0x14, 0x14, 0x17, 0x25, 0x29, 0x2d, 0x26, 0x22, 0x1c, 0x1a, 0x1a, 0x1b, 0x1a, 0x1d, 0x1d, 0x1d, 0x1d, 0x1d, 0x1d, 0x1d, 0x1d, 0x1a, 0x1a, 0x1a, 0x2a, 0x2a, 0x2a, 0x2a, 0x2a, 0x24, 0x24, 0x24, 0x24, 0x24, 0x24, 0x24, 0x24, 0x24, 0x24, 0x24, 0x2a, 0x2a, 0x2a, 0x2a, 0x2a, 0x1a, 0x1a, 0x1a, 0x1c, 0x1d, 0x1d, 0x1d, 0x1d, 0x1d, 0x1d, 0x1d, 0x1d, 0x1a, 0x1b, 0x1b, 0x1b, 0x1c, 0x22, 0x27, 0x2d, 0x28, 0x23, 0x02, 0x04, 0x04, 0x08, 0x0c, 0x0c, 0x05, 0x0b, 0x07, 0x06, 0x04, 0x03, 0x06, 0x07, 0x0b, 0x06, 0x12, 0x18, 0x18, 0x18, 0x27, 0x2c, 0x2c, 0x27, 0x00,
  0x00, 0x26, 0x2a, 0x2c, 0x27, 0x15, 0x11, 0x0f, 0x0f, 0x0b, 0x07, 0x07, 0x04, 0x03, 0x03, 0x02, 0x0a, 0x0b, 0x0c, 0x0e, 0x07, 0x02, 0x0b, 0x16, 0x18, 0x13, 0x25, 0x2d, 0x2c, 0x28, 0x1b, 0x1b, 0x1b, 0x1b, 0x1a, 0x1d, 0x1d, 0x1d, 0x1d, 0x1d, 0x1d, 0x1d, 0x1d, 0x1a, 0x2a, 0x2a, 0x2a, 0x2a, 0x24, 0x24, 0x24, 0x24, 0x24, 0x24, 0x24, 0x24, 0x24, 0x24, 0x24, 0x24, 0x24, 0x24, 0x24, 0x24, 0x24, 0x2a, 0x2a, 0x2a, 0x2a, 0x1a, 0x1c, 0x1d, 0x1d, 0x1d, 0x1d, 0x1d, 0x1d, 0x1d, 0x1d, 0x1c, 0x1b, 0x1b, 0x1b, 0x1b, 0x2c, 0x2c, 0x2d, 0x23, 0x01, 0x10, 0x03, 0x07, 0x07, 0x0c, 0x0e, 0x05, 0x0b, 0x0a, 0x04, 0x08, 0x06, 0x09, 0x09, 0x0b, 0x03, 0x12, 0x19, 0x19, 0x18, 0x27, 0x2c, 0x2c, 0x27, 0x00,
  0x00, 0x26, 0x2a, 0x2c, 0x27, 0x15, 0x11, 0x0f, 0x0c, 0x0c, 0x0c, 0x06, 0x02, 0x02, 0x04, 0x03, 0x04, 0x0c, 0x0c, 0x05, 0x04, 0x02, 0x0c, 0x17, 0x19, 0x16, 0x25, 0x2d, 0x2c, 0x27, 0x0d, 0x1b, 0x1b, 0x1b, 0x1a, 0x1a, 0x1d, 0x1d, 0x1d, 0x1d, 0x1d, 0x1d, 0x1a, 0x2a, 0x2a, 0x2a, 0x24, 0x24, 0x24, 0x24, 0x24, 0x24, 0x24, 0x24, 0x24, 0x24, 0x24, 0x24, 0x24, 0x24, 0x24, 0x24, 0x24, 0x24, 0x24, 0x24, 0x24, 0x2a, 0x2a, 0x2a, 0x1a, 0x1a, 0x1d, 0x1d, 0x1d, 0x1d, 0x1d, 0x1d, 0x1c, 0x1a, 0x1b, 0x1b, 0x1b, 0x0d, 0x28, 0x2a, 0x2d, 0x23, 0x03, 0x10, 0x05, 0x07, 0x0b, 0x07, 0x05, 0x05, 0x0b, 0x0b, 0x0b, 0x09, 0x07, 0x0a, 0x0a, 0x09, 0x03, 0x12, 0x19, 0x19, 0x19, 0x27, 0x2c, 0x2c, 0x27, 0x00,
  0x00, 0x26, 0x2a, 0x2b, 0x26, 0x15, 0x11, 0x0f, 0x0c, 0x0c, 0x11, 0x16, 0x08, 0x02, 0x06, 0x05, 0x03, 0x03, 0x03, 0x02, 0x03, 0x02, 0x10, 0x1e, 0x19, 0x1e, 0x19, 0x23, 0x2c, 0x28, 0x27, 0x1d, 0x1b, 0x1c, 0x1a, 0x1a, 0x1a, 0x1a, 0x1a, 0x1a, 0x1a, 0x1c, 0x1a, 0x2a, 0x2a, 0x24, 0x24, 0x24, 0x24, 0x24, 0x24, 0x24, 0x24, 0x24, 0x24, 0x24, 0x24, 0x24, 0x24, 0x24, 0x24, 0x24, 0x24, 0x24, 0x24, 0x24, 0x24, 0x24, 0x2a, 0x2a, 0x1a, 0x1a, 0x1c, 0x1a, 0x1a, 0x1a, 0x1a, 0x1c, 0x1a, 0x1a, 0x1c, 0x1b, 0x1d, 0x28, 0x28, 0x2b, 0x23, 0x10, 0x10, 0x0c, 0x0b, 0x06, 0x07, 0x07, 0x0b, 0x07, 0x0b, 0x09, 0x07, 0x09, 0x08, 0x04, 0x0a, 0x0b, 0x03, 0x13, 0x1e, 0x19, 0x19, 0x27, 0x2c, 0x2c, 0x26, 0x00,
  0x00, 0x26, 0x2a, 0x2b, 0x26, 0x13, 0x0f, 0x0e, 0x10, 0x0e, 0x11, 0x17, 0x13, 0x11, 0x12, 0x12, 0x12, 0x11, 0x10, 0x02, 0x02, 0x03, 0x0f, 0x13, 0x19, 0x1e, 0x13, 0x23, 0x2d, 0x29, 0x2c, 0x1d, 0x1b, 0x1c, 0x1c, 0x1a, 0x1b, 0x1a, 0x1b, 0x1b, 0x1a, 0x1a, 0x2a, 0x2a, 0x24, 0x24, 0x24, 0x24, 0x24, 0x24, 0x24, 0x24, 0x24, 0x24, 0x24, 0x24, 0x24, 0x24, 0x24, 0x24, 0x24, 0x24, 0x24, 0x24, 0x24, 0x24, 0x24, 0x24, 0x24, 0x2a, 0x2a, 0x1a, 0x1a, 0x1a, 0x1a, 0x1a, 0x1b, 0x1a, 0x1a, 0x1c, 0x1c, 0x1b, 0x1d, 0x2c, 0x29, 0x2d, 0x23, 0x01, 0x10, 0x0e, 0x0c, 0x07, 0x04, 0x0a, 0x04, 0x07, 0x07, 0x07, 0x09, 0x08, 0x08, 0x06, 0x07, 0x08, 0x05, 0x10, 0x13, 0x1e, 0x19, 0x26, 0x2c, 0x2a, 0x26, 0x00,
  0x00, 0x26, 0x2a, 0x2b, 0x26, 0x13, 0x10, 0x0f, 0x10, 0x12, 0x15, 0x18, 0x15, 0x17, 0x19, 0x19, 0x18, 0x17, 0x17, 0x10, 0x02, 0x03, 0x03, 0x0f, 0x19, 0x1e, 0x15, 0x21, 0x26, 0x2b, 0x2a, 0x24, 0x1d, 0x1a, 0x1c, 0x1b, 0x1b, 0x1b, 0x1a, 0x1a, 0x1c, 0x1c, 0x2a, 0x2a, 0x24, 0x24, 0x24, 0x24, 0x24, 0x24, 0x24, 0x24, 0x24, 0x24, 0x24, 0x24, 0x24, 0x24, 0x24, 0x24, 0x24, 0x24, 0x24, 0x24, 0x24, 0x24, 0x24, 0x24, 0x24, 0x2a, 0x2a, 0x1a, 0x1c, 0x1c, 0x1a, 0x1a, 0x1b, 0x1a, 0x1a, 0x1c, 0x1a, 0x1d, 0x24, 0x2a, 0x2b, 0x25, 0x17, 0x02, 0x0c, 0x0c, 0x0c, 0x07, 0x07, 0x07, 0x07, 0x0b, 0x07, 0x08, 0x08, 0x07, 0x07, 0x07, 0x07, 0x07, 0x09, 0x05, 0x11, 0x1e, 0x18, 0x27, 0x2c, 0x29, 0x26, 0x00,
  0x00, 0x26, 0x2a, 0x2b, 0x26, 0x13, 0x0e, 0x0c, 0x0e, 0x13, 0x1e, 0x18, 0x15, 0x16, 0x18, 0x18, 0x18, 0x15, 0x13, 0x0f, 0x03, 0x06, 0x07, 0x0f, 0x16, 0x18, 0x18, 0x13, 0x1f, 0x27, 0x29, 0x2d, 0x24, 0x1d, 0x1b, 0x1b, 0x1b, 0x1a, 0x1a, 0x1c, 0x1c, 0x1c, 0x2a, 0x2a, 0x24, 0x24, 0x24, 0x24, 0x24, 0x24, 0x24, 0x24, 0x1d, 0x1d, 0x1d, 0x1d, 0x1d, 0x1d, 0x1d, 0x1d, 0x1d, 0x24, 0x24, 0x24, 0x24, 0x24, 0x24, 0x24, 0x24, 0x2a, 0x2a, 0x1c, 0x1c, 0x1c, 0x1c, 0x1a, 0x1a, 0x1b, 0x1a, 0x1a, 0x1d, 0x25, 0x2d, 0x29, 0x27, 0x12, 0x01, 0x04, 0x06, 0x07, 0x05, 0x05, 0x05, 0x07, 0x06, 0x07, 0x07, 0x07, 0x08, 0x05, 0x05, 0x07, 0x07, 0x09, 0x09, 0x0e, 0x11, 0x15, 0x15, 0x23, 0x27, 0x2a, 0x26, 0x00,
  0x00, 0x25, 0x2a, 0x2b, 0x26, 0x12, 0x08, 0x0b, 0x0e, 0x13, 0x1e, 0x18, 0x17, 0x16, 0x16, 0x16, 0x16, 0x14, 0x03, 0x03, 0x07, 0x06, 0x04, 0x07, 0x0e, 0x15, 0x17, 0x17, 0x14, 0x1e, 0x2a, 0x2a, 0x2d, 0x24, 0x0d, 0x1b, 0x1b, 0x1b, 0x1c, 0x1c, 0x1c, 0x1c, 0x1c, 0x2a, 0x2a, 0x24, 0x24, 0x24, 0x24, 0x24, 0x1d, 0x1d, 0x1d, 0x1d, 0x1d, 0x1d, 0x1d, 0x1d, 0x1d, 0x1d, 0x1d, 0x1d, 0x1d, 0x24, 0x24, 0x24, 0x24, 0x24, 0x2a, 0x2a, 0x1c, 0x1c, 0x1c, 0x1c, 0x1c, 0x1a, 0x1a, 0x1b, 0x1b, 0x1b, 0x25, 0x2d, 0x2a, 0x29, 0x10, 0x02, 0x0a, 0x03, 0x04, 0x07, 0x07, 0x08, 0x08, 0x0b, 0x04, 0x07, 0x04, 0x0a, 0x0b, 0x08, 0x08, 0x04, 0x04, 0x07, 0x05, 0x0f, 0x08, 0x0e, 0x17, 0x11, 0x25, 0x2c, 0x29, 0x27,
  0x00, 0x25, 0x2a, 0x2b, 0x26, 0x13, 0x03, 0x03, 0x05, 0x13, 0x1e, 0x18, 0x18, 0x16, 0x15, 0x15, 0x15, 0x14, 0x09, 0x03, 0x07, 0x07, 0x07, 0x07, 0x06, 0x14, 0x17, 0x18, 0x15, 0x1e, 0x2a, 0x2c, 0x2a, 0x2c, 0x24, 0x0d, 0x1b, 0x1c, 0x1c, 0x1c, 0x1c, 0x1c, 0x1c, 0x2a, 0x2a, 0x2a, 0x24, 0x24, 0x24, 0x24, 0x1d, 0x1d, 0x1d, 0x1d, 0x1d, 0x1d, 0x1d, 0x1d, 0x1d, 0x1d, 0x1d, 0x1d, 0x1d, 0x24, 0x24, 0x24, 0x24, 0x2a, 0x2a, 0x2a, 0x1c, 0x1c, 0x1c, 0x1c, 0x1c, 0x1c, 0x1a, 0x1b, 0x0d, 0x25, 0x2c, 0x2a, 0x2c, 0x28, 0x12, 0x02, 0x07, 0x06, 0x07, 0x07, 0x07, 0x0b, 0x07, 0x07, 0x08, 0x04, 0x04, 0x0b, 0x0a, 0x0b, 0x0b, 0x07, 0x05, 0x09, 0x05, 0x0e, 0x05, 0x0f, 0x18, 0x15, 0x25, 0x2c, 0x29, 0x28,
  0x26, 0x28, 0x2b, 0x25, 0x1e, 0x14, 0x02, 0x02, 0x02, 0x12, 0x19, 0x19, 0x18, 0x15, 0x15, 0x15, 0x15, 0x14, 0x0b, 0x03, 0x07, 0x07, 0x07, 0x09, 0x08, 0x0f, 0x13, 0x18, 0x17, 0x18, 0x1e, 0x27, 0x2c, 0x29, 0x28, 0x25, 0x0d, 0x1c, 0x1c, 0x1c, 0x1c, 0x1c, 0x1a, 0x1a, 0x2a, 0x2a, 0x2a, 0x2a, 0x24, 0x24, 0x24, 0x24, 0x1d, 0x1d, 0x1d, 0x1d, 0x1d, 0x1d, 0x1d, 0x1d, 0x1d, 0x24, 0x24, 0x24, 0x24, 0x2a, 0x2a, 0x2a, 0x2a, 0x1a, 0x1c, 0x1c, 0x1c, 0x1c, 0x1c, 0x1d, 0x1b, 0x0d, 0x26, 0x2a, 0x29, 0x2d, 0x27, 0x12, 0x10, 0x06, 0x07, 0x07, 0x07, 0x07, 0x07, 0x07, 0x0b, 0x07, 0x0b, 0x07, 0x02, 0x03, 0x03, 0x05, 0x09, 0x09, 0x08, 0x0e, 0x0e, 0x05, 0x03, 0x0f, 0x18, 0x15, 0x25, 0x2c, 0x29, 0x28,
  0x28, 0x2a, 0x2b, 0x23, 0x11, 0x14, 0x02, 0x02, 0x02, 0x11, 0x18, 0x18, 0x17, 0x16, 0x15, 0x15, 0x15, 0x14, 0x0f, 0x05, 0x07, 0x07, 0x09, 0x09, 0x0b, 0x02, 0x12, 0x17, 0x16, 0x18, 0x18, 0x1f, 0x26, 0x2b, 0x29, 0x2a, 0x24, 0x1d, 0x1a, 0x1d, 0x1c, 0x1a, 0x1b, 0x1a, 0x1a, 0x1a, 0x2a, 0x2a, 0x2a, 0x2a, 0x2a, 0x24, 0x24, 0x24, 0x24, 0x24, 0x24, 0x24, 0x24, 0x24, 0x24, 0x24, 0x2a, 0x2a, 0x2a, 0x2a, 0x2a, 0x1a, 0x1a, 0x1a, 0x1a, 0x1a, 0x1c, 0x1c, 0x1d, 0x1a, 0x1d, 0x25, 0x2a, 0x2a, 0x2d, 0x26, 0x1e, 0x02, 0x05, 0x07, 0x07, 0x07, 0x07, 0x06, 0x07, 0x0b, 0x06, 0x03, 0x03, 0x05, 0x12, 0x12, 0x13, 0x12, 0x03, 0x0b, 0x0e, 0x0e, 0x05, 0x07, 0x03, 0x0f, 0x19, 0x15, 0x25, 0x2c, 0x29, 0x28,
  0x28, 0x29, 0x2b, 0x23, 0x13, 0x14, 0x02, 0x02, 0x02, 0x11, 0x18, 0x18, 0x16, 0x16, 0x15, 0x15, 0x16, 0x16, 0x0f, 0x06, 0x09, 0x0c, 0x08, 0x07, 0x04, 0x02, 0x10, 0x13, 0x16, 0x18, 0x1e, 0x13, 0x21, 0x26, 0x2b, 0x2a, 0x2d, 0x24, 0x22, 0x1a, 0x1a, 0x1a, 0x1a, 0x1a, 0x1a, 0x1a, 0x1b, 0x1b, 0x2a, 0x2a, 0x2a, 0x2a, 0x2a, 0x2a, 0x2a, 0x2a, 0x2a, 0x2a, 0x2a, 0x2a, 0x2a, 0x2a, 0x2a, 0x2a, 0x2a, 0x1a, 0x1a, 0x1a, 0x1c, 0x1c, 0x1a, 0x1a, 0x1a, 0x1a, 0x1a, 0x22, 0x25, 0x2d, 0x29, 0x2c, 0x26, 0x1e, 0x01, 0x10, 0x04, 0x07, 0x07, 0x07, 0x07, 0x06, 0x0b, 0x03, 0x11, 0x12, 0x12, 0x13, 0x17, 0x17, 0x18, 0x12, 0x03, 0x0f, 0x0e, 0x09, 0x06, 0x07, 0x03, 0x10, 0x19, 0x13, 0x25, 0x2c, 0x29, 0x28,
  0x28, 0x29, 0x2b, 0x23, 0x13, 0x16, 0x03, 0x02, 0x02, 0x11, 0x17, 0x15, 0x16, 0x15, 0x15, 0x16, 0x18, 0x18, 0x12, 0x08, 0x0b, 0x08, 0x06, 0x04, 0x04, 0x0a, 0x02, 0x12, 0x19, 0x18, 0x18, 0x19, 0x13, 0x1e, 0x27, 0x2c, 0x2c, 0x2d, 0x28, 0x22, 0x1d, 0x1b, 0x1a, 0x1c, 0x1a, 0x1a, 0x1b, 0x1b, 0x1b, 0x1b, 0x1b, 0x2a, 0x2a, 0x2a, 0x2a, 0x2a, 0x2a, 0x2a, 0x2a, 0x2a, 0x2a, 0x2a, 0x1c, 0x1c, 0x1a, 0x1a, 0x1a, 0x1a, 0x1a, 0x1c, 0x1a, 0x1a, 0x1b, 0x1d, 0x22, 0x26, 0x2d, 0x2a, 0x2a, 0x27, 0x17, 0x01, 0x10, 0x04, 0x07, 0x07, 0x07, 0x07, 0x07, 0x06, 0x07, 0x10, 0x14, 0x18, 0x19, 0x19, 0x18, 0x16, 0x16, 0x13, 0x0f, 0x0e, 0x08, 0x07, 0x03, 0x03, 0x03, 0x10, 0x19, 0x13, 0x25, 0x2b, 0x29, 0x28,
  0x28, 0x29, 0x2b, 0x23, 0x13, 0x17, 0x06, 0x04, 0x02, 0x10, 0x16, 0x15, 0x15, 0x16, 0x16, 0x18, 0x18, 0x19, 0x1e, 0x10, 0x06, 0x06, 0x03, 0x04, 0x04, 0x04, 0x03, 0x12, 0x1e, 0x18, 0x18, 0x18, 0x18, 0x13, 0x1f, 0x29, 0x28, 0x2a, 0x2c, 0x2d, 0x26, 0x0d, 0x1d, 0x1b, 0x1b, 0x1b, 0x1b, 0x1b, 0x1b, 0x1b, 0x1a, 0x1a, 0x1c, 0x1c, 0x1c, 0x1c, 0x1a, 0x1a, 0x1c, 0x1c, 0x1c, 0x1c, 0x1c, 0x1c, 0x1a, 0x1b, 0x1b, 0x1b, 0x1a, 0x1c, 0x1d, 0x1d, 0x1b, 0x27, 0x2d, 0x2a, 0x2a, 0x2c, 0x28, 0x12, 0x01, 0x0b, 0x0a, 0x07, 0x07, 0x07, 0x06, 0x07, 0x07, 0x07, 0x06, 0x14, 0x14, 0x15, 0x18, 0x18, 0x18, 0x18, 0x16, 0x17, 0x14, 0x03, 0x04, 0x03, 0x03, 0x04, 0x03, 0x10, 0x18, 0x13, 0x25, 0x2b, 0x2a, 0x28,
  0x28, 0x29, 0x2c, 0x23, 0x13, 0x17, 0x06, 0x04, 0x04, 0x02, 0x10, 0x16, 0x15, 0x16, 0x18, 0x18, 0x18, 0x19, 0x19, 0x11, 0x06, 0x03, 0x03, 0x0a, 0x0a, 0x07, 0x0c, 0x05, 0x12, 0x1e, 0x16, 0x16, 0x15, 0x18, 0x19, 0x1e, 0x1e, 0x29, 0x2c, 0x29, 0x29, 0x28, 0x28, 0x1d, 0x0d, 0x1b, 0x1b, 0x1b, 0x1b, 0x1a, 0x1c, 0x1c, 0x1c, 0x1c, 0x1c, 0x1c, 0x1c, 0x1c, 0x1c, 0x1c, 0x1c, 0x1c, 0x1c, 0x1c, 0x1c, 0x1c, 0x1b, 0x1b, 0x1b, 0x0d, 0x22, 0x2c, 0x28, 0x29, 0x29, 0x2a, 0x2d, 0x2a, 0x12, 0x02, 0x02, 0x0a, 0x04, 0x07, 0x09, 0x09, 0x07, 0x09, 0x07, 0x07, 0x0b, 0x03, 0x12, 0x16, 0x16, 0x18, 0x18, 0x18, 0x16, 0x17, 0x13, 0x02, 0x02, 0x02, 0x06, 0x0a, 0x03, 0x10, 0x17, 0x13, 0x25, 0x2c, 0x2a, 0x28,
  0x28, 0x2a, 0x2c, 0x23, 0x13, 0x17, 0x06, 0x04, 0x0b, 0x03, 0x10, 0x16, 0x15, 0x18, 0x18, 0x19, 0x18, 0x19, 0x19, 0x17, 0x11, 0x02, 0x0a, 0x0b, 0x08, 0x07, 0x08, 0x06, 0x0f, 0x12, 0x17, 0x18, 0x16, 0x18, 0x19, 0x19, 0x19, 0x21, 0x27, 0x2d, 0x2b, 0x2a, 0x2c, 0x26, 0x27, 0x22, 0x0d, 0x1b, 0x1b, 0x1b, 0x1d, 0x1c, 0x1d, 0x1d, 0x1d, 0x1c, 0x1d, 0x1c, 0x1c, 0x1b, 0x1b, 0x1c, 0x1c, 0x1d, 0x1c, 0x1b, 0x1b, 0x0d, 0x22, 0x26, 0x27, 0x2c, 0x2a, 0x29, 0x2d, 0x26, 0x1e, 0x1f, 0x0c, 0x04, 0x0a, 0x0a, 0x08, 0x07, 0x07, 0x07, 0x07, 0x07, 0x07, 0x07, 0x0b, 0x09, 0x0b, 0x12, 0x18, 0x18, 0x18, 0x18, 0x18, 0x16, 0x14, 0x12, 0x0b, 0x03, 0x06, 0x09, 0x04, 0x10, 0x17, 0x13, 0x25, 0x2c, 0x2a, 0x28,
  0x28, 0x2a, 0x2c, 0x23, 0x13, 0x14, 0x04, 0x04, 0x05, 0x08, 0x06, 0x11, 0x16, 0x18, 0x18, 0x19, 0x18, 0x19, 0x19, 0x18, 0x14, 0x11, 0x02, 0x03, 0x0b, 0x0b, 0x07, 0x0a, 0x04, 0x03, 0x12, 0x15, 0x18, 0x18, 0x18, 0x18, 0x19, 0x13, 0x21, 0x23, 0x23, 0x2d, 0x2c, 0x2a, 0x2c, 0x27, 0x25, 0x25, 0x25, 0x1d, 0x1a, 0x1a, 0x1a, 0x1a, 0x1a, 0x1a, 0x1a, 0x1b, 0x1b, 0x1b, 0x0d, 0x1b, 0x1b, 0x1a, 0x1d, 0x25, 0x25, 0x25, 0x27, 0x2c, 0x2c, 0x2a, 0x2d, 0x2d, 0x25, 0x14, 0x01, 0x02, 0x0b, 0x07, 0x0a, 0x0a, 0x04, 0x07, 0x07, 0x07, 0x07, 0x06, 0x0b, 0x0b, 0x07, 0x0b, 0x03, 0x11, 0x18, 0x18, 0x18, 0x18, 0x18, 0x15, 0x15, 0x16, 0x0f, 0x03, 0x0b, 0x04, 0x02, 0x10, 0x17, 0x13, 0x25, 0x2c, 0x2a, 0x28,
  0x28, 0x2a, 0x2c, 0x23, 0x12, 0x14, 0x03, 0x08, 0x0c, 0x0c, 0x05, 0x0f, 0x17, 0x18, 0x19, 0x19, 0x19, 0x18, 0x17, 0x16, 0x17, 0x14, 0x12, 0x12, 0x05, 0x09, 0x07, 0x04, 0x0a, 0x0a, 0x02, 0x14, 0x19, 0x18, 0x18, 0x18, 0x18, 0x18, 0x13, 0x11, 0x1f, 0x25, 0x25, 0x2a, 0x2b, 0x2b, 0x2b, 0x2c, 0x2d, 0x24, 0x22, 0x24, 0x22, 0x22, 0x22, 0x22, 0x22, 0x22, 0x22, 0x22, 0x22, 0x22, 0x22, 0x22, 0x24, 0x2d, 0x2d, 0x2d, 0x2a, 0x29, 0x2a, 0x2d, 0x25, 0x25, 0x1e, 0x01, 0x0b, 0x04, 0x04, 0x0a, 0x07, 0x07, 0x06, 0x06, 0x06, 0x07, 0x0b, 0x07, 0x0b, 0x07, 0x07, 0x0b, 0x03, 0x12, 0x18, 0x18, 0x18, 0x18, 0x17, 0x16, 0x15, 0x16, 0x0f, 0x04, 0x0a, 0x0a, 0x02, 0x10, 0x18, 0x13, 0x25, 0x2c, 0x2a, 0x28,
  0x28, 0x2a, 0x2c, 0x23, 0x13, 0x14, 0x03, 0x05, 0x0c, 0x0e, 0x06, 0x0f, 0x14, 0x19, 0x19, 0x18, 0x18, 0x18, 0x18, 0x16, 0x16, 0x18, 0x19, 0x17, 0x12, 0x10, 0x07, 0x07, 0x04, 0x0a, 0x0a, 0x11, 0x18, 0x19, 0x18, 0x18, 0x18, 0x18, 0x17, 0x18, 0x18, 0x13, 0x13, 0x25, 0x25, 0x27, 0x2b, 0x2a, 0x2c, 0x2d, 0x2d, 0x2d, 0x2d, 0x2d, 0x2d, 0x2d, 0x2d, 0x2d, 0x2c, 0x2c, 0x2c, 0x2c, 0x2c, 0x2c, 0x2c, 0x2a, 0x2a, 0x2a, 0x2a, 0x2b, 0x29, 0x25, 0x10, 0x02, 0x03, 0x0a, 0x02, 0x02, 0x06, 0x09, 0x08, 0x0a, 0x07, 0x07, 0x07, 0x06, 0x07, 0x07, 0x06, 0x07, 0x07, 0x0b, 0x03, 0x12, 0x19, 0x16, 0x16, 0x16, 0x16, 0x17, 0x17, 0x17, 0x0f, 0x03, 0x04, 0x0a, 0x02, 0x10, 0x17, 0x13, 0x25, 0x2c, 0x2a, 0x28,
  0x28, 0x2a, 0x2c, 0x23, 0x13, 0x14, 0x08, 0x05, 0x0c, 0x05, 0x08, 0x0c, 0x0e, 0x16, 0x19, 0x18, 0x18, 0x18, 0x18, 0x16, 0x15, 0x17, 0x18, 0x19, 0x1e, 0x11, 0x03, 0x07, 0x06, 0x07, 0x0b, 0x05, 0x14, 0x18, 0x18, 0x18, 0x17, 0x18, 0x18, 0x18, 0x19, 0x18, 0x16, 0x13, 0x11, 0x23, 0x29, 0x28, 0x29, 0x29, 0x2a, 0x2a, 0x2a, 0x2a, 0x2a, 0x29, 0x29, 0x2a, 0x29, 0x29, 0x29, 0x29, 0x29, 0x29, 0x2a, 0x2a, 0x2a, 0x2a, 0x2a, 0x2a, 0x25, 0x02, 0x11, 0x10, 0x0c, 0x0a, 0x04, 0x04, 0x07, 0x07, 0x0b, 0x09, 0x07, 0x04, 0x07, 0x06, 0x04, 0x04, 0x07, 0x09, 0x09, 0x0b, 0x03, 0x12, 0x19, 0x17, 0x16, 0x16, 0x16, 0x17, 0x18, 0x16, 0x0f, 0x0a, 0x06, 0x04, 0x04, 0x10, 0x17, 0x13, 0x25, 0x2c, 0x2a, 0x28,
  0x28, 0x2a, 0x2c, 0x23, 0x13, 0x16, 0x14, 0x10, 0x03, 0x0e, 0x05, 0x0e, 0x10, 0x0f, 0x13, 0x1e, 0x16, 0x15, 0x16, 0x15, 0x15, 0x16, 0x18, 0x19, 0x11, 0x0f, 0x0b, 0x06, 0x06, 0x08, 0x09, 0x0c, 0x05, 0x13, 0x18, 0x16, 0x16, 0x17, 0x18, 0x18, 0x18, 0x17, 0x15, 0x16, 0x16, 0x16, 0x17, 0x1e, 0x1e, 0x19, 0x26, 0x2d, 0x2b, 0x2a, 0x2a, 0x2a, 0x2a, 0x2a, 0x2a, 0x2a, 0x29, 0x2a, 0x2a, 0x2a, 0x2a, 0x2a, 0x29, 0x2d, 0x23, 0x10, 0x12, 0x10, 0x10, 0x0e, 0x04, 0x07, 0x04, 0x07, 0x07, 0x08, 0x07, 0x07, 0x07, 0x0a, 0x06, 0x03, 0x02, 0x04, 0x0a, 0x09, 0x09, 0x0b, 0x03, 0x12, 0x18, 0x15, 0x15, 0x15, 0x15, 0x18, 0x15, 0x0f, 0x0c, 0x0a, 0x0a, 0x0c, 0x09, 0x11, 0x18, 0x13, 0x25, 0x2c, 0x2a, 0x28,
  0x28, 0x2a, 0x2c, 0x23, 0x13, 0x17, 0x14, 0x10, 0x02, 0x0e, 0x0f, 0x0f, 0x0f, 0x0f, 0x10, 0x10, 0x11, 0x17, 0x16, 0x17, 0x11, 0x08, 0x11, 0x11, 0x0f, 0x0e, 0x05, 0x07, 0x07, 0x08, 0x0c, 0x0c, 0x0a, 0x06, 0x11, 0x17, 0x15, 0x18, 0x18, 0x18, 0x18, 0x17, 0x18, 0x16, 0x16, 0x15, 0x15, 0x18, 0x18, 0x18, 0x1e, 0x21, 0x21, 0x21, 0x1f, 0x1e, 0x1f, 0x1f, 0x1e, 0x1f, 0x29, 0x2b, 0x2b, 0x29, 0x29, 0x2c, 0x2d, 0x23, 0x14, 0x05, 0x0f, 0x10, 0x0c, 0x0c, 0x06, 0x07, 0x07, 0x07, 0x07, 0x07, 0x07, 0x07, 0x07, 0x03, 0x13, 0x14, 0x10, 0x04, 0x0a, 0x07, 0x0b, 0x06, 0x12, 0x18, 0x18, 0x16, 0x15, 0x15, 0x16, 0x18, 0x15, 0x0e, 0x0c, 0x0b, 0x0b, 0x0c, 0x08, 0x11, 0x1e, 0x13, 0x25, 0x2c, 0x2a, 0x28,
  0x28, 0x2a, 0x2c, 0x23, 0x13, 0x17, 0x16, 0x0e, 0x03, 0x0c, 0x0c, 0x0f, 0x0c, 0x0f, 0x0a, 0x02, 0x04, 0x12, 0x11, 0x12, 0x0a, 0x03, 0x08, 0x06, 0x0b, 0x04, 0x04, 0x09, 0x0e, 0x0c, 0x0c, 0x09, 0x0a, 0x04, 0x0a, 0x11, 0x17, 0x1e, 0x18, 0x18, 0x18, 0x18, 0x18, 0x18, 0x18, 0x18, 0x18, 0x18, 0x18, 0x19, 0x18, 0x18, 0x18, 0x18, 0x15, 0x15, 0x13, 0x0e, 0x18, 0x25, 0x29, 0x29, 0x29, 0x2b, 0x27, 0x1f, 0x1f, 0x10, 0x03, 0x11, 0x10, 0x0f, 0x0c, 0x0c, 0x08, 0x07, 0x07, 0x07, 0x09, 0x04, 0x0a, 0x0a, 0x0a, 0x06, 0x14, 0x17, 0x11, 0x03, 0x0a, 0x0a, 0x0a, 0x03, 0x14, 0x1e, 0x16, 0x15, 0x15, 0x15, 0x15, 0x19, 0x16, 0x0e, 0x0b, 0x0c, 0x0f, 0x0f, 0x06, 0x10, 0x1e, 0x13, 0x25, 0x2c, 0x2a, 0x28,
  0x28, 0x2a, 0x2c, 0x23, 0x13, 0x16, 0x15, 0x13, 0x11, 0x0e, 0x0e, 0x0f, 0x0f, 0x0b, 0x0a, 0x0a, 0x02, 0x02, 0x02, 0x02, 0x04, 0x0b, 0x09, 0x04, 0x02, 0x04, 0x07, 0x08, 0x0e, 0x08, 0x08, 0x04, 0x04, 0x04, 0x02, 0x04, 0x13, 0x15, 0x18, 0x18, 0x16, 0x16, 0x18, 0x18, 0x18, 0x18, 0x18, 0x18, 0x18, 0x18, 0x19, 0x19, 0x19, 0x19, 0x18, 0x13, 0x21, 0x23, 0x25, 0x2b, 0x29, 0x2b, 0x2d, 0x26, 0x1f, 0x01, 0x01, 0x0a, 0x10, 0x0f, 0x0f, 0x0e, 0x09, 0x07, 0x0b, 0x0b, 0x07, 0x09, 0x07, 0x0b, 0x07, 0x0a, 0x07, 0x08, 0x14, 0x17, 0x13, 0x10, 0x04, 0x0a, 0x0a, 0x03, 0x12, 0x12, 0x13, 0x15, 0x15, 0x15, 0x18, 0x16, 0x12, 0x0c, 0x0c, 0x0f, 0x10, 0x0c, 0x0f, 0x13, 0x1e, 0x13, 0x25, 0x2c, 0x2a, 0x28,
  0x28, 0x2a, 0x2d, 0x23, 0x13, 0x16, 0x15, 0x19, 0x13, 0x0e, 0x10, 0x0e, 0x0c, 0x04, 0x03, 0x04, 0x04, 0x04, 0x0a, 0x0a, 0x0b, 0x09, 0x05, 0x06, 0x06, 0x06, 0x07, 0x07, 0x0b, 0x08, 0x04, 0x04, 0x02, 0x04, 0x0a, 0x0c, 0x06, 0x12, 0x14, 0x14, 0x17, 0x18, 0x18, 0x18, 0x18, 0x19, 0x19, 0x18, 0x18, 0x17, 0x18, 0x19, 0x18, 0x19, 0x21, 0x21, 0x26, 0x2d, 0x2b, 0x29, 0x2a, 0x25, 0x26, 0x1f, 0x01, 0x0a, 0x0a, 0x0a, 0x0e, 0x0f, 0x0c, 0x0c, 0x07, 0x07, 0x07, 0x0b, 0x0b, 0x0b, 0x08, 0x08, 0x0b, 0x0b, 0x06, 0x06, 0x15, 0x17, 0x17, 0x12, 0x02, 0x0b, 0x0a, 0x0a, 0x04, 0x02, 0x10, 0x17, 0x15, 0x16, 0x17, 0x12, 0x05, 0x0c, 0x0c, 0x10, 0x0c, 0x08, 0x11, 0x1e, 0x1e, 0x15, 0x25, 0x2c, 0x2a, 0x28,
  0x28, 0x2a, 0x2c, 0x23, 0x13, 0x17, 0x15, 0x18, 0x13, 0x0f, 0x0e, 0x0c, 0x0b, 0x0a, 0x07, 0x04, 0x0a, 0x07, 0x07, 0x08, 0x08, 0x0e, 0x0c, 0x03, 0x03, 0x07, 0x07, 0x07, 0x07, 0x08, 0x04, 0x03, 0x04, 0x04, 0x0b, 0x0f, 0x10, 0x10, 0x03, 0x12, 0x16, 0x16, 0x16, 0x16, 0x18, 0x18, 0x19, 0x19, 0x18, 0x15, 0x15, 0x1e, 0x1e, 0x21, 0x2c, 0x2d, 0x2b, 0x2a, 0x29, 0x27, 0x27, 0x12, 0x01, 0x0a, 0x0c, 0x04, 0x02, 0x04, 0x04, 0x0c, 0x0c, 0x0c, 0x05, 0x07, 0x07, 0x0c, 0x0f, 0x0f, 0x0f, 0x0c, 0x07, 0x04, 0x07, 0x06, 0x14, 0x16, 0x17, 0x12, 0x02, 0x0a, 0x04, 0x04, 0x0a, 0x02, 0x11, 0x16, 0x14, 0x16, 0x12, 0x05, 0x10, 0x0f, 0x0f, 0x10, 0x0c, 0x05, 0x11, 0x19, 0x1e, 0x15, 0x25, 0x2c, 0x2a, 0x28,
  0x28, 0x2a, 0x2c, 0x23, 0x13, 0x18, 0x16, 0x18, 0x1e, 0x13, 0x05, 0x07, 0x0b, 0x0b, 0x0b, 0x07, 0x0a, 0x0b, 0x07, 0x07, 0x0b, 0x0f, 0x0e, 0x06, 0x04, 0x09, 0x09, 0x09, 0x0b, 0x07, 0x04, 0x02, 0x0a, 0x0b, 0x0c, 0x0c, 0x0f, 0x0c, 0x0b, 0x0b, 0x06, 0x05, 0x14, 0x16, 0x16, 0x18, 0x19, 0x1e, 0x18, 0x14, 0x12, 0x21, 0x2a, 0x2a, 0x2a, 0x2a, 0x2c, 0x2d, 0x26, 0x0a, 0x10, 0x0a, 0x0a, 0x0a, 0x0a, 0x07, 0x04, 0x02, 0x04, 0x0e, 0x0f, 0x0e, 0x06, 0x03, 0x05, 0x0e, 0x0f, 0x0f, 0x0f, 0x0e, 0x06, 0x07, 0x07, 0x07, 0x05, 0x14, 0x1e, 0x13, 0x03, 0x04, 0x04, 0x04, 0x02, 0x02, 0x06, 0x0e, 0x06, 0x03, 0x03, 0x0b, 0x0e, 0x0f, 0x0f, 0x0e, 0x0c, 0x03, 0x11, 0x19, 0x19, 0x15, 0x25, 0x2c, 0x2a, 0x28,
  0x28, 0x2a, 0x2c, 0x23, 0x13, 0x18, 0x18, 0x18, 0x1e, 0x13, 0x03, 0x0b, 0x0b, 0x0c, 0x0c, 0x0b, 0x07, 0x07, 0x04, 0x04, 0x06, 0x09, 0x09, 0x08, 0x03, 0x03, 0x03, 0x03, 0x03, 0x0b, 0x0a, 0x04, 0x07, 0x0c, 0x0c, 0x0c, 0x0c, 0x0c, 0x0c, 0x0c, 0x04, 0x02, 0x0a, 0x0a, 0x12, 0x17, 0x17, 0x13, 0x13, 0x25, 0x26, 0x26, 0x29, 0x2a, 0x2d, 0x2d, 0x23, 0x17, 0x14, 0x02, 0x02, 0x04, 0x0c, 0x0a, 0x0a, 0x0a, 0x04, 0x02, 0x02, 0x0e, 0x0f, 0x10, 0x0b, 0x02, 0x12, 0x17, 0x18, 0x18, 0x18, 0x1e, 0x12, 0x03, 0x0b, 0x06, 0x06, 0x11, 0x11, 0x11, 0x04, 0x02, 0x02, 0x03, 0x04, 0x0a, 0x0b, 0x0a, 0x04, 0x02, 0x02, 0x07, 0x0c, 0x0f, 0x10, 0x0e, 0x0c, 0x06, 0x11, 0x1e, 0x1e, 0x15, 0x25, 0x2c, 0x2a, 0x28,
  0x28, 0x2a, 0x2c, 0x23, 0x13, 0x18, 0x18, 0x18, 0x18, 0x15, 0x11, 0x03, 0x0b, 0x0c, 0x0b, 0x0b, 0x07, 0x07, 0x05, 0x07, 0x0b, 0x05, 0x03, 0x05, 0x13, 0x13, 0x13, 0x13, 0x12, 0x02, 0x02, 0x07, 0x0c, 0x09, 0x0b, 0x0b, 0x0c, 0x0c, 0x0c, 0x0f, 0x10, 0x0c, 0x02, 0x01, 0x01, 0x01, 0x1f, 0x25, 0x25, 0x29, 0x2b, 0x2b, 0x2d, 0x28, 0x1f, 0x23, 0x14, 0x02, 0x05, 0x0f, 0x07, 0x06, 0x0c, 0x0a, 0x04, 0x04, 0x02, 0x12, 0x13, 0x14, 0x15, 0x11, 0x05, 0x02, 0x12, 0x19, 0x19, 0x1e, 0x13, 0x12, 0x10, 0x06, 0x0a, 0x04, 0x06, 0x08, 0x0e, 0x0e, 0x07, 0x04, 0x02, 0x02, 0x04, 0x04, 0x0c, 0x0b, 0x0b, 0x04, 0x04, 0x04, 0x0a, 0x0c, 0x0f, 0x0c, 0x0f, 0x05, 0x11, 0x1e, 0x19, 0x15, 0x25, 0x2c, 0x2a, 0x28,
  0x28, 0x2a, 0x2c, 0x23, 0x13, 0x18, 0x18, 0x18, 0x18, 0x18, 0x14, 0x11, 0x0b, 0x06, 0x07, 0x04, 0x06, 0x07, 0x07, 0x0b, 0x06, 0x11, 0x13, 0x13, 0x18, 0x19, 0x17, 0x17, 0x14, 0x12, 0x12, 0x0f, 0x0c, 0x0f, 0x04, 0x04, 0x07, 0x0b, 0x0f, 0x10, 0x0f, 0x02, 0x01, 0x1f, 0x1f, 0x1f, 0x25, 0x2d, 0x2b, 0x2b, 0x2b, 0x26, 0x23, 0x23, 0x01, 0x02, 0x0e, 0x10, 0x0f, 0x0e, 0x05, 0x06, 0x08, 0x0c, 0x04, 0x02, 0x10, 0x14, 0x16, 0x18, 0x19, 0x13, 0x13, 0x11, 0x13, 0x16, 0x17, 0x13, 0x05, 0x03, 0x04, 0x07, 0x07, 0x04, 0x08, 0x05, 0x0e, 0x0c, 0x0b, 0x0a, 0x02, 0x02, 0x04, 0x0a, 0x0c, 0x0c, 0x0a, 0x04, 0x04, 0x04, 0x0a, 0x0b, 0x0c, 0x0c, 0x08, 0x11, 0x14, 0x19, 0x19, 0x15, 0x25, 0x2c, 0x2a, 0x28,
  0x28, 0x2a, 0x2c, 0x25, 0x13, 0x18, 0x18, 0x16, 0x16, 0x15, 0x16, 0x16, 0x03, 0x02, 0x0b, 0x04, 0x05, 0x06, 0x09, 0x0c, 0x03, 0x11, 0x14, 0x15, 0x19, 0x18, 0x17, 0x15, 0x15, 0x18, 0x19, 0x13, 0x11, 0x0c, 0x04, 0x02, 0x04, 0x0b, 0x0e, 0x05, 0x14, 0x1f, 0x1f, 0x27, 0x2d, 0x2b, 0x2b, 0x29, 0x2b, 0x26, 0x26, 0x1f, 0x01, 0x01, 0x0b, 0x10, 0x10, 0x0e, 0x0e, 0x0c, 0x0c, 0x0c, 0x06, 0x07, 0x0c, 0x11, 0x14, 0x15, 0x15, 0x15, 0x18, 0x19, 0x1e, 0x1e, 0x18, 0x16, 0x14, 0x06, 0x07, 0x0b, 0x07, 0x07, 0x07, 0x07, 0x07, 0x05, 0x08, 0x08, 0x08, 0x0a, 0x04, 0x0a, 0x0b, 0x0a, 0x0a, 0x0b, 0x0a, 0x04, 0x06, 0x04, 0x06, 0x05, 0x0b, 0x09, 0x05, 0x13, 0x1e, 0x18, 0x19, 0x15, 0x25, 0x2c, 0x2a, 0x28,
  0x28, 0x2a, 0x2c, 0x23, 0x13, 0x18, 0x18, 0x16, 0x16, 0x16, 0x16, 0x14, 0x06, 0x02, 0x03, 0x06, 0x08, 0x09, 0x0e, 0x0e, 0x09, 0x05, 0x03, 0x11, 0x19, 0x18, 0x18, 0x18, 0x15, 0x16, 0x18, 0x1e, 0x12, 0x08, 0x04, 0x02, 0x02, 0x02, 0x12, 0x11, 0x1f, 0x2d, 0x2d, 0x2a, 0x29, 0x29, 0x27, 0x26, 0x27, 0x14, 0x01, 0x02, 0x0f, 0x0b, 0x04, 0x07, 0x0c, 0x0e, 0x0e, 0x0f, 0x0e, 0x0e, 0x0e, 0x05, 0x11, 0x17, 0x15, 0x15, 0x15, 0x15, 0x15, 0x18, 0x19, 0x18, 0x18, 0x14, 0x03, 0x06, 0x07, 0x07, 0x07, 0x05, 0x08, 0x07, 0x07, 0x07, 0x04, 0x03, 0x04, 0x08, 0x0c, 0x0c, 0x0c, 0x07, 0x04, 0x07, 0x07, 0x07, 0x0c, 0x0b, 0x0a, 0x04, 0x09, 0x0b, 0x03, 0x13, 0x19, 0x18, 0x18, 0x13, 0x25, 0x2c, 0x2a, 0x28,
  0x28, 0x2a, 0x2c, 0x25, 0x13, 0x18, 0x18, 0x17, 0x16, 0x16, 0x16, 0x15, 0x14, 0x0b, 0x03, 0x07, 0x05, 0x0e, 0x0e, 0x05, 0x0b, 0x09, 0x0e, 0x11, 0x19, 0x18, 0x18, 0x18, 0x17, 0x16, 0x17, 0x16, 0x12, 0x10, 0x10, 0x02, 0x02, 0x01, 0x25, 0x2a, 0x28, 0x2a, 0x2a, 0x2a, 0x2d, 0x25, 0x14, 0x0a, 0x0a, 0x02, 0x02, 0x04, 0x07, 0x06, 0x04, 0x09, 0x07, 0x08, 0x0c, 0x09, 0x0e, 0x0c, 0x0e, 0x13, 0x19, 0x18, 0x16, 0x16, 0x15, 0x15, 0x15, 0x16, 0x19, 0x12, 0x0e, 0x0f, 0x0c, 0x08, 0x07, 0x07, 0x09, 0x07, 0x09, 0x08, 0x07, 0x09, 0x06, 0x02, 0x0a, 0x0f, 0x0f, 0x0e, 0x0f, 0x07, 0x06, 0x06, 0x07, 0x0b, 0x0c, 0x09, 0x0b, 0x07, 0x0a, 0x04, 0x03, 0x12, 0x19, 0x17, 0x18, 0x13, 0x25, 0x2c, 0x2a, 0x28,
  0x28, 0x2a, 0x2c, 0x23, 0x13, 0x18, 0x17, 0x18, 0x17, 0x16, 0x16, 0x15, 0x15, 0x14, 0x10, 0x03, 0x0e, 0x0e, 0x09, 0x0e, 0x09, 0x05, 0x10, 0x17, 0x18, 0x19, 0x19, 0x19, 0x19, 0x18, 0x17, 0x10, 0x02, 0x01, 0x14, 0x26, 0x26, 0x26, 0x27, 0x2a, 0x2c, 0x2d, 0x2d, 0x1f, 0x17, 0x14, 0x02, 0x02, 0x02, 0x02, 0x02, 0x03, 0x07, 0x07, 0x07, 0x04, 0x07, 0x07, 0x0c, 0x07, 0x09, 0x0c, 0x0e, 0x14, 0x1e, 0x18, 0x18, 0x16, 0x15, 0x16, 0x15, 0x15, 0x17, 0x15, 0x14, 0x12, 0x0f, 0x0c, 0x06, 0x09, 0x09, 0x05, 0x07, 0x08, 0x07, 0x07, 0x07, 0x07, 0x03, 0x0e, 0x15, 0x17, 0x12, 0x03, 0x0b, 0x07, 0x08, 0x0e, 0x09, 0x0b, 0x07, 0x04, 0x04, 0x04, 0x02, 0x12, 0x18, 0x17, 0x18, 0x13, 0x25, 0x2c, 0x2a, 0x28,
  0x28, 0x2a, 0x2c, 0x23, 0x13, 0x18, 0x17, 0x18, 0x18, 0x16, 0x15, 0x15, 0x15, 0x16, 0x14, 0x11, 0x05, 0x05, 0x0b, 0x0e, 0x0e, 0x0b, 0x0c, 0x12, 0x11, 0x11, 0x12, 0x13, 0x13, 0x12, 0x03, 0x01, 0x1f, 0x23, 0x25, 0x2b, 0x29, 0x29, 0x2b, 0x2d, 0x26, 0x1f, 0x1f, 0x10, 0x02, 0x03, 0x07, 0x03, 0x02, 0x02, 0x02, 0x02, 0x04, 0x07, 0x07, 0x0a, 0x04, 0x09, 0x0b, 0x07, 0x09, 0x0c, 0x0e, 0x11, 0x12, 0x14, 0x18, 0x17, 0x16, 0x15, 0x15, 0x15, 0x15, 0x18, 0x1e, 0x18, 0x10, 0x08, 0x09, 0x0b, 0x09, 0x08, 0x0b, 0x07, 0x07, 0x05, 0x03, 0x10, 0x14, 0x14, 0x18, 0x18, 0x15, 0x12, 0x03, 0x03, 0x0c, 0x08, 0x07, 0x0b, 0x07, 0x04, 0x04, 0x02, 0x10, 0x14, 0x18, 0x17, 0x17, 0x13, 0x25, 0x2c, 0x2a, 0x28,
  0x28, 0x2a, 0x2c, 0x23, 0x13, 0x18, 0x17, 0x17, 0x18, 0x16, 0x15, 0x15, 0x15, 0x16, 0x19, 0x15, 0x13, 0x13, 0x05, 0x08, 0x0b, 0x0b, 0x02, 0x02, 0x02, 0x03, 0x0f, 0x0e, 0x03, 0x11, 0x23, 0x1f, 0x26, 0x2d, 0x2b, 0x29, 0x2a, 0x2b, 0x23, 0x23, 0x1f, 0x01, 0x02, 0x07, 0x0c, 0x0c, 0x0c, 0x07, 0x04, 0x04, 0x04, 0x04, 0x04, 0x0b, 0x07, 0x07, 0x07, 0x07, 0x07, 0x07, 0x09, 0x05, 0x08, 0x05, 0x02, 0x11, 0x1e, 0x18, 0x18, 0x16, 0x15, 0x15, 0x16, 0x12, 0x13, 0x13, 0x0f, 0x0c, 0x0e, 0x0c, 0x0b, 0x08, 0x07, 0x07, 0x09, 0x05, 0x11, 0x13, 0x19, 0x18, 0x15, 0x15, 0x17, 0x15, 0x13, 0x12, 0x0c, 0x07, 0x0b, 0x09, 0x09, 0x06, 0x0b, 0x02, 0x13, 0x18, 0x17, 0x17, 0x17, 0x13, 0x23, 0x2c, 0x2a, 0x28,
  0x28, 0x2a, 0x2c, 0x23, 0x13, 0x17, 0x16, 0x16, 0x16, 0x15, 0x15, 0x15, 0x16, 0x18, 0x18, 0x19, 0x1e, 0x1e, 0x13, 0x08, 0x08, 0x09, 0x04, 0x04, 0x02, 0x02, 0x03, 0x14, 0x1e, 0x1f, 0x2d, 0x2d, 0x2b, 0x29, 0x29, 0x27, 0x25, 0x26, 0x14, 0x01, 0x02, 0x10, 0x10, 0x0c, 0x07, 0x07, 0x07, 0x0b, 0x0a, 0x04, 0x03, 0x08, 0x07, 0x07, 0x07, 0x07, 0x07, 0x07, 0x05, 0x05, 0x05, 0x05, 0x05, 0x08, 0x07, 0x0e, 0x15, 0x18, 0x18, 0x18, 0x16, 0x14, 0x12, 0x02, 0x03, 0x03, 0x07, 0x0e, 0x0e, 0x05, 0x08, 0x07, 0x07, 0x07, 0x09, 0x03, 0x14, 0x1e, 0x18, 0x16, 0x15, 0x15, 0x15, 0x18, 0x19, 0x17, 0x0f, 0x09, 0x09, 0x07, 0x07, 0x0c, 0x0c, 0x03, 0x13, 0x18, 0x17, 0x17, 0x18, 0x13, 0x23, 0x2c, 0x2a, 0x28,
  0x28, 0x2a, 0x2c, 0x25, 0x13, 0x18, 0x16, 0x16, 0x15, 0x15, 0x16, 0x17, 0x17, 0x18, 0x19, 0x18, 0x18, 0x19, 0x19, 0x11, 0x0e, 0x05, 0x02, 0x02, 0x10, 0x12, 0x0a, 0x25, 0x2d, 0x2c, 0x2a, 0x2a, 0x28, 0x27, 0x28, 0x23, 0x01, 0x02, 0x04, 0x0b, 0x0c, 0x07, 0x0b, 0x0b, 0x07, 0x07, 0x07, 0x0a, 0x04, 0x0a, 0x04, 0x07, 0x07, 0x07, 0x07, 0x07, 0x09, 0x09, 0x09, 0x09, 0x09, 0x09, 0x08, 0x05, 0x07, 0x08, 0x0e, 0x15, 0x19, 0x16, 0x14, 0x14, 0x03, 0x04, 0x0b, 0x0b, 0x07, 0x09, 0x09, 0x09, 0x05, 0x07, 0x07, 0x07, 0x09, 0x03, 0x13, 0x19, 0x18, 0x16, 0x15, 0x15, 0x17, 0x18, 0x18, 0x16, 0x0e, 0x04, 0x07, 0x07, 0x08, 0x0e, 0x0c, 0x03, 0x13, 0x18, 0x17, 0x18, 0x18, 0x13, 0x23, 0x2c, 0x2a, 0x28,
  0x2a, 0x2a, 0x2c, 0x25, 0x13, 0x18, 0x16, 0x15, 0x15, 0x15, 0x16, 0x17, 0x18, 0x18, 0x18, 0x18, 0x18, 0x19, 0x19, 0x1e, 0x14, 0x05, 0x02, 0x01, 0x25, 0x29, 0x27, 0x29, 0x2a, 0x2a, 0x2c, 0x2d, 0x23, 0x0a, 0x10, 0x02, 0x02, 0x0c, 0x0b, 0x04, 0x07, 0x04, 0x07, 0x09, 0x09, 0x06, 0x06, 0x0c, 0x07, 0x07, 0x04, 0x07, 0x07, 0x07, 0x07, 0x07, 0x04, 0x04, 0x07, 0x05, 0x0c, 0x09, 0x05, 0x07, 0x07, 0x05, 0x12, 0x17, 0x1e, 0x13, 0x0e, 0x0a, 0x04, 0x0b, 0x07, 0x07, 0x05, 0x04, 0x07, 0x09, 0x08, 0x07, 0x07, 0x07, 0x07, 0x03, 0x13, 0x18, 0x18, 0x16, 0x16, 0x18, 0x18, 0x18, 0x19, 0x16, 0x0e, 0x07, 0x07, 0x07, 0x0e, 0x0e, 0x0e, 0x03, 0x13, 0x18, 0x16, 0x18, 0x18, 0x13, 0x23, 0x2c, 0x29, 0x28,
  0x2a, 0x2a, 0x2d, 0x25, 0x13, 0x18, 0x15, 0x15, 0x15, 0x15, 0x15, 0x16, 0x18, 0x18, 0x18, 0x19, 0x19, 0x19, 0x15, 0x18, 0x13, 0x21, 0x27, 0x26, 0x27, 0x29, 0x29, 0x2b, 0x2d, 0x28, 0x1e, 0x17, 0x12, 0x02, 0x02, 0x02, 0x02, 0x07, 0x06, 0x06, 0x07, 0x04, 0x07, 0x09, 0x0b, 0x0b, 0x09, 0x0b, 0x0c, 0x0c, 0x0b, 0x07, 0x07, 0x07, 0x07, 0x07, 0x06, 0x06, 0x07, 0x07, 0x07, 0x05, 0x0e, 0x03, 0x12, 0x14, 0x1e, 0x14, 0x12, 0x10, 0x0c, 0x06, 0x04, 0x0a, 0x04, 0x04, 0x07, 0x07, 0x07, 0x07, 0x05, 0x07, 0x06, 0x07, 0x09, 0x03, 0x13, 0x18, 0x16, 0x18, 0x18, 0x18, 0x16, 0x18, 0x19, 0x17, 0x0e, 0x03, 0x06, 0x05, 0x05, 0x0e, 0x05, 0x13, 0x16, 0x17, 0x16, 0x18, 0x18, 0x13, 0x23, 0x2b, 0x29, 0x28,
  0x2c, 0x2a, 0x2d, 0x25, 0x15, 0x19, 0x18, 0x15, 0x15, 0x15, 0x15, 0x15, 0x16, 0x18, 0x19, 0x15, 0x15, 0x15, 0x25, 0x25, 0x25, 0x27, 0x2b, 0x2b, 0x2b, 0x2b, 0x29, 0x1f, 0x1f, 0x1f, 0x02, 0x02, 0x03, 0x0e, 0x04, 0x04, 0x02, 0x03, 0x07, 0x0b, 0x08, 0x0b, 0x0b, 0x06, 0x06, 0x07, 0x0c, 0x0b, 0x06, 0x0c, 0x08, 0x08, 0x07, 0x07, 0x07, 0x07, 0x07, 0x07, 0x06, 0x07, 0x07, 0x05, 0x05, 0x10, 0x14, 0x17, 0x12, 0x0d, 0x0a, 0x0c, 0x10, 0x09, 0x05, 0x04, 0x03, 0x03, 0x04, 0x07, 0x07, 0x07, 0x07, 0x08, 0x08, 0x07, 0x07, 0x03, 0x0f, 0x14, 0x16, 0x18, 0x18, 0x18, 0x18, 0x18, 0x14, 0x11, 0x0e, 0x07, 0x09, 0x07, 0x0c, 0x09, 0x05, 0x14, 0x18, 0x18, 0x18, 0x16, 0x17, 0x13, 0x23, 0x2b, 0x29, 0x28,
  0x2c, 0x2a, 0x2d, 0x25, 0x15, 0x19, 0x18, 0x17, 0x16, 0x16, 0x14, 0x13, 0x13, 0x13, 0x18, 0x23, 0x23, 0x23, 0x2a, 0x2d, 0x2d, 0x2d, 0x2b, 0x29, 0x23, 0x23, 0x23, 0x02, 0x01, 0x02, 0x0c, 0x0c, 0x0b, 0x0e, 0x07, 0x03, 0x02, 0x04, 0x07, 0x0b, 0x0e, 0x0c, 0x0b, 0x04, 0x03, 0x02, 0x03, 0x05, 0x11, 0x0f, 0x06, 0x06, 0x07, 0x08, 0x07, 0x07, 0x07, 0x0c, 0x09, 0x0b, 0x03, 0x11, 0x12, 0x14, 0x18, 0x14, 0x0d, 0x0d, 0x0d, 0x0b, 0x0c, 0x0e, 0x0e, 0x07, 0x03, 0x03, 0x0a, 0x08, 0x07, 0x08, 0x08, 0x09, 0x07, 0x07, 0x08, 0x09, 0x02, 0x12, 0x18, 0x19, 0x19, 0x19, 0x18, 0x18, 0x14, 0x02, 0x05, 0x05, 0x07, 0x0b, 0x0c, 0x09, 0x0e, 0x15, 0x19, 0x18, 0x18, 0x18, 0x18, 0x11, 0x23, 0x2b, 0x29, 0x28,
  0x27, 0x28, 0x2d, 0x25, 0x13, 0x19, 0x18, 0x18, 0x15, 0x14, 0x14, 0x1f, 0x1f, 0x1f, 0x21, 0x2c, 0x2d, 0x2d, 0x2c, 0x2c, 0x27, 0x26, 0x26, 0x25, 0x02, 0x01, 0x01, 0x04, 0x0b, 0x04, 0x05, 0x07, 0x08, 0x0e, 0x05, 0x04, 0x02, 0x03, 0x03, 0x04, 0x0c, 0x0e, 0x0e, 0x04, 0x02, 0x0c, 0x11, 0x11, 0x17, 0x10, 0x03, 0x06, 0x03, 0x05, 0x07, 0x07, 0x07, 0x0b, 0x07, 0x07, 0x03, 0x14, 0x18, 0x18, 0x17, 0x14, 0x0d, 0x0d, 0x0d, 0x0a, 0x0c, 0x0f, 0x0f, 0x0c, 0x07, 0x07, 0x0b, 0x0b, 0x09, 0x0b, 0x05, 0x05, 0x07, 0x07, 0x07, 0x07, 0x02, 0x12, 0x16, 0x17, 0x16, 0x15, 0x14, 0x16, 0x13, 0x03, 0x07, 0x08, 0x07, 0x04, 0x07, 0x0c, 0x0e, 0x15, 0x18, 0x18, 0x18, 0x18, 0x16, 0x1e, 0x25, 0x2b, 0x28, 0x26,
  0x00, 0x26, 0x2d, 0x25, 0x15, 0x18, 0x18, 0x19, 0x1e, 0x17, 0x1f, 0x2a, 0x29, 0x29, 0x2a, 0x2a, 0x2a, 0x2a, 0x28, 0x2c, 0x1f, 0x02, 0x0b, 0x02, 0x0c, 0x10, 0x0c, 0x04, 0x03, 0x06, 0x05, 0x07, 0x08, 0x0e, 0x0c, 0x07, 0x06, 0x03, 0x02, 0x0f, 0x11, 0x11, 0x10, 0x03, 0x04, 0x13, 0x17, 0x17, 0x17, 0x10, 0x06, 0x06, 0x06, 0x07, 0x0a, 0x07, 0x07, 0x0a, 0x07, 0x07, 0x03, 0x13, 0x14, 0x16, 0x14, 0x0d, 0x0d, 0x0d, 0x0d, 0x0a, 0x08, 0x0c, 0x0f, 0x0c, 0x0f, 0x09, 0x06, 0x08, 0x04, 0x04, 0x0c, 0x0f, 0x08, 0x0c, 0x07, 0x07, 0x03, 0x03, 0x0c, 0x0f, 0x0e, 0x05, 0x0e, 0x0e, 0x06, 0x09, 0x04, 0x08, 0x07, 0x04, 0x04, 0x0e, 0x0e, 0x15, 0x18, 0x18, 0x18, 0x18, 0x13, 0x26, 0x2b, 0x2a, 0x26, 0x00,
  0x00, 0x26, 0x2a, 0x2a, 0x25, 0x11, 0x15, 0x13, 0x25, 0x2a, 0x27, 0x29, 0x29, 0x29, 0x29, 0x2d, 0x26, 0x12, 0x12, 0x12, 0x10, 0x08, 0x0b, 0x07, 0x04, 0x07, 0x06, 0x06, 0x07, 0x07, 0x07, 0x0a, 0x07, 0x0e, 0x0f, 0x0e, 0x0c, 0x0a, 0x02, 0x12, 0x1e, 0x18, 0x0e, 0x03, 0x14, 0x16, 0x15, 0x15, 0x16, 0x10, 0x03, 0x05, 0x07, 0x07, 0x07, 0x07, 0x07, 0x06, 0x0a, 0x0b, 0x03, 0x06, 0x05, 0x11, 0x12, 0x0d, 0x0d, 0x0d, 0x0d, 0x0a, 0x0a, 0x0c, 0x0c, 0x0f, 0x0f, 0x0c, 0x0b, 0x06, 0x04, 0x02, 0x12, 0x14, 0x03, 0x07, 0x04, 0x07, 0x0b, 0x08, 0x07, 0x0b, 0x0c, 0x08, 0x0b, 0x0c, 0x0c, 0x0b, 0x07, 0x07, 0x04, 0x03, 0x04, 0x04, 0x05, 0x15, 0x19, 0x18, 0x18, 0x18, 0x13, 0x26, 0x2b, 0x2a, 0x26, 0x00,
  0x00, 0x25, 0x2a, 0x29, 0x29, 0x26, 0x26, 0x26, 0x29, 0x2c, 0x2a, 0x2c, 0x2c, 0x2a, 0x1f, 0x17, 0x14, 0x03, 0x03, 0x03, 0x06, 0x0b, 0x09, 0x07, 0x0b, 0x07, 0x0b, 0x06, 0x06, 0x07, 0x07, 0x07, 0x07, 0x08, 0x0c, 0x0e, 0x0e, 0x0b, 0x02, 0x12, 0x18, 0x18, 0x13, 0x14, 0x16, 0x16, 0x15, 0x14, 0x0f, 0x06, 0x05, 0x05, 0x05, 0x07, 0x07, 0x07, 0x07, 0x07, 0x0a, 0x06, 0x04, 0x04, 0x03, 0x10, 0x12, 0x0d, 0x0d, 0x0d, 0x0d, 0x0a, 0x0a, 0x0b, 0x0c, 0x0f, 0x0f, 0x0f, 0x0c, 0x04, 0x02, 0x12, 0x16, 0x13, 0x03, 0x04, 0x04, 0x08, 0x0c, 0x0c, 0x0c, 0x0c, 0x07, 0x07, 0x09, 0x08, 0x08, 0x07, 0x09, 0x08, 0x07, 0x04, 0x02, 0x02, 0x02, 0x15, 0x19, 0x18, 0x18, 0x18, 0x13, 0x26, 0x2b, 0x2a, 0x26, 0x00,
  0x00, 0x25, 0x2a, 0x29, 0x29, 0x2b, 0x2b, 0x2d, 0x2d, 0x2d, 0x28, 0x1f, 0x1f, 0x1f, 0x02, 0x01, 0x02, 0x0f, 0x0c, 0x0b, 0x06, 0x03, 0x03, 0x03, 0x03, 0x03, 0x03, 0x03, 0x07, 0x07, 0x07, 0x07, 0x07, 0x04, 0x0a, 0x0c, 0x0e, 0x0c, 0x02, 0x11, 0x13, 0x13, 0x18, 0x17, 0x16, 0x16, 0x16, 0x14, 0x02, 0x03, 0x05, 0x05, 0x05, 0x07, 0x07, 0x07, 0x07, 0x07, 0x08, 0x0b, 0x07, 0x0a, 0x03, 0x12, 0x12, 0x0d, 0x0d, 0x0d, 0x0d, 0x0d, 0x0d, 0x0a, 0x0c, 0x0c, 0x0f, 0x0f, 0x0e, 0x03, 0x11, 0x14, 0x16, 0x13, 0x03, 0x0a, 0x06, 0x05, 0x05, 0x0c, 0x0b, 0x0b, 0x0b, 0x07, 0x0b, 0x0b, 0x09, 0x09, 0x05, 0x09, 0x09, 0x04, 0x02, 0x02, 0x12, 0x15, 0x17, 0x17, 0x17, 0x18, 0x15, 0x26, 0x2c, 0x2a, 0x26, 0x00,
  0x00, 0x25, 0x2b, 0x29, 0x29, 0x29, 0x2c, 0x25, 0x23, 0x23, 0x23, 0x01, 0x01, 0x01, 0x02, 0x02, 0x04, 0x0c, 0x08, 0x05, 0x11, 0x12, 0x12, 0x12, 0x12, 0x12, 0x13, 0x11, 0x03, 0x0b, 0x07, 0x06, 0x04, 0x0a, 0x0a, 0x0a, 0x0c, 0x0e, 0x0a, 0x02, 0x02, 0x12, 0x16, 0x16, 0x17, 0x16, 0x16, 0x14, 0x03, 0x03, 0x05, 0x05, 0x05, 0x05, 0x09, 0x05, 0x07, 0x07, 0x06, 0x0b, 0x07, 0x07, 0x06, 0x10, 0x12, 0x0d, 0x0d, 0x0d, 0x0d, 0x0d, 0x0d, 0x0d, 0x0d, 0x0a, 0x10, 0x10, 0x0f, 0x11, 0x14, 0x15, 0x15, 0x14, 0x03, 0x02, 0x04, 0x05, 0x0b, 0x0b, 0x08, 0x0a, 0x0a, 0x0b, 0x07, 0x07, 0x05, 0x09, 0x09, 0x09, 0x07, 0x07, 0x03, 0x03, 0x16, 0x17, 0x16, 0x17, 0x18, 0x18, 0x15, 0x26, 0x2c, 0x2a, 0x26, 0x00,
  0x00, 0x25, 0x2a, 0x29, 0x2a, 0x29, 0x23, 0x10, 0x01, 0x02, 0x03, 0x11, 0x10, 0x0b, 0x03, 0x03, 0x02, 0x03, 0x0b, 0x03, 0x14, 0x1e, 0x19, 0x1e, 0x19, 0x18, 0x18, 0x12, 0x03, 0x09, 0x09, 0x04, 0x04, 0x0d, 0x0d, 0x0d, 0x0a, 0x0e, 0x0b, 0x02, 0x10, 0x18, 0x17, 0x17, 0x17, 0x16, 0x16, 0x14, 0x03, 0x08, 0x08, 0x08, 0x08, 0x09, 0x09, 0x07, 0x07, 0x04, 0x07, 0x07, 0x07, 0x06, 0x0b, 0x06, 0x0a, 0x0d, 0x0d, 0x0d, 0x0d, 0x0d, 0x0d, 0x0d, 0x0d, 0x0d, 0x10, 0x11, 0x13, 0x18, 0x16, 0x15, 0x16, 0x14, 0x04, 0x04, 0x04, 0x07, 0x0b, 0x07, 0x07, 0x06, 0x0a, 0x0b, 0x07, 0x07, 0x08, 0x0b, 0x07, 0x0b, 0x0b, 0x07, 0x03, 0x06, 0x15, 0x17, 0x16, 0x16, 0x18, 0x19, 0x18, 0x26, 0x2c, 0x2c, 0x27, 0x00,
  0x00, 0x25, 0x2b, 0x29, 0x2a, 0x2a, 0x14, 0x07, 0x10, 0x10, 0x10, 0x0f, 0x0c, 0x05, 0x03, 0x04, 0x02, 0x02, 0x05, 0x11, 0x17, 0x19, 0x19, 0x18, 0x17, 0x17, 0x11, 0x03, 0x0b, 0x07, 0x07, 0x0a, 0x0a, 0x0d, 0x0d, 0x0d, 0x0a, 0x08, 0x08, 0x03, 0x13, 0x16, 0x16, 0x15, 0x16, 0x16, 0x16, 0x16, 0x12, 0x10, 0x0e, 0x0c, 0x0b, 0x04, 0x07, 0x07, 0x08, 0x06, 0x07, 0x07, 0x07, 0x07, 0x07, 0x0c, 0x0a, 0x0a, 0x0d, 0x0d, 0x0d, 0x0d, 0x0d, 0x0d, 0x0d, 0x0d, 0x10, 0x13, 0x1e, 0x18, 0x16, 0x15, 0x16, 0x13, 0x03, 0x0b, 0x07, 0x07, 0x08, 0x07, 0x04, 0x07, 0x07, 0x04, 0x07, 0x07, 0x07, 0x09, 0x0a, 0x0b, 0x0c, 0x0c, 0x0b, 0x03, 0x14, 0x16, 0x15, 0x16, 0x17, 0x19, 0x18, 0x26, 0x2c, 0x2c, 0x27, 0x00,
  0x00, 0x25, 0x2a, 0x2a, 0x2a, 0x2a, 0x25, 0x12, 0x02, 0x10, 0x0e, 0x0e, 0x0c, 0x0a, 0x02, 0x02, 0x02, 0x04, 0x14, 0x17, 0x11, 0x11, 0x11, 0x11, 0x0f, 0x0f, 0x06, 0x03, 0x07, 0x07, 0x07, 0x0a, 0x0d, 0x0d, 0x0d, 0x0d, 0x0d, 0x0a, 0x03, 0x11, 0x14, 0x15, 0x15, 0x15, 0x16, 0x16, 0x16, 0x18, 0x1e, 0x12, 0x0e, 0x08, 0x07, 0x07, 0x07, 0x07, 0x08, 0x0b, 0x0b, 0x0b, 0x0b, 0x0b, 0x0b, 0x0b, 0x0c, 0x0a, 0x0a, 0x0d, 0x0d, 0x0d, 0x0d, 0x0d, 0x0d, 0x14, 0x17, 0x18, 0x18, 0x18, 0x18, 0x15, 0x16, 0x12, 0x04, 0x0c, 0x0c, 0x0b, 0x0b, 0x08, 0x0b, 0x0b, 0x07, 0x04, 0x07, 0x07, 0x07, 0x07, 0x06, 0x0c, 0x0e, 0x0f, 0x10, 0x11, 0x14, 0x16, 0x15, 0x15, 0x17, 0x18, 0x18, 0x26, 0x2c, 0x2c, 0x27, 0x00,
  0x00, 0x00, 0x27, 0x2a, 0x2a, 0x2a, 0x2a, 0x26, 0x1e, 0x02, 0x11, 0x0c, 0x0b, 0x04, 0x02, 0x02, 0x02, 0x03, 0x11, 0x11, 0x05, 0x05, 0x0e, 0x07, 0x06, 0x05, 0x05, 0x04, 0x07, 0x07, 0x0b, 0x0a, 0x0d, 0x0d, 0x0d, 0x0d, 0x0d, 0x0a, 0x03, 0x12, 0x17, 0x16, 0x15, 0x15, 0x15, 0x16, 0x18, 0x18, 0x18, 0x18, 0x11, 0x05, 0x0b, 0x07, 0x09, 0x07, 0x09, 0x07, 0x07, 0x07, 0x07, 0x08, 0x0a, 0x0b, 0x0b, 0x0b, 0x0b, 0x0a, 0x0a, 0x0a, 0x12, 0x14, 0x14, 0x14, 0x15, 0x17, 0x18, 0x18, 0x18, 0x16, 0x16, 0x13, 0x03, 0x0c, 0x0c, 0x0a, 0x0a, 0x08, 0x07, 0x07, 0x0c, 0x07, 0x07, 0x07, 0x06, 0x07, 0x0e, 0x0c, 0x0f, 0x0e, 0x11, 0x17, 0x15, 0x16, 0x16, 0x15, 0x16, 0x17, 0x16, 0x26, 0x2c, 0x2d, 0x27, 0x00,
  0x00, 0x00, 0x28, 0x2a, 0x2a, 0x2a, 0x2a, 0x2d, 0x27, 0x1e, 0x02, 0x10, 0x03, 0x03, 0x02, 0x02, 0x03, 0x03, 0x03, 0x03, 0x05, 0x07, 0x07, 0x07, 0x0c, 0x08, 0x09, 0x07, 0x07, 0x09, 0x07, 0x0a, 0x0d, 0x0d, 0x0d, 0x0d, 0x0d, 0x0a, 0x03, 0x11, 0x17, 0x17, 0x16, 0x15, 0x15, 0x16, 0x17, 0x18, 0x18, 0x19, 0x17, 0x12, 0x03, 0x08, 0x0b, 0x07, 0x07, 0x04, 0x06, 0x07, 0x07, 0x0a, 0x0b, 0x0b, 0x0b, 0x0c, 0x03, 0x12, 0x14, 0x13, 0x15, 0x18, 0x15, 0x14, 0x14, 0x17, 0x19, 0x1e, 0x1e, 0x19, 0x13, 0x10, 0x06, 0x0b, 0x07, 0x07, 0x07, 0x07, 0x04, 0x07, 0x07, 0x07, 0x07, 0x07, 0x06, 0x09, 0x0c, 0x0c, 0x0c, 0x0e, 0x11, 0x19, 0x17, 0x16, 0x15, 0x15, 0x16, 0x15, 0x13, 0x26, 0x2d, 0x27, 0x23, 0x00,
  0x00, 0x00, 0x28, 0x2a, 0x2a, 0x2a, 0x2c, 0x2a, 0x2d, 0x25, 0x17, 0x02, 0x02, 0x02, 0x02, 0x03, 0x0c, 0x0b, 0x06, 0x06, 0x07, 0x04, 0x03, 0x09, 0x0b, 0x07, 0x0b, 0x07, 0x07, 0x07, 0x07, 0x0a, 0x0d, 0x0d, 0x0d, 0x0d, 0x0d, 0x0a, 0x04, 0x0f, 0x17, 0x18, 0x16, 0x15, 0x15, 0x17, 0x17, 0x17, 0x18, 0x18, 0x19, 0x13, 0x02, 0x09, 0x0b, 0x09, 0x07, 0x0b, 0x07, 0x07, 0x07, 0x07, 0x07, 0x07, 0x09, 0x0c, 0x12, 0x17, 0x1e, 0x1e, 0x1e, 0x16, 0x14, 0x12, 0x12, 0x13, 0x13, 0x13, 0x14, 0x14, 0x10, 0x03, 0x0b, 0x07, 0x07, 0x0b, 0x0b, 0x0b, 0x09, 0x0b, 0x0b, 0x0b, 0x0b, 0x0b, 0x0b, 0x0b, 0x0b, 0x0c, 0x0f, 0x0e, 0x12, 0x1e, 0x18, 0x18, 0x16, 0x16, 0x15, 0x15, 0x21, 0x27, 0x2d, 0x25, 0x00, 0x00,
  0x00, 0x00, 0x28, 0x2a, 0x2a, 0x2c, 0x28, 0x2c, 0x2a, 0x2d, 0x26, 0x10, 0x02, 0x02, 0x0a, 0x08, 0x0c, 0x0c, 0x0b, 0x07, 0x04, 0x03, 0x06, 0x0b, 0x0a, 0x09, 0x09, 0x08, 0x08, 0x07, 0x07, 0x0a, 0x0d, 0x0d, 0x0d, 0x0d, 0x0d, 0x0a, 0x0b, 0x0f, 0x16, 0x17, 0x16, 0x16, 0x17, 0x18, 0x18, 0x18, 0x18, 0x17, 0x17, 0x13, 0x08, 0x06, 0x07, 0x07, 0x08, 0x07, 0x07, 0x0b, 0x07, 0x07, 0x07, 0x07, 0x07, 0x0f, 0x14, 0x15, 0x15, 0x15, 0x15, 0x16, 0x16, 0x11, 0x02, 0x03, 0x03, 0x03, 0x05, 0x03, 0x07, 0x0c, 0x0b, 0x07, 0x0b, 0x0b, 0x0a, 0x0b, 0x0c, 0x0b, 0x0c, 0x0c, 0x08, 0x0c, 0x0c, 0x0b, 0x0b, 0x0c, 0x10, 0x0e, 0x13, 0x1e, 0x18, 0x18, 0x18, 0x16, 0x15, 0x16, 0x27, 0x2a, 0x2c, 0x26, 0x00, 0x00,
  0x00, 0x00, 0x28, 0x2a, 0x2a, 0x2c, 0x1f, 0x26, 0x2c, 0x2a, 0x2a, 0x27, 0x12, 0x02, 0x0a, 0x0f, 0x0e, 0x0c, 0x09, 0x07, 0x04, 0x04, 0x04, 0x06, 0x04, 0x08, 0x05, 0x05, 0x0b, 0x0b, 0x07, 0x0a, 0x0a, 0x0d, 0x0d, 0x0d, 0x0d, 0x0a, 0x0a, 0x0e, 0x14, 0x17, 0x15, 0x16, 0x18, 0x18, 0x18, 0x18, 0x17, 0x16, 0x15, 0x17, 0x14, 0x03, 0x07, 0x07, 0x0b, 0x07, 0x04, 0x07, 0x07, 0x07, 0x07, 0x07, 0x07, 0x06, 0x03, 0x05, 0x0e, 0x05, 0x11, 0x17, 0x14, 0x17, 0x11, 0x0c, 0x0c, 0x0b, 0x0c, 0x0c, 0x0c, 0x0e, 0x0b, 0x0a, 0x0a, 0x06, 0x0b, 0x0b, 0x0c, 0x0b, 0x0a, 0x0c, 0x0b, 0x0b, 0x0b, 0x0b, 0x0a, 0x06, 0x0f, 0x11, 0x13, 0x19, 0x18, 0x18, 0x18, 0x17, 0x15, 0x15, 0x27, 0x2a, 0x2a, 0x25, 0x00, 0x00,
  0x00, 0x00, 0x28, 0x2c, 0x2b, 0x2c, 0x21, 0x18, 0x26, 0x2c, 0x29, 0x29, 0x28, 0x12, 0x02, 0x11, 0x10, 0x0f, 0x07, 0x06, 0x07, 0x09, 0x0b, 0x0b, 0x07, 0x06, 0x08, 0x05, 0x0e, 0x08, 0x07, 0x06, 0x04, 0x0a, 0x0a, 0x0d, 0x0d, 0x0a, 0x0b, 0x03, 0x12, 0x17, 0x15, 0x17, 0x18, 0x18, 0x17, 0x17, 0x16, 0x15, 0x16, 0x17, 0x14, 0x05, 0x07, 0x06, 0x08, 0x07, 0x09, 0x07, 0x07, 0x07, 0x07, 0x07, 0x07, 0x07, 0x09, 0x0c, 0x0f, 0x0b, 0x0c, 0x0f, 0x0e, 0x14, 0x17, 0x16, 0x13, 0x03, 0x0c, 0x05, 0x14, 0x13, 0x03, 0x0a, 0x04, 0x07, 0x0b, 0x0c, 0x0b, 0x0a, 0x0d, 0x0a, 0x0a, 0x0b, 0x0b, 0x0b, 0x0a, 0x04, 0x05, 0x13, 0x1e, 0x18, 0x18, 0x18, 0x18, 0x18, 0x15, 0x15, 0x27, 0x2a, 0x2a, 0x25, 0x00, 0x00,
  0x00, 0x00, 0x28, 0x2c, 0x2c, 0x2c, 0x21, 0x19, 0x1e, 0x25, 0x2b, 0x29, 0x29, 0x27, 0x1e, 0x01, 0x0f, 0x11, 0x0a, 0x04, 0x09, 0x09, 0x06, 0x05, 0x03, 0x03, 0x06, 0x08, 0x0c, 0x0b, 0x0b, 0x06, 0x0a, 0x0b, 0x0a, 0x0a, 0x0a, 0x0a, 0x0c, 0x0a, 0x0c, 0x12, 0x18, 0x18, 0x18, 0x18, 0x18, 0x17, 0x15, 0x16, 0x11, 0x06, 0x10, 0x07, 0x07, 0x07, 0x08, 0x0b, 0x0b, 0x07, 0x07, 0x07, 0x0b, 0x0b, 0x0b, 0x06, 0x05, 0x08, 0x0e, 0x0c, 0x0a, 0x0a, 0x06, 0x14, 0x19, 0x18, 0x16, 0x14, 0x06, 0x02, 0x13, 0x17, 0x13, 0x03, 0x0a, 0x0b, 0x0b, 0x0b, 0x0a, 0x0d, 0x0d, 0x0d, 0x0d, 0x0a, 0x08, 0x08, 0x04, 0x04, 0x02, 0x12, 0x19, 0x19, 0x18, 0x18, 0x18, 0x18, 0x16, 0x16, 0x27, 0x2a, 0x2a, 0x25, 0x00, 0x00,
  0x00, 0x00, 0x00, 0x27, 0x2c, 0x2c, 0x1e, 0x18, 0x15, 0x1e, 0x25, 0x2b, 0x29, 0x2c, 0x26, 0x25, 0x1e, 0x01, 0x0b, 0x04, 0x07, 0x05, 0x06, 0x03, 0x06, 0x06, 0x04, 0x04, 0x06, 0x07, 0x07, 0x07, 0x0b, 0x09, 0x08, 0x07, 0x07, 0x07, 0x07, 0x07, 0x04, 0x0c, 0x12, 0x18, 0x19, 0x19, 0x18, 0x16, 0x15, 0x15, 0x13, 0x11, 0x03, 0x07, 0x07, 0x0b, 0x09, 0x08, 0x07, 0x08, 0x08, 0x07, 0x08, 0x07, 0x07, 0x06, 0x09, 0x08, 0x07, 0x07, 0x07, 0x0a, 0x06, 0x11, 0x15, 0x18, 0x18, 0x17, 0x12, 0x12, 0x15, 0x18, 0x17, 0x13, 0x0f, 0x0b, 0x09, 0x09, 0x0d, 0x0d, 0x0d, 0x0d, 0x0d, 0x0a, 0x0a, 0x05, 0x04, 0x02, 0x10, 0x14, 0x18, 0x18, 0x18, 0x18, 0x18, 0x19, 0x15, 0x13, 0x27, 0x2a, 0x2b, 0x25, 0x00, 0x00,
  0x00, 0x00, 0x00, 0x00, 0x2a, 0x2c, 0x26, 0x1f, 0x15, 0x13, 0x1e, 0x25, 0x27, 0x2c, 0x2d, 0x2d, 0x25, 0x1f, 0x02, 0x03, 0x0b, 0x04, 0x06, 0x06, 0x06, 0x04, 0x03, 0x03, 0x06, 0x06, 0x06, 0x07, 0x07, 0x07, 0x07, 0x07, 0x07, 0x07, 0x04, 0x04, 0x08, 0x06, 0x05, 0x13, 0x14, 0x14, 0x16, 0x18, 0x15, 0x15, 0x17, 0x14, 0x03, 0x04, 0x04, 0x04, 0x04, 0x07, 0x07, 0x07, 0x07, 0x04, 0x03, 0x0b, 0x0b, 0x07, 0x0b, 0x0b, 0x04, 0x07, 0x07, 0x04, 0x0a, 0x03, 0x13, 0x1e, 0x18, 0x18, 0x18, 0x18, 0x18, 0x16, 0x15, 0x16, 0x0f, 0x07, 0x0b, 0x09, 0x0d, 0x0d, 0x0d, 0x0d, 0x0d, 0x0d, 0x0a, 0x08, 0x04, 0x02, 0x12, 0x16, 0x15, 0x18, 0x18, 0x18, 0x19, 0x18, 0x1e, 0x21, 0x27, 0x2a, 0x25, 0x23, 0x00, 0x00,
  0x00, 0x00, 0x00, 0x26, 0x2c, 0x2a, 0x2d, 0x21, 0x13, 0x17, 0x13, 0x13, 0x17, 0x26, 0x2c, 0x2a, 0x2d, 0x2a, 0x14, 0x08, 0x07, 0x04, 0x06, 0x06, 0x06, 0x05, 0x06, 0x03, 0x06, 0x06, 0x06, 0x06, 0x06, 0x07, 0x04, 0x07, 0x04, 0x04, 0x05, 0x05, 0x07, 0x07, 0x0c, 0x05, 0x05, 0x03, 0x11, 0x13, 0x15, 0x15, 0x17, 0x13, 0x02, 0x02, 0x02, 0x04, 0x0a, 0x07, 0x07, 0x07, 0x07, 0x07, 0x07, 0x0b, 0x07, 0x07, 0x0a, 0x0b, 0x0b, 0x04, 0x07, 0x04, 0x0a, 0x06, 0x12, 0x16, 0x18, 0x18, 0x18, 0x18, 0x16, 0x16, 0x15, 0x14, 0x10, 0x0a, 0x0b, 0x0b, 0x0a, 0x0d, 0x0d, 0x0d, 0x0d, 0x0d, 0x04, 0x08, 0x04, 0x03, 0x12, 0x16, 0x15, 0x18, 0x18, 0x19, 0x19, 0x15, 0x21, 0x2c, 0x29, 0x29, 0x00, 0x00, 0x00, 0x00,
  0x00, 0x00, 0x00, 0x00, 0x2a, 0x2a, 0x2a, 0x1f, 0x13, 0x15, 0x15, 0x14, 0x03, 0x10, 0x26, 0x2d, 0x2a, 0x29, 0x2a, 0x17, 0x02, 0x0a, 0x02, 0x03, 0x03, 0x05, 0x05, 0x06, 0x06, 0x06, 0x06, 0x06, 0x06, 0x07, 0x07, 0x07, 0x07, 0x07, 0x06, 0x07, 0x08, 0x09, 0x07, 0x07, 0x0b, 0x0b, 0x03, 0x06, 0x16, 0x17, 0x17, 0x14, 0x12, 0x10, 0x04, 0x0b, 0x0a, 0x08, 0x07, 0x03, 0x07, 0x07, 0x07, 0x07, 0x07, 0x07, 0x07, 0x07, 0x07, 0x07, 0x0b, 0x0b, 0x0b, 0x0c, 0x03, 0x11, 0x17, 0x18, 0x18, 0x18, 0x17, 0x16, 0x16, 0x16, 0x10, 0x04, 0x0a, 0x0a, 0x0d, 0x0d, 0x0d, 0x0d, 0x0d, 0x0d, 0x0a, 0x0c, 0x0e, 0x14, 0x14, 0x15, 0x16, 0x18, 0x18, 0x18, 0x19, 0x15, 0x21, 0x2a, 0x29, 0x28, 0x25, 0x00, 0x00, 0x00,
  0x00, 0x00, 0x00, 0x26, 0x2a, 0x2a, 0x2a, 0x1f, 0x15, 0x16, 0x15, 0x16, 0x11, 0x0e, 0x14, 0x27, 0x2d, 0x29, 0x29, 0x28, 0x1f, 0x01, 0x0a, 0x0c, 0x0b, 0x06, 0x06, 0x06, 0x06, 0x06, 0x06, 0x06, 0x06, 0x07, 0x07, 0x07, 0x07, 0x07, 0x07, 0x07, 0x09, 0x05, 0x05, 0x07, 0x08, 0x08, 0x04, 0x0f, 0x14, 0x17, 0x15, 0x15, 0x14, 0x14, 0x12, 0x03, 0x03, 0x03, 0x10, 0x12, 0x06, 0x09, 0x07, 0x07, 0x07, 0x07, 0x09, 0x09, 0x04, 0x07, 0x0b, 0x0c, 0x07, 0x0b, 0x03, 0x12, 0x17, 0x16, 0x17, 0x18, 0x17, 0x16, 0x16, 0x16, 0x14, 0x10, 0x04, 0x0a, 0x0d, 0x0d, 0x0d, 0x0d, 0x0d, 0x0d, 0x0a, 0x0e, 0x0f, 0x15, 0x16, 0x15, 0x16, 0x18, 0x18, 0x18, 0x19, 0x15, 0x1f, 0x2a, 0x2a, 0x28, 0x25, 0x00, 0x00, 0x00,
  0x00, 0x00, 0x00, 0x00, 0x23, 0x29, 0x2b, 0x1e, 0x13, 0x18, 0x18, 0x18, 0x14, 0x12, 0x05, 0x17, 0x23, 0x2d, 0x29, 0x2b, 0x26, 0x23, 0x03, 0x01, 0x10, 0x0b, 0x07, 0x07, 0x06, 0x06, 0x06, 0x09, 0x0b, 0x07, 0x07, 0x07, 0x07, 0x07, 0x07, 0x07, 0x05, 0x08, 0x08, 0x06, 0x0c, 0x07, 0x07, 0x0c, 0x14, 0x16, 0x15, 0x14, 0x14, 0x14, 0x14, 0x14, 0x14, 0x14, 0x14, 0x11, 0x06, 0x07, 0x07, 0x07, 0x09, 0x09, 0x07, 0x09, 0x07, 0x07, 0x06, 0x07, 0x07, 0x0b, 0x02, 0x12, 0x17, 0x16, 0x17, 0x18, 0x16, 0x16, 0x16, 0x15, 0x17, 0x11, 0x07, 0x0a, 0x0d, 0x0d, 0x0d, 0x0d, 0x0d, 0x0a, 0x0c, 0x10, 0x12, 0x15, 0x18, 0x16, 0x16, 0x16, 0x16, 0x18, 0x18, 0x15, 0x21, 0x2c, 0x2a, 0x28, 0x00, 0x00, 0x00, 0x00,
  0x00, 0x00, 0x00, 0x00, 0x00, 0x27, 0x2a, 0x26, 0x21, 0x13, 0x18, 0x18, 0x1e, 0x12, 0x10, 0x03, 0x11, 0x1f, 0x27, 0x2b, 0x2b, 0x2a, 0x25, 0x23, 0x03, 0x0e, 0x10, 0x0c, 0x04, 0x06, 0x07, 0x09, 0x07, 0x07, 0x07, 0x07, 0x07, 0x07, 0x07, 0x07, 0x07, 0x07, 0x07, 0x0b, 0x08, 0x07, 0x0b, 0x07, 0x10, 0x14, 0x16, 0x12, 0x12, 0x0d, 0x0d, 0x0d, 0x12, 0x14, 0x12, 0x03, 0x0b, 0x08, 0x05, 0x08, 0x07, 0x07, 0x07, 0x07, 0x07, 0x07, 0x07, 0x07, 0x07, 0x07, 0x10, 0x14, 0x18, 0x15, 0x16, 0x18, 0x18, 0x18, 0x16, 0x16, 0x16, 0x11, 0x04, 0x0a, 0x0d, 0x0d, 0x0d, 0x0d, 0x0a, 0x0c, 0x0e, 0x11, 0x15, 0x18, 0x18, 0x16, 0x16, 0x16, 0x16, 0x18, 0x18, 0x15, 0x21, 0x2c, 0x2a, 0x2a, 0x26, 0x00, 0x00, 0x00,
  0x00, 0x00, 0x00, 0x00, 0x00, 0x27, 0x29, 0x2d, 0x23, 0x13, 0x18, 0x18, 0x19, 0x11, 0x0e, 0x10, 0x03, 0x01, 0x1f, 0x26, 0x29, 0x2a, 0x2d, 0x2c, 0x23, 0x11, 0x02, 0x02, 0x0c, 0x09, 0x07, 0x07, 0x07, 0x07, 0x07, 0x05, 0x07, 0x07, 0x07, 0x07, 0x07, 0x07, 0x07, 0x07, 0x07, 0x07, 0x07, 0x07, 0x03, 0x12, 0x12, 0x10, 0x0d, 0x0d, 0x0d, 0x0d, 0x0d, 0x0a, 0x05, 0x08, 0x05, 0x09, 0x05, 0x07, 0x07, 0x07, 0x07, 0x07, 0x07, 0x07, 0x07, 0x07, 0x09, 0x03, 0x13, 0x1e, 0x18, 0x16, 0x15, 0x16, 0x18, 0x18, 0x17, 0x15, 0x17, 0x11, 0x03, 0x0a, 0x0d, 0x0d, 0x0a, 0x0a, 0x0a, 0x0c, 0x0f, 0x11, 0x19, 0x19, 0x18, 0x18, 0x16, 0x16, 0x16, 0x18, 0x15, 0x1e, 0x23, 0x2c, 0x2a, 0x26, 0x00, 0x00, 0x00, 0x00,
  0x00, 0x00, 0x00, 0x00, 0x00, 0x27, 0x29, 0x2b, 0x23, 0x13, 0x19, 0x18, 0x19, 0x13, 0x11, 0x0e, 0x04, 0x02, 0x11, 0x14, 0x23, 0x27, 0x2a, 0x2c, 0x2d, 0x23, 0x1f, 0x1e, 0x02, 0x03, 0x07, 0x07, 0x07, 0x07, 0x07, 0x07, 0x07, 0x05, 0x07, 0x07, 0x07, 0x05, 0x07, 0x07, 0x07, 0x0b, 0x07, 0x0b, 0x0c, 0x03, 0x02, 0x02, 0x0d, 0x0d, 0x0d, 0x0d, 0x0d, 0x0b, 0x0c, 0x08, 0x0b, 0x08, 0x05, 0x07, 0x07, 0x07, 0x07, 0x07, 0x07, 0x06, 0x0a, 0x07, 0x0b, 0x03, 0x13, 0x19, 0x18, 0x17, 0x16, 0x16, 0x18, 0x18, 0x18, 0x18, 0x14, 0x0f, 0x07, 0x0a, 0x0a, 0x02, 0x04, 0x04, 0x0a, 0x04, 0x0f, 0x15, 0x19, 0x19, 0x18, 0x18, 0x16, 0x16, 0x16, 0x18, 0x13, 0x23, 0x2d, 0x2c, 0x27, 0x00, 0x00, 0x00, 0x00, 0x00,
  0x00, 0x00, 0x00, 0x00, 0x00, 0x27, 0x29, 0x2c, 0x23, 0x13, 0x19, 0x18, 0x18, 0x19, 0x12, 0x05, 0x04, 0x02, 0x04, 0x14, 0x11, 0x23, 0x2c, 0x2a, 0x2a, 0x2c, 0x2d, 0x25, 0x0a, 0x12, 0x0c, 0x09, 0x04, 0x04, 0x07, 0x07, 0x07, 0x07, 0x07, 0x07, 0x07, 0x07, 0x07, 0x07, 0x08, 0x08, 0x0b, 0x0a, 0x07, 0x04, 0x0a, 0x02, 0x0a, 0x0a, 0x0a, 0x0a, 0x0a, 0x0a, 0x0a, 0x0b, 0x07, 0x07, 0x09, 0x0a, 0x07, 0x07, 0x07, 0x08, 0x07, 0x06, 0x0b, 0x07, 0x0b, 0x03, 0x13, 0x19, 0x18, 0x18, 0x17, 0x18, 0x18, 0x18, 0x18, 0x1e, 0x11, 0x03, 0x0b, 0x0a, 0x0a, 0x04, 0x04, 0x04, 0x03, 0x05, 0x12, 0x18, 0x17, 0x18, 0x18, 0x18, 0x18, 0x18, 0x18, 0x18, 0x13, 0x23, 0x2c, 0x2c, 0x28, 0x00, 0x00, 0x00, 0x00, 0x00,
  0x00, 0x00, 0x00, 0x00, 0x00, 0x00, 0x28, 0x2d, 0x23, 0x15, 0x19, 0x18, 0x18, 0x18, 0x12, 0x02, 0x02, 0x04, 0x02, 0x12, 0x17, 0x1e, 0x1e, 0x21, 0x2d, 0x2a, 0x29, 0x29, 0x29, 0x26, 0x02, 0x02, 0x04, 0x0b, 0x05, 0x07, 0x08, 0x08, 0x09, 0x07, 0x05, 0x07, 0x07, 0x07, 0x0b, 0x07, 0x0b, 0x0b, 0x0b, 0x04, 0x04, 0x04, 0x0b, 0x0b, 0x0c, 0x0f, 0x0c, 0x0a, 0x0a, 0x0b, 0x04, 0x07, 0x04, 0x07, 0x07, 0x07, 0x07, 0x08, 0x07, 0x08, 0x0b, 0x0c, 0x03, 0x12, 0x17, 0x18, 0x18, 0x18, 0x17, 0x18, 0x18, 0x18, 0x19, 0x18, 0x11, 0x05, 0x08, 0x04, 0x03, 0x04, 0x02, 0x04, 0x02, 0x11, 0x17, 0x16, 0x17, 0x18, 0x18, 0x18, 0x17, 0x16, 0x16, 0x18, 0x13, 0x23, 0x2c, 0x2a, 0x27, 0x00, 0x00, 0x00, 0x00, 0x00,
  0x00, 0x00, 0x00, 0x00, 0x00, 0x00, 0x28, 0x2d, 0x23, 0x13, 0x19, 0x18, 0x18, 0x19, 0x12, 0x02, 0x02, 0x02, 0x02, 0x05, 0x13, 0x1e, 0x19, 0x1e, 0x21, 0x27, 0x2d, 0x29, 0x29, 0x29, 0x25, 0x25, 0x12, 0x01, 0x10, 0x0b, 0x0e, 0x0e, 0x0e, 0x0c, 0x08, 0x06, 0x07, 0x07, 0x04, 0x07, 0x07, 0x0b, 0x0b, 0x07, 0x07, 0x07, 0x0b, 0x0c, 0x0c, 0x09, 0x0c, 0x0b, 0x0a, 0x0b, 0x0b, 0x0a, 0x0a, 0x05, 0x08, 0x0b, 0x0b, 0x08, 0x0b, 0x0c, 0x0b, 0x06, 0x12, 0x14, 0x17, 0x18, 0x18, 0x18, 0x18, 0x18, 0x18, 0x19, 0x18, 0x11, 0x08, 0x09, 0x05, 0x05, 0x02, 0x03, 0x02, 0x02, 0x02, 0x10, 0x16, 0x16, 0x17, 0x18, 0x18, 0x18, 0x17, 0x15, 0x15, 0x16, 0x11, 0x23, 0x2b, 0x2a, 0x27, 0x00, 0x00, 0x00, 0x00, 0x00,
  0x00, 0x00, 0x00, 0x00, 0x00, 0x00, 0x28, 0x2c, 0x26, 0x21, 0x15, 0x19, 0x18, 0x18, 0x11, 0x02, 0x04, 0x02, 0x04, 0x03, 0x13, 0x1e, 0x19, 0x19, 0x15, 0x21, 0x23, 0x25, 0x2d, 0x2b, 0x2b, 0x2b, 0x25, 0x1f, 0x01, 0x02, 0x0f, 0x0f, 0x0e, 0x08, 0x08, 0x07, 0x04, 0x07, 0x07, 0x08, 0x07, 0x07, 0x07, 0x07, 0x07, 0x07, 0x09, 0x0b, 0x07, 0x0b, 0x0b, 0x0b, 0x0b, 0x0b, 0x0a, 0x0a, 0x0a, 0x0b, 0x0b, 0x0b, 0x09, 0x0c, 0x0b, 0x03, 0x10, 0x12, 0x14, 0x16, 0x16, 0x16, 0x16, 0x18, 0x18, 0x18, 0x18, 0x14, 0x11, 0x05, 0x05, 0x08, 0x05, 0x08, 0x06, 0x06, 0x03, 0x02, 0x10, 0x13, 0x15, 0x15, 0x16, 0x17, 0x18, 0x18, 0x18, 0x16, 0x16, 0x13, 0x21, 0x26, 0x2a, 0x27, 0x23, 0x00, 0x00, 0x00, 0x00, 0x00,
  0x00, 0x00, 0x00, 0x00, 0x00, 0x00, 0x28, 0x2a, 0x2d, 0x25, 0x15, 0x19, 0x18, 0x16, 0x13, 0x0c, 0x02, 0x04, 0x09, 0x0f, 0x11, 0x15, 0x1e, 0x19, 0x19, 0x14, 0x11, 0x1f, 0x25, 0x25, 0x29, 0x29, 0x2d, 0x26, 0x23, 0x1f, 0x02, 0x02, 0x03, 0x0c, 0x09, 0x09, 0x06, 0x0a, 0x06, 0x04, 0x04, 0x07, 0x07, 0x07, 0x04, 0x07, 0x07, 0x07, 0x07, 0x0b, 0x0b, 0x0b, 0x0a, 0x0a, 0x0d, 0x0d, 0x0d, 0x0a, 0x0a, 0x0c, 0x0b, 0x0c, 0x0b, 0x08, 0x12, 0x17, 0x15, 0x16, 0x16, 0x17, 0x17, 0x18, 0x19, 0x19, 0x18, 0x12, 0x03, 0x0c, 0x0e, 0x0e, 0x0c, 0x0c, 0x07, 0x0b, 0x02, 0x0f, 0x14, 0x16, 0x15, 0x15, 0x17, 0x17, 0x17, 0x18, 0x18, 0x17, 0x18, 0x13, 0x25, 0x2c, 0x29, 0x26, 0x00, 0x00, 0x00, 0x00, 0x00, 0x00,
  0x00, 0x00, 0x00, 0x00, 0x00, 0x00, 0x2c, 0x2c, 0x2d, 0x23, 0x13, 0x19, 0x16, 0x15, 0x16, 0x13, 0x07, 0x09, 0x0c, 0x0f, 0x0e, 0x11, 0x18, 0x19, 0x16, 0x17, 0x17, 0x14, 0x11, 0x1e, 0x29, 0x29, 0x29, 0x2a, 0x2d, 0x2a, 0x1e, 0x1e, 0x12, 0x02, 0x03, 0x08, 0x08, 0x07, 0x07, 0x0a, 0x0a, 0x04, 0x04, 0x07, 0x07, 0x07, 0x07, 0x07, 0x08, 0x08, 0x08, 0x07, 0x0a, 0x0d, 0x0d, 0x0d, 0x0d, 0x0d, 0x0a, 0x0c, 0x0b, 0x0c, 0x03, 0x13, 0x1e, 0x16, 0x16, 0x16, 0x17, 0x14, 0x13, 0x13, 0x14, 0x14, 0x12, 0x03, 0x08, 0x08, 0x0c, 0x0f, 0x0f, 0x0f, 0x09, 0x07, 0x0c, 0x13, 0x16, 0x15, 0x15, 0x16, 0x16, 0x17, 0x17, 0x18, 0x18, 0x17, 0x18, 0x13, 0x25, 0x2b, 0x29, 0x27, 0x00, 0x00, 0x00, 0x00, 0x00, 0x00,
  0x00, 0x00, 0x00, 0x00, 0x00, 0x00, 0x27, 0x2a, 0x2d, 0x25, 0x15, 0x18, 0x15, 0x15, 0x15, 0x16, 0x14, 0x05, 0x0f, 0x0e, 0x0f, 0x0e, 0x10, 0x14, 0x16, 0x16, 0x16, 0x15, 0x17, 0x17, 0x15, 0x26, 0x2a, 0x29, 0x2a, 0x2a, 0x2c, 0x2d, 0x1f, 0x04, 0x12, 0x09, 0x0b, 0x05, 0x08, 0x07, 0x04, 0x04, 0x04, 0x08, 0x07, 0x04, 0x07, 0x07, 0x07, 0x07, 0x09, 0x09, 0x0a, 0x0d, 0x0d, 0x0d, 0x0d, 0x0d, 0x0a, 0x08, 0x09, 0x0c, 0x05, 0x13, 0x17, 0x14, 0x14, 0x14, 0x14, 0x12, 0x02, 0x03, 0x03, 0x03, 0x06, 0x09, 0x06, 0x0c, 0x0c, 0x0f, 0x0f, 0x0f, 0x0e, 0x0e, 0x14, 0x15, 0x15, 0x16, 0x15, 0x16, 0x16, 0x16, 0x16, 0x17, 0x17, 0x17, 0x18, 0x13, 0x25, 0x2b, 0x29, 0x27, 0x00, 0x00, 0x00, 0x00, 0x00, 0x00,
  0x00, 0x00, 0x00, 0x00, 0x00, 0x00, 0x00, 0x27, 0x2c, 0x2a, 0x26, 0x15, 0x16, 0x16, 0x18, 0x18, 0x14, 0x0e, 0x0f, 0x0f, 0x0e, 0x0c, 0x02, 0x0f, 0x16, 0x15, 0x16, 0x18, 0x18, 0x16, 0x14, 0x1e, 0x17, 0x23, 0x2d, 0x2c, 0x2c, 0x2c, 0x28, 0x28, 0x25, 0x01, 0x02, 0x04, 0x10, 0x0c, 0x07, 0x07, 0x07, 0x07, 0x07, 0x07, 0x07, 0x07, 0x07, 0x07, 0x09, 0x0b, 0x0a, 0x0d, 0x0d, 0x0d, 0x0d, 0x0a, 0x0a, 0x05, 0x07, 0x0b, 0x0b, 0x0c, 0x0f, 0x0e, 0x0b, 0x06, 0x0a, 0x04, 0x03, 0x04, 0x07, 0x09, 0x08, 0x0b, 0x0b, 0x0b, 0x0c, 0x0f, 0x0f, 0x0f, 0x10, 0x0f, 0x16, 0x17, 0x15, 0x15, 0x15, 0x15, 0x15, 0x15, 0x16, 0x16, 0x18, 0x18, 0x18, 0x25, 0x2a, 0x2a, 0x26, 0x00, 0x00, 0x00, 0x00, 0x00, 0x00, 0x00,
  0x00, 0x00, 0x00, 0x00, 0x00, 0x00, 0x00, 0x26, 0x2c, 0x2c, 0x26, 0x11, 0x14, 0x16, 0x18, 0x18, 0x18, 0x14, 0x0f, 0x0f, 0x0c, 0x06, 0x02, 0x02, 0x04, 0x14, 0x17, 0x18, 0x19, 0x17, 0x15, 0x14, 0x13, 0x1e, 0x21, 0x23, 0x2d, 0x2d, 0x2b, 0x2b, 0x27, 0x25, 0x25, 0x10, 0x01, 0x02, 0x10, 0x0c, 0x07, 0x07, 0x04, 0x04, 0x07, 0x07, 0x07, 0x0b, 0x0b, 0x0b, 0x0b, 0x0a, 0x0a, 0x0d, 0x0a, 0x04, 0x06, 0x04, 0x07, 0x0b, 0x04, 0x05, 0x08, 0x0c, 0x0b, 0x06, 0x07, 0x07, 0x04, 0x04, 0x04, 0x03, 0x08, 0x04, 0x06, 0x04, 0x06, 0x0c, 0x10, 0x0e, 0x11, 0x15, 0x18, 0x17, 0x16, 0x15, 0x15, 0x15, 0x15, 0x16, 0x16, 0x17, 0x18, 0x19, 0x18, 0x26, 0x2c, 0x2a, 0x25, 0x00, 0x00, 0x00, 0x00, 0x00, 0x00, 0x00,
  0x00, 0x00, 0x00, 0x00, 0x00, 0x00, 0x00, 0x26, 0x2c, 0x2a, 0x27, 0x23, 0x16, 0x15, 0x18, 0x18, 0x19, 0x16, 0x0e, 0x0e, 0x0c, 0x04, 0x02, 0x02, 0x02, 0x0b, 0x13, 0x1e, 0x19, 0x16, 0x15, 0x16, 0x17, 0x15, 0x13, 0x19, 0x23, 0x23, 0x27, 0x2c, 0x2b, 0x2b, 0x2b, 0x23, 0x23, 0x1e, 0x01, 0x02, 0x0c, 0x0c, 0x0c, 0x0b, 0x07, 0x07, 0x06, 0x07, 0x0b, 0x0b, 0x0b, 0x0b, 0x0a, 0x0a, 0x0a, 0x04, 0x04, 0x06, 0x07, 0x08, 0x07, 0x07, 0x0b, 0x0e, 0x0c, 0x06, 0x05, 0x07, 0x07, 0x04, 0x03, 0x02, 0x03, 0x04, 0x04, 0x04, 0x04, 0x02, 0x06, 0x11, 0x15, 0x19, 0x18, 0x17, 0x16, 0x15, 0x15, 0x15, 0x15, 0x15, 0x15, 0x16, 0x18, 0x19, 0x13, 0x26, 0x2c, 0x2c, 0x26, 0x00, 0x00, 0x00, 0x00, 0x00, 0x00, 0x00,
  0x00, 0x00, 0x00, 0x00, 0x00, 0x00, 0x00, 0x23, 0x28, 0x29, 0x2b, 0x2a, 0x18, 0x15, 0x18, 0x18, 0x19, 0x18, 0x13, 0x0f, 0x03, 0x04, 0x02, 0x04, 0x0a, 0x02, 0x10, 0x13, 0x15, 0x18, 0x18, 0x18, 0x18, 0x18, 0x19, 0x19, 0x13, 0x11, 0x23, 0x25, 0x25, 0x2b, 0x2b, 0x2b, 0x2d, 0x25, 0x1f, 0x1f, 0x03, 0x03, 0x02, 0x03, 0x0b, 0x0b, 0x07, 0x07, 0x0b, 0x0b, 0x0b, 0x0b, 0x0b, 0x0b, 0x0b, 0x05, 0x07, 0x07, 0x07, 0x08, 0x07, 0x07, 0x07, 0x08, 0x07, 0x07, 0x07, 0x07, 0x07, 0x06, 0x03, 0x02, 0x03, 0x03, 0x04, 0x04, 0x02, 0x10, 0x11, 0x13, 0x1e, 0x18, 0x18, 0x18, 0x17, 0x15, 0x15, 0x16, 0x15, 0x15, 0x15, 0x15, 0x16, 0x1e, 0x23, 0x27, 0x2c, 0x27, 0x25, 0x00, 0x00, 0x00, 0x00, 0x00, 0x00, 0x00,
  0x00, 0x00, 0x00, 0x00, 0x00, 0x00, 0x00, 0x00, 0x28, 0x29, 0x2b, 0x27, 0x16, 0x15, 0x18, 0x19, 0x19, 0x19, 0x1e, 0x11, 0x02, 0x02, 0x04, 0x0a, 0x0a, 0x0c, 0x0e, 0x05, 0x0f, 0x14, 0x18, 0x19, 0x19, 0x19, 0x18, 0x18, 0x18, 0x18, 0x13, 0x11, 0x1f, 0x27, 0x26, 0x29, 0x29, 0x2a, 0x2d, 0x28, 0x14, 0x14, 0x14, 0x12, 0x03, 0x05, 0x0b, 0x0b, 0x0b, 0x0b, 0x0c, 0x0b, 0x0b, 0x0b, 0x0b, 0x07, 0x08, 0x07, 0x07, 0x0b, 0x07, 0x07, 0x07, 0x07, 0x07, 0x07, 0x08, 0x0a, 0x04, 0x03, 0x03, 0x03, 0x04, 0x02, 0x02, 0x02, 0x0c, 0x14, 0x17, 0x17, 0x18, 0x18, 0x18, 0x18, 0x18, 0x17, 0x16, 0x15, 0x15, 0x15, 0x15, 0x15, 0x14, 0x1e, 0x2a, 0x2c, 0x2c, 0x23, 0x00, 0x00, 0x00, 0x00, 0x00, 0x00, 0x00, 0x00,
  0x00, 0x00, 0x00, 0x00, 0x00, 0x00, 0x00, 0x00, 0x27, 0x28, 0x2a, 0x29, 0x1f, 0x18, 0x18, 0x18, 0x19, 0x18, 0x18, 0x17, 0x10, 0x02, 0x04, 0x03, 0x0c, 0x0f, 0x10, 0x10, 0x0f, 0x0e, 0x11, 0x18, 0x1e, 0x19, 0x18, 0x18, 0x18, 0x16, 0x16, 0x16, 0x16, 0x13, 0x13, 0x27, 0x2b, 0x29, 0x2a, 0x2c, 0x2c, 0x2c, 0x2d, 0x23, 0x10, 0x12, 0x10, 0x0c, 0x0c, 0x0c, 0x0b, 0x0b, 0x0b, 0x0b, 0x0b, 0x05, 0x07, 0x05, 0x07, 0x0a, 0x07, 0x07, 0x0a, 0x07, 0x07, 0x07, 0x06, 0x06, 0x04, 0x03, 0x04, 0x02, 0x02, 0x02, 0x02, 0x03, 0x14, 0x14, 0x14, 0x15, 0x16, 0x18, 0x18, 0x18, 0x18, 0x18, 0x16, 0x15, 0x15, 0x15, 0x15, 0x15, 0x14, 0x1e, 0x28, 0x2a, 0x2d, 0x25, 0x00, 0x00, 0x00, 0x00, 0x00, 0x00, 0x00, 0x00,
  0x00, 0x00, 0x00, 0x00, 0x00, 0x00, 0x00, 0x00, 0x00, 0x23, 0x29, 0x2a, 0x2a, 0x21, 0x18, 0x19, 0x19, 0x18, 0x18, 0x17, 0x14, 0x10, 0x02, 0x04, 0x0c, 0x0f, 0x0f, 0x0f, 0x0f, 0x0c, 0x10, 0x11, 0x11, 0x13, 0x17, 0x15, 0x17, 0x17, 0x16, 0x16, 0x16, 0x15, 0x15, 0x1e, 0x25, 0x2c, 0x2a, 0x2a, 0x2c, 0x2a, 0x2c, 0x2a, 0x2a, 0x27, 0x03, 0x02, 0x02, 0x02, 0x0c, 0x0c, 0x0c, 0x0a, 0x0a, 0x05, 0x0b, 0x0c, 0x0c, 0x0c, 0x0c, 0x0b, 0x07, 0x08, 0x0b, 0x0b, 0x04, 0x07, 0x0a, 0x03, 0x04, 0x04, 0x03, 0x02, 0x0c, 0x14, 0x14, 0x15, 0x16, 0x15, 0x15, 0x17, 0x18, 0x18, 0x18, 0x18, 0x17, 0x16, 0x15, 0x15, 0x16, 0x13, 0x1f, 0x27, 0x29, 0x2c, 0x27, 0x26, 0x00, 0x00, 0x00, 0x00, 0x00, 0x00, 0x00, 0x00,
  0x00, 0x00, 0x00, 0x00, 0x00, 0x00, 0x00, 0x00, 0x00, 0x23, 0x28, 0x2b, 0x2a, 0x1e, 0x18, 0x19, 0x18, 0x18, 0x18, 0x18, 0x18, 0x11, 0x02, 0x0c, 0x0c, 0x0f, 0x0f, 0x0f, 0x10, 0x10, 0x10, 0x0f, 0x0c, 0x06, 0x11, 0x17, 0x12, 0x10, 0x14, 0x16, 0x15, 0x16, 0x17, 0x11, 0x25, 0x2d, 0x2c, 0x2d, 0x2d, 0x2d, 0x2d, 0x2c, 0x2c, 0x2a, 0x25, 0x25, 0x26, 0x22, 0x01, 0x01, 0x01, 0x02, 0x0c, 0x10, 0x10, 0x10, 0x0f, 0x0c, 0x0c, 0x0c, 0x0b, 0x0b, 0x0b, 0x0a, 0x0a, 0x0b, 0x0b, 0x02, 0x02, 0x02, 0x12, 0x14, 0x14, 0x14, 0x15, 0x15, 0x16, 0x15, 0x15, 0x15, 0x18, 0x18, 0x18, 0x18, 0x18, 0x18, 0x17, 0x16, 0x17, 0x13, 0x1e, 0x2a, 0x29, 0x2a, 0x23, 0x00, 0x00, 0x00, 0x00, 0x00, 0x00, 0x00, 0x00, 0x00,
  0x00, 0x00, 0x00, 0x00, 0x00, 0x00, 0x00, 0x00, 0x00, 0x23, 0x28, 0x2b, 0x2a, 0x27, 0x21, 0x15, 0x18, 0x17, 0x17, 0x18, 0x18, 0x14, 0x0e, 0x0e, 0x0f, 0x0c, 0x0f, 0x0f, 0x0f, 0x0f, 0x0f, 0x0c, 0x0b, 0x02, 0x0c, 0x17, 0x14, 0x0a, 0x0d, 0x14, 0x17, 0x16, 0x18, 0x15, 0x23, 0x2d, 0x26, 0x1f, 0x23, 0x23, 0x25, 0x2c, 0x2d, 0x2d, 0x2b, 0x2a, 0x2b, 0x26, 0x1f, 0x23, 0x23, 0x0a, 0x01, 0x02, 0x02, 0x02, 0x0b, 0x10, 0x0c, 0x0c, 0x0c, 0x0c, 0x0a, 0x0a, 0x02, 0x02, 0x02, 0x0c, 0x12, 0x11, 0x14, 0x17, 0x16, 0x15, 0x16, 0x16, 0x16, 0x16, 0x15, 0x16, 0x17, 0x18, 0x18, 0x19, 0x18, 0x13, 0x13, 0x13, 0x11, 0x1e, 0x23, 0x29, 0x29, 0x27, 0x25, 0x00, 0x00, 0x00, 0x00, 0x00, 0x00, 0x00, 0x00, 0x00,
  0x00, 0x00, 0x00, 0x00, 0x00, 0x00, 0x00, 0x00, 0x00, 0x00, 0x25, 0x29, 0x2a, 0x2d, 0x23, 0x13, 0x17, 0x17, 0x17, 0x17, 0x17, 0x18, 0x14, 0x0f, 0x0e, 0x0e, 0x0e, 0x0f, 0x0f, 0x0c, 0x08, 0x0b, 0x03, 0x0c, 0x14, 0x17, 0x17, 0x12, 0x0d, 0x0d, 0x14, 0x18, 0x19, 0x15, 0x21, 0x2c, 0x27, 0x23, 0x03, 0x02, 0x12, 0x23, 0x25, 0x25, 0x2a, 0x2b, 0x2a, 0x2b, 0x2d, 0x2b, 0x2d, 0x23, 0x1f, 0x23, 0x21, 0x1f, 0x0f, 0x02, 0x02, 0x02, 0x02, 0x02, 0x02, 0x01, 0x0a, 0x12, 0x11, 0x13, 0x17, 0x14, 0x14, 0x15, 0x15, 0x17, 0x17, 0x17, 0x16, 0x15, 0x14, 0x13, 0x13, 0x15, 0x15, 0x15, 0x1e, 0x23, 0x23, 0x23, 0x21, 0x25, 0x2b, 0x29, 0x28, 0x25, 0x00, 0x00, 0x00, 0x00, 0x00, 0x00, 0x00, 0x00, 0x00, 0x00,
  0x00, 0x00, 0x00, 0x00, 0x00, 0x00, 0x00, 0x00, 0x00, 0x00, 0x00, 0x28, 0x2c, 0x2c, 0x25, 0x1e, 0x15, 0x16, 0x17, 0x18, 0x16, 0x17, 0x19, 0x13, 0x11, 0x0f, 0x0c, 0x0f, 0x0f, 0x0c, 0x0a, 0x04, 0x02, 0x12, 0x16, 0x17, 0x18, 0x14, 0x0d, 0x0d, 0x0d, 0x1e, 0x1e, 0x18, 0x21, 0x2a, 0x2d, 0x2c, 0x12, 0x10, 0x0f, 0x03, 0x01, 0x0a, 0x25, 0x25, 0x25, 0x26, 0x27, 0x29, 0x29, 0x2b, 0x2d, 0x2d, 0x2d, 0x2c, 0x1f, 0x14, 0x17, 0x17, 0x14, 0x14, 0x14, 0x14, 0x14, 0x15, 0x17, 0x18, 0x15, 0x14, 0x14, 0x14, 0x15, 0x17, 0x18, 0x18, 0x15, 0x13, 0x17, 0x1f, 0x1f, 0x1f, 0x21, 0x1f, 0x23, 0x2d, 0x2c, 0x2b, 0x2b, 0x2a, 0x29, 0x29, 0x28, 0x00, 0x00, 0x00, 0x00, 0x00, 0x00, 0x00, 0x00, 0x00, 0x00, 0x00,
  0x00, 0x00, 0x00, 0x00, 0x00, 0x00, 0x00, 0x00, 0x00, 0x00, 0x00, 0x26, 0x2c, 0x2a, 0x2d, 0x25, 0x11, 0x17, 0x16, 0x17, 0x17, 0x18, 0x18, 0x1e, 0x13, 0x0e, 0x0f, 0x0e, 0x0f, 0x04, 0x02, 0x04, 0x10, 0x14, 0x16, 0x18, 0x1e, 0x14, 0x0d, 0x0d, 0x0d, 0x0d, 0x1e, 0x15, 0x23, 0x2c, 0x2a, 0x27, 0x11, 0x0c, 0x0c, 0x0c, 0x07, 0x02, 0x01, 0x01, 0x02, 0x01, 0x1f, 0x2a, 0x28, 0x29, 0x2a, 0x2a, 0x2a, 0x2a, 0x2c, 0x2c, 0x2c, 0x2a, 0x2a, 0x29, 0x28, 0x2c, 0x23, 0x13, 0x1e, 0x19, 0x1e, 0x17, 0x15, 0x16, 0x17, 0x1e, 0x1e, 0x1e, 0x17, 0x13, 0x23, 0x2b, 0x29, 0x2a, 0x2a, 0x2c, 0x2c, 0x2a, 0x2a, 0x29, 0x29, 0x29, 0x29, 0x29, 0x25, 0x00, 0x00, 0x00, 0x00, 0x00, 0x00, 0x00, 0x00, 0x00, 0x00, 0x00,
  0x00, 0x00, 0x00, 0x00, 0x00, 0x00, 0x00, 0x00, 0x00, 0x00, 0x00, 0x00, 0x27, 0x2a, 0x2b, 0x23, 0x13, 0x14, 0x15, 0x16, 0x17, 0x18, 0x18, 0x19, 0x19, 0x11, 0x0e, 0x0c, 0x04, 0x02, 0x02, 0x13, 0x14, 0x15, 0x16, 0x18, 0x1e, 0x0d, 0x0d, 0x0d, 0x0d, 0x0d, 0x1e, 0x15, 0x25, 0x2c, 0x2a, 0x27, 0x10, 0x05, 0x0c, 0x03, 0x02, 0x02, 0x04, 0x02, 0x04, 0x06, 0x10, 0x12, 0x10, 0x25, 0x2d, 0x2c, 0x2c, 0x2c, 0x2d, 0x2c, 0x2a, 0x29, 0x29, 0x29, 0x29, 0x29, 0x27, 0x27, 0x27, 0x27, 0x28, 0x27, 0x27, 0x27, 0x27, 0x27, 0x28, 0x27, 0x27, 0x27, 0x27, 0x29, 0x29, 0x29, 0x29, 0x2a, 0x2c, 0x2c, 0x2c, 0x2a, 0x2a, 0x29, 0x29, 0x26, 0x00, 0x00, 0x00, 0x00, 0x00, 0x00, 0x00, 0x00, 0x00, 0x00, 0x00, 0x00,
  0x00, 0x00, 0x00, 0x00, 0x00, 0x00, 0x00, 0x00, 0x00, 0x00, 0x00, 0x00, 0x1f, 0x26, 0x2a, 0x29, 0x25, 0x14, 0x15, 0x17, 0x18, 0x18, 0x18, 0x18, 0x19, 0x18, 0x11, 0x03, 0x02, 0x03, 0x14, 0x15, 0x17, 0x16, 0x17, 0x18, 0x18, 0x0d, 0x0d, 0x0d, 0x0d, 0x0d, 0x1e, 0x13, 0x23, 0x2b, 0x2a, 0x27, 0x0c, 0x03, 0x0b, 0x03, 0x02, 0x04, 0x07, 0x0b, 0x07, 0x0b, 0x03, 0x02, 0x02, 0x14, 0x1f, 0x1e, 0x1e, 0x1e, 0x1e, 0x27, 0x2d, 0x2c, 0x2c, 0x2c, 0x2c, 0x2c, 0x2d, 0x2d, 0x2a, 0x2a, 0x2a, 0x2a, 0x2a, 0x2a, 0x2a, 0x2c, 0x2a, 0x2a, 0x29, 0x29, 0x29, 0x2b, 0x2b, 0x2b, 0x2b, 0x2d, 0x25, 0x1f, 0x1f, 0x27, 0x2a, 0x2b, 0x25, 0x14, 0x00, 0x00, 0x00, 0x00, 0x00, 0x00, 0x00, 0x00, 0x00, 0x00, 0x00, 0x00,
  0x00, 0x00, 0x00, 0x00, 0x00, 0x00, 0x00, 0x00, 0x00, 0x00, 0x00, 0x00, 0x00, 0x25, 0x2b, 0x2b, 0x26, 0x13, 0x17, 0x18, 0x18, 0x18, 0x18, 0x18, 0x18, 0x19, 0x15, 0x13, 0x12, 0x13, 0x15, 0x16, 0x17, 0x18, 0x18, 0x16, 0x1e, 0x0d, 0x0d, 0x0d, 0x0d, 0x0d, 0x1e, 0x13, 0x25, 0x2b, 0x29, 0x26, 0x0a, 0x03, 0x07, 0x06, 0x04, 0x07, 0x09, 0x0b, 0x06, 0x0b, 0x0b, 0x0c, 0x0f, 0x03, 0x02, 0x02, 0x02, 0x02, 0x02, 0x1f, 0x1f, 0x1f, 0x1f, 0x1f, 0x1f, 0x1f, 0x1f, 0x25, 0x2d, 0x2d, 0x2d, 0x2d, 0x2d, 0x2d, 0x2d, 0x2d, 0x2d, 0x2b, 0x2b, 0x2b, 0x27, 0x21, 0x21, 0x21, 0x21, 0x23, 0x1f, 0x15, 0x1e, 0x27, 0x2c, 0x2c, 0x25, 0x00, 0x00, 0x00, 0x00, 0x00, 0x00, 0x00, 0x00, 0x00, 0x00, 0x00, 0x00, 0x00,
  0x00, 0x00, 0x00, 0x00, 0x00, 0x00, 0x00, 0x00, 0x00, 0x00, 0x00, 0x00, 0x00, 0x25, 0x27, 0x29, 0x29, 0x25, 0x15, 0x18, 0x18, 0x18, 0x18, 0x18, 0x18, 0x18, 0x17, 0x16, 0x16, 0x16, 0x16, 0x18, 0x18, 0x18, 0x18, 0x17, 0x14, 0x0d, 0x0d, 0x0d, 0x0d, 0x0d, 0x1e, 0x11, 0x23, 0x2b, 0x2a, 0x27, 0x0c, 0x03, 0x07, 0x06, 0x06, 0x09, 0x07, 0x07, 0x07, 0x0a, 0x0a, 0x0b, 0x07, 0x0c, 0x0c, 0x0c, 0x0c, 0x0c, 0x0c, 0x01, 0x01, 0x01, 0x01, 0x01, 0x01, 0x02, 0x01, 0x1e, 0x25, 0x23, 0x23, 0x23, 0x23, 0x23, 0x23, 0x23, 0x23, 0x23, 0x23, 0x25, 0x23, 0x13, 0x13, 0x13, 0x13, 0x13, 0x15, 0x1e, 0x28, 0x2a, 0x2c, 0x28, 0x00, 0x00, 0x00, 0x00, 0x00, 0x00, 0x00, 0x00, 0x00, 0x00, 0x00, 0x00, 0x00, 0x00,
  0x00, 0x00, 0x00, 0x00, 0x00, 0x00, 0x00, 0x00, 0x00, 0x00, 0x00, 0x00, 0x00, 0x00, 0x25, 0x28, 0x2a, 0x2a, 0x23, 0x1e, 0x19, 0x18, 0x18, 0x18, 0x18, 0x17, 0x16, 0x16, 0x16, 0x16, 0x16, 0x18, 0x19, 0x19, 0x18, 0x14, 0x0d, 0x0d, 0x0d, 0x0d, 0x0d, 0x14, 0x1e, 0x21, 0x25, 0x2b, 0x27, 0x25, 0x0b, 0x03, 0x07, 0x04, 0x07, 0x05, 0x07, 0x07, 0x07, 0x04, 0x0a, 0x07, 0x07, 0x0b, 0x07, 0x0b, 0x0b, 0x0b, 0x08, 0x0a, 0x0a, 0x0a, 0x0a, 0x0a, 0x0c, 0x10, 0x11, 0x0e, 0x02, 0x02, 0x02, 0x03, 0x03, 0x02, 0x03, 0x05, 0x02, 0x11, 0x13, 0x13, 0x15, 0x19, 0x18, 0x18, 0x17, 0x15, 0x18, 0x23, 0x2a, 0x2c, 0x28, 0x25, 0x00, 0x00, 0x00, 0x00, 0x00, 0x00, 0x00, 0x00, 0x00, 0x00, 0x00, 0x00, 0x00, 0x00,
  0x00, 0x00, 0x00, 0x00, 0x00, 0x00, 0x00, 0x00, 0x00, 0x00, 0x00, 0x00, 0x00, 0x00, 0x00, 0x25, 0x2a, 0x2a, 0x2c, 0x21, 0x19, 0x18, 0x18, 0x18, 0x16, 0x16, 0x15, 0x16, 0x17, 0x16, 0x16, 0x17, 0x17, 0x1e, 0x14, 0x0d, 0x0d, 0x0d, 0x0d, 0x0d, 0x14, 0x1f, 0x1e, 0x29, 0x2c, 0x2c, 0x25, 0x01, 0x0b, 0x06, 0x04, 0x04, 0x07, 0x07, 0x0b, 0x07, 0x07, 0x07, 0x07, 0x04, 0x07, 0x09, 0x07, 0x07, 0x07, 0x0b, 0x07, 0x04, 0x02, 0x02, 0x04, 0x07, 0x0c, 0x0f, 0x0f, 0x10, 0x11, 0x11, 0x11, 0x11, 0x11, 0x11, 0x14, 0x1e, 0x17, 0x14, 0x15, 0x17, 0x18, 0x18, 0x18, 0x17, 0x17, 0x13, 0x1f, 0x2c, 0x2a, 0x2a, 0x25, 0x00, 0x00, 0x00, 0x00, 0x00, 0x00, 0x00, 0x00, 0x00, 0x00, 0x00, 0x00, 0x00, 0x00, 0x00,
  0x00, 0x00, 0x00, 0x00, 0x00, 0x00, 0x00, 0x00, 0x00, 0x00, 0x00, 0x00, 0x00, 0x00, 0x00, 0x23, 0x28, 0x2c, 0x2a, 0x2a, 0x21, 0x15, 0x18, 0x16, 0x16, 0x16, 0x16, 0x16, 0x16, 0x16, 0x17, 0x14, 0x0d, 0x0d, 0x0d, 0x0d, 0x0d, 0x0d, 0x0d, 0x0d, 0x1e, 0x15, 0x25, 0x2c, 0x2a, 0x2d, 0x25, 0x02, 0x0c, 0x06, 0x07, 0x08, 0x04, 0x0a, 0x07, 0x07, 0x0a, 0x07, 0x07, 0x07, 0x04, 0x07, 0x07, 0x07, 0x0a, 0x07, 0x07, 0x07, 0x04, 0x04, 0x05, 0x0b, 0x0f, 0x0f, 0x0f, 0x0c, 0x10, 0x10, 0x0f, 0x0e, 0x13, 0x18, 0x16, 0x15, 0x14, 0x14, 0x16, 0x16, 0x18, 0x18, 0x18, 0x1e, 0x13, 0x21, 0x27, 0x29, 0x29, 0x28, 0x25, 0x00, 0x00, 0x00, 0x00, 0x00, 0x00, 0x00, 0x00, 0x00, 0x00, 0x00, 0x00, 0x00, 0x00, 0x00,
  0x00, 0x00, 0x00, 0x00, 0x00, 0x00, 0x00, 0x00, 0x00, 0x00, 0x00, 0x00, 0x00, 0x00, 0x00, 0x00, 0x23, 0x28, 0x2c, 0x2c, 0x2a, 0x23, 0x13, 0x18, 0x15, 0x16, 0x17, 0x16, 0x17, 0x18, 0x17, 0x12, 0x0d, 0x0d, 0x0d, 0x0d, 0x0d, 0x0d, 0x14, 0x14, 0x11, 0x23, 0x2a, 0x2a, 0x2d, 0x26, 0x12, 0x0b, 0x09, 0x06, 0x07, 0x07, 0x06, 0x0b, 0x07, 0x08, 0x07, 0x07, 0x08, 0x08, 0x0b, 0x09, 0x05, 0x07, 0x0a, 0x04, 0x04, 0x04, 0x04, 0x03, 0x06, 0x0b, 0x0f, 0x0f, 0x10, 0x0f, 0x0e, 0x0f, 0x14, 0x15, 0x18, 0x18, 0x16, 0x15, 0x15, 0x16, 0x16, 0x16, 0x18, 0x18, 0x1e, 0x15, 0x21, 0x26, 0x29, 0x29, 0x27, 0x23, 0x00, 0x00, 0x00, 0x00, 0x00, 0x00, 0x00, 0x00, 0x00, 0x00, 0x00, 0x00, 0x00, 0x00, 0x00, 0x00,
  0x00, 0x00, 0x00, 0x00, 0x00, 0x00, 0x00, 0x00, 0x00, 0x00, 0x00, 0x00, 0x00, 0x00, 0x00, 0x00, 0x00, 0x23, 0x2c, 0x2c, 0x2c, 0x27, 0x1f, 0x13, 0x17, 0x16, 0x17, 0x18, 0x17, 0x13, 0x14, 0x12, 0x0a, 0x0d, 0x0d, 0x0d, 0x0d, 0x10, 0x12, 0x1f, 0x23, 0x26, 0x2a, 0x2d, 0x26, 0x1e, 0x03, 0x10, 0x05, 0x07, 0x07, 0x09, 0x07, 0x07, 0x0b, 0x0b, 0x07, 0x0c, 0x0e, 0x0e, 0x0e, 0x09, 0x09, 0x07, 0x04, 0x04, 0x04, 0x03, 0x02, 0x04, 0x07, 0x0c, 0x10, 0x0f, 0x05, 0x12, 0x14, 0x15, 0x19, 0x1e, 0x18, 0x16, 0x15, 0x15, 0x15, 0x15, 0x15, 0x15, 0x18, 0x1e, 0x15, 0x21, 0x27, 0x2b, 0x29, 0x27, 0x23, 0x00, 0x00, 0x00, 0x00, 0x00, 0x00, 0x00, 0x00, 0x00, 0x00, 0x00, 0x00, 0x00, 0x00, 0x00, 0x00, 0x00,
  0x00, 0x00, 0x00, 0x00, 0x00, 0x00, 0x00, 0x00, 0x00, 0x00, 0x00, 0x00, 0x00, 0x00, 0x00, 0x00, 0x00, 0x00, 0x23, 0x28, 0x2c, 0x2c, 0x26, 0x21, 0x13, 0x17, 0x17, 0x16, 0x1e, 0x23, 0x23, 0x23, 0x23, 0x23, 0x23, 0x23, 0x23, 0x23, 0x23, 0x26, 0x2d, 0x2a, 0x2c, 0x27, 0x1e, 0x02, 0x10, 0x0e, 0x0c, 0x0b, 0x09, 0x09, 0x08, 0x07, 0x0b, 0x09, 0x05, 0x0c, 0x0e, 0x08, 0x05, 0x05, 0x07, 0x0b, 0x04, 0x02, 0x02, 0x02, 0x02, 0x02, 0x02, 0x03, 0x06, 0x13, 0x13, 0x15, 0x1e, 0x19, 0x18, 0x18, 0x18, 0x15, 0x15, 0x15, 0x15, 0x15, 0x15, 0x15, 0x17, 0x16, 0x21, 0x26, 0x2c, 0x2a, 0x28, 0x25, 0x00, 0x00, 0x00, 0x00, 0x00, 0x00, 0x00, 0x00, 0x00, 0x00, 0x00, 0x00, 0x00, 0x00, 0x00, 0x00, 0x00, 0x00,
  0x00, 0x00, 0x00, 0x00, 0x00, 0x00, 0x00, 0x00, 0x00, 0x00, 0x00, 0x00, 0x00, 0x00, 0x00, 0x00, 0x00, 0x00, 0x00, 0x25, 0x2a, 0x29, 0x2b, 0x27, 0x1f, 0x16, 0x17, 0x15, 0x21, 0x2d, 0x2c, 0x2b, 0x2b, 0x2b, 0x2c, 0x2c, 0x2d, 0x2d, 0x2d, 0x2c, 0x2a, 0x2a, 0x26, 0x14, 0x02, 0x11, 0x0c, 0x0b, 0x0e, 0x0e, 0x08, 0x07, 0x08, 0x0b, 0x0b, 0x07, 0x07, 0x09, 0x0e, 0x0e, 0x0e, 0x05, 0x09, 0x04, 0x02, 0x02, 0x02, 0x02, 0x04, 0x0c, 0x10, 0x10, 0x10, 0x17, 0x1e, 0x18, 0x16, 0x18, 0x17, 0x17, 0x18, 0x16, 0x15, 0x16, 0x16, 0x16, 0x16, 0x15, 0x14, 0x21, 0x29, 0x2c, 0x2a, 0x28, 0x26, 0x00, 0x00, 0x00, 0x00, 0x00, 0x00, 0x00, 0x00, 0x00, 0x00, 0x00, 0x00, 0x00, 0x00, 0x00, 0x00, 0x00, 0x00, 0x00,
  0x00, 0x00, 0x00, 0x00, 0x00, 0x00, 0x00, 0x00, 0x00, 0x00, 0x00, 0x00, 0x00, 0x00, 0x00, 0x00, 0x00, 0x00, 0x00, 0x00, 0x25, 0x28, 0x29, 0x29, 0x29, 0x1f, 0x19, 0x15, 0x21, 0x29, 0x29, 0x29, 0x29, 0x29, 0x29, 0x2a, 0x2a, 0x28, 0x27, 0x27, 0x27, 0x25, 0x02, 0x02, 0x0b, 0x0f, 0x10, 0x0c, 0x0c, 0x0e, 0x09, 0x0b, 0x0c, 0x0c, 0x0c, 0x0b, 0x08, 0x0f, 0x0f, 0x0c, 0x0e, 0x0e, 0x07, 0x04, 0x03, 0x03, 0x02, 0x02, 0x12, 0x16, 0x14, 0x15, 0x16, 0x18, 0x18, 0x16, 0x17, 0x18, 0x17, 0x17, 0x17, 0x16, 0x16, 0x16, 0x16, 0x17, 0x16, 0x18, 0x1f, 0x29, 0x2a, 0x2c, 0x28, 0x23, 0x00, 0x00, 0x00, 0x00, 0x00, 0x00, 0x00, 0x00, 0x00, 0x00, 0x00, 0x00, 0x00, 0x00, 0x00, 0x00, 0x00, 0x00, 0x00, 0x00,
  0x00, 0x00, 0x00, 0x00, 0x00, 0x00, 0x00, 0x00, 0x00, 0x00, 0x00, 0x00, 0x00, 0x00, 0x00, 0x00, 0x00, 0x00, 0x00, 0x00, 0x00, 0x23, 0x27, 0x29, 0x29, 0x2b, 0x23, 0x18, 0x19, 0x1f, 0x28, 0x29, 0x29, 0x29, 0x2a, 0x2a, 0x2c, 0x21, 0x16, 0x1e, 0x14, 0x02, 0x02, 0x02, 0x02, 0x06, 0x06, 0x08, 0x05, 0x05, 0x05, 0x05, 0x05, 0x05, 0x0e, 0x0e, 0x05, 0x0e, 0x0e, 0x0e, 0x0c, 0x03, 0x02, 0x12, 0x14, 0x14, 0x14, 0x14, 0x14, 0x15, 0x15, 0x15, 0x16, 0x17, 0x18, 0x17, 0x18, 0x18, 0x18, 0x17, 0x17, 0x16, 0x16, 0x17, 0x17, 0x18, 0x13, 0x21, 0x2b, 0x29, 0x2a, 0x28, 0x22, 0x00, 0x00, 0x00, 0x00, 0x00, 0x00, 0x00, 0x00, 0x00, 0x00, 0x00, 0x00, 0x00, 0x00, 0x00, 0x00, 0x00, 0x00, 0x00, 0x00, 0x00,
  0x00, 0x00, 0x00, 0x00, 0x00, 0x00, 0x00, 0x00, 0x00, 0x00, 0x00, 0x00, 0x00, 0x00, 0x00, 0x00, 0x00, 0x00, 0x00, 0x00, 0x00, 0x00, 0x22, 0x27, 0x29, 0x2a, 0x2c, 0x23, 0x11, 0x13, 0x1e, 0x1e, 0x1e, 0x1f, 0x1f, 0x1f, 0x1f, 0x1e, 0x18, 0x18, 0x17, 0x14, 0x14, 0x14, 0x14, 0x12, 0x12, 0x12, 0x12, 0x12, 0x12, 0x12, 0x12, 0x12, 0x12, 0x13, 0x13, 0x13, 0x13, 0x13, 0x12, 0x12, 0x13, 0x14, 0x15, 0x16, 0x16, 0x15, 0x15, 0x15, 0x15, 0x15, 0x15, 0x17, 0x18, 0x18, 0x17, 0x18, 0x18, 0x16, 0x16, 0x16, 0x16, 0x17, 0x18, 0x13, 0x23, 0x27, 0x29, 0x29, 0x28, 0x23, 0x00, 0x00, 0x00, 0x00, 0x00, 0x00, 0x00, 0x00, 0x00, 0x00, 0x00, 0x00, 0x00, 0x00, 0x00, 0x00, 0x00, 0x00, 0x00, 0x00, 0x00, 0x00,
  0x00, 0x00, 0x00, 0x00, 0x00, 0x00, 0x00, 0x00, 0x00, 0x00, 0x00, 0x00, 0x00, 0x00, 0x00, 0x00, 0x00, 0x00, 0x00, 0x00, 0x00, 0x00, 0x00, 0x1f, 0x26, 0x2c, 0x2c, 0x28, 0x25, 0x23, 0x11, 0x13, 0x15, 0x14, 0x15, 0x15, 0x15, 0x16, 0x17, 0x17, 0x17, 0x17, 0x15, 0x16, 0x15, 0x17, 0x18, 0x1e, 0x1e, 0x19, 0x18, 0x18, 0x18, 0x18, 0x18, 0x18, 0x19, 0x18, 0x17, 0x18, 0x18, 0x18, 0x18, 0x16, 0x16, 0x16, 0x15, 0x15, 0x15, 0x16, 0x15, 0x16, 0x16, 0x16, 0x16, 0x16, 0x17, 0x17, 0x17, 0x17, 0x17, 0x17, 0x18, 0x16, 0x13, 0x23, 0x27, 0x29, 0x29, 0x27, 0x22, 0x00, 0x00, 0x00, 0x00, 0x00, 0x00, 0x00, 0x00, 0x00, 0x00, 0x00, 0x00, 0x00, 0x00, 0x00, 0x00, 0x00, 0x00, 0x00, 0x00, 0x00, 0x00, 0x00,
  0x00, 0x00, 0x00, 0x00, 0x00, 0x00, 0x00, 0x00, 0x00, 0x00, 0x00, 0x00, 0x00, 0x00, 0x00, 0x00, 0x00, 0x00, 0x00, 0x00, 0x00, 0x00, 0x00, 0x00, 0x00, 0x2c, 0x2d, 0x2c, 0x2d, 0x29, 0x23, 0x16, 0x15, 0x18, 0x18, 0x17, 0x17, 0x17, 0x17, 0x17, 0x17, 0x17, 0x16, 0x15, 0x15, 0x16, 0x18, 0x18, 0x18, 0x18, 0x17, 0x17, 0x16, 0x16, 0x16, 0x18, 0x18, 0x16, 0x15, 0x16, 0x16, 0x16, 0x16, 0x17, 0x17, 0x17, 0x16, 0x16, 0x17, 0x16, 0x15, 0x15, 0x15, 0x15, 0x16, 0x16, 0x16, 0x16, 0x16, 0x18, 0x18, 0x15, 0x13, 0x1f, 0x25, 0x29, 0x29, 0x29, 0x2a, 0x00, 0x00, 0x00, 0x00, 0x00, 0x00, 0x00, 0x00, 0x00, 0x00, 0x00, 0x00, 0x00, 0x00, 0x00, 0x00, 0x00, 0x00, 0x00, 0x00, 0x00, 0x00, 0x00, 0x00, 0x00,
  0x00, 0x00, 0x00, 0x00, 0x00, 0x00, 0x00, 0x00, 0x00, 0x00, 0x00, 0x00, 0x00, 0x00, 0x00, 0x00, 0x00, 0x00, 0x00, 0x00, 0x00, 0x00, 0x00, 0x00, 0x00, 0x23, 0x26, 0x2d, 0x2a, 0x2a, 0x2d, 0x25, 0x1e, 0x13, 0x15, 0x17, 0x17, 0x17, 0x16, 0x16, 0x17, 0x17, 0x16, 0x16, 0x15, 0x16, 0x18, 0x17, 0x17, 0x18, 0x18, 0x18, 0x17, 0x16, 0x18, 0x18, 0x18, 0x16, 0x16, 0x16, 0x16, 0x18, 0x18, 0x17, 0x16, 0x16, 0x17, 0x17, 0x18, 0x17, 0x16, 0x15, 0x15, 0x16, 0x17, 0x16, 0x16, 0x17, 0x17, 0x15, 0x13, 0x1e, 0x23, 0x26, 0x2c, 0x29, 0x2a, 0x25, 0x23, 0x00, 0x00, 0x00, 0x00, 0x00, 0x00, 0x00, 0x00, 0x00, 0x00, 0x00, 0x00, 0x00, 0x00, 0x00, 0x00, 0x00, 0x00, 0x00, 0x00, 0x00, 0x00, 0x00, 0x00, 0x00,
  0x00, 0x00, 0x00, 0x00, 0x00, 0x00, 0x00, 0x00, 0x00, 0x00, 0x00, 0x00, 0x00, 0x00, 0x00, 0x00, 0x00, 0x00, 0x00, 0x00, 0x00, 0x00, 0x00, 0x00, 0x00, 0x00, 0x22, 0x27, 0x2c, 0x2c, 0x2a, 0x2d, 0x25, 0x21, 0x21, 0x15, 0x14, 0x15, 0x16, 0x16, 0x17, 0x18, 0x18, 0x17, 0x17, 0x16, 0x16, 0x16, 0x17, 0x18, 0x18, 0x18, 0x17, 0x18, 0x16, 0x18, 0x18, 0x16, 0x16, 0x16, 0x16, 0x18, 0x16, 0x16, 0x17, 0x18, 0x17, 0x17, 0x18, 0x18, 0x18, 0x16, 0x16, 0x17, 0x17, 0x17, 0x15, 0x15, 0x15, 0x1f, 0x1f, 0x25, 0x2d, 0x2a, 0x2a, 0x29, 0x26, 0x22, 0x00, 0x00, 0x00, 0x00, 0x00, 0x00, 0x00, 0x00, 0x00, 0x00, 0x00, 0x00, 0x00, 0x00, 0x00, 0x00, 0x00, 0x00, 0x00, 0x00, 0x00, 0x00, 0x00, 0x00, 0x00, 0x00,
  0x00, 0x00, 0x00, 0x00, 0x00, 0x00, 0x00, 0x00, 0x00, 0x00, 0x00, 0x00, 0x00, 0x00, 0x00, 0x00, 0x00, 0x00, 0x00, 0x00, 0x00, 0x00, 0x00, 0x00, 0x00, 0x00, 0x00, 0x00, 0x26, 0x28, 0x2c, 0x2a, 0x2c, 0x2d, 0x27, 0x1e, 0x1f, 0x17, 0x14, 0x15, 0x15, 0x18, 0x18, 0x18, 0x17, 0x16, 0x15, 0x17, 0x18, 0x18, 0x18, 0x18, 0x18, 0x18, 0x18, 0x18, 0x18, 0x18, 0x18, 0x18, 0x18, 0x18, 0x18, 0x17, 0x17, 0x18, 0x18, 0x16, 0x17, 0x18, 0x17, 0x17, 0x16, 0x15, 0x15, 0x15, 0x19, 0x1e, 0x1e, 0x27, 0x2d, 0x2c, 0x2c, 0x2c, 0x28, 0x27, 0x00, 0x00, 0x00, 0x00, 0x00, 0x00, 0x00, 0x00, 0x00, 0x00, 0x00, 0x00, 0x00, 0x00, 0x00, 0x00, 0x00, 0x00, 0x00, 0x00, 0x00, 0x00, 0x00, 0x00, 0x00, 0x00, 0x00, 0x00,
  0x00, 0x00, 0x00, 0x00, 0x00, 0x00, 0x00, 0x00, 0x00, 0x00, 0x00, 0x00, 0x00, 0x00, 0x00, 0x00, 0x00, 0x00, 0x00, 0x00, 0x00, 0x00, 0x00, 0x00, 0x00, 0x00, 0x00, 0x00, 0x00, 0x00, 0x27, 0x28, 0x28, 0x2a, 0x29, 0x29, 0x2b, 0x23, 0x13, 0x17, 0x18, 0x1e, 0x1e, 0x19, 0x19, 0x18, 0x17, 0x17, 0x19, 0x18, 0x18, 0x18, 0x17, 0x17, 0x18, 0x18, 0x18, 0x18, 0x18, 0x18, 0x18, 0x18, 0x18, 0x17, 0x18, 0x19, 0x18, 0x18, 0x17, 0x19, 0x18, 0x18, 0x18, 0x18, 0x17, 0x13, 0x21, 0x2a, 0x29, 0x29, 0x2a, 0x28, 0x27, 0x25, 0x00, 0x00, 0x00, 0x00, 0x00, 0x00, 0x00, 0x00, 0x00, 0x00, 0x00, 0x00, 0x00, 0x00, 0x00, 0x00, 0x00, 0x00, 0x00, 0x00, 0x00, 0x00, 0x00, 0x00, 0x00, 0x00, 0x00, 0x00, 0x00, 0x00,
  0x00, 0x00, 0x00, 0x00, 0x00, 0x00, 0x00, 0x00, 0x00, 0x00, 0x00, 0x00, 0x00, 0x00, 0x00, 0x00, 0x00, 0x00, 0x00, 0x00, 0x00, 0x00, 0x00, 0x00, 0x00, 0x00, 0x00, 0x00, 0x00, 0x00, 0x00, 0x00, 0x26, 0x28, 0x28, 0x29, 0x29, 0x29, 0x27, 0x27, 0x29, 0x25, 0x13, 0x15, 0x15, 0x15, 0x13, 0x13, 0x15, 0x19, 0x19, 0x18, 0x18, 0x18, 0x18, 0x18, 0x18, 0x18, 0x18, 0x18, 0x18, 0x18, 0x18, 0x19, 0x19, 0x15, 0x15, 0x13, 0x13, 0x13, 0x15, 0x13, 0x15, 0x26, 0x27, 0x26, 0x27, 0x29, 0x29, 0x27, 0x27, 0x25, 0x00, 0x00, 0x00, 0x00, 0x00, 0x00, 0x00, 0x00, 0x00, 0x00, 0x00, 0x00, 0x00, 0x00, 0x00, 0x00, 0x00, 0x00, 0x00, 0x00, 0x00, 0x00, 0x00, 0x00, 0x00, 0x00, 0x00, 0x00, 0x00, 0x00, 0x00, 0x00,
  0x00, 0x00, 0x00, 0x00, 0x00, 0x00, 0x00, 0x00, 0x00, 0x00, 0x00, 0x00, 0x00, 0x00, 0x00, 0x00, 0x00, 0x00, 0x00, 0x00, 0x00, 0x00, 0x00, 0x00, 0x00, 0x00, 0x00, 0x00, 0x00, 0x00, 0x00, 0x00, 0x00, 0x00, 0x00, 0x27, 0x28, 0x29, 0x2a, 0x2a, 0x2c, 0x27, 0x25, 0x25, 0x25, 0x25, 0x25, 0x25, 0x25, 0x1e, 0x15, 0x15, 0x15, 0x13, 0x13, 0x13, 0x13, 0x13, 0x13, 0x13, 0x13, 0x15, 0x15, 0x13, 0x1e, 0x25, 0x25, 0x25, 0x25, 0x25, 0x25, 0x25, 0x25, 0x29, 0x2a, 0x29, 0x29, 0x27, 0x27, 0x23, 0x00, 0x00, 0x00, 0x00, 0x00, 0x00, 0x00, 0x00, 0x00, 0x00, 0x00, 0x00, 0x00, 0x00, 0x00, 0x00, 0x00, 0x00, 0x00, 0x00, 0x00, 0x00, 0x00, 0x00, 0x00, 0x00, 0x00, 0x00, 0x00, 0x00, 0x00, 0x00, 0x00, 0x00,
  0x00, 0x00, 0x00, 0x00, 0x00, 0x00, 0x00, 0x00, 0x00, 0x00, 0x00, 0x00, 0x00, 0x00, 0x00, 0x00, 0x00, 0x00, 0x00, 0x00, 0x00, 0x00, 0x00, 0x00, 0x00, 0x00, 0x00, 0x00, 0x00, 0x00, 0x00, 0x00, 0x00, 0x00, 0x00, 0x1f, 0x00, 0x23, 0x28, 0x2c, 0x2a, 0x2c, 0x2d, 0x2c, 0x2c, 0x2c, 0x2c, 0x2c, 0x2c, 0x23, 0x21, 0x21, 0x21, 0x21, 0x21, 0x21, 0x1f, 0x21, 0x1f, 0x1f, 0x21, 0x21, 0x21, 0x21, 0x23, 0x2d, 0x2c, 0x2c, 0x2c, 0x2b, 0x2b, 0x2b, 0x2c, 0x29, 0x28, 0x28, 0x23, 0x00, 0x00, 0x00, 0x00, 0x00, 0x00, 0x00, 0x00, 0x00, 0x00, 0x00, 0x00, 0x00, 0x00, 0x00, 0x00, 0x00, 0x00, 0x00, 0x00, 0x00, 0x00, 0x00, 0x00, 0x00, 0x00, 0x00, 0x00, 0x00, 0x00, 0x00, 0x00, 0x00, 0x00, 0x00, 0x00, 0x00,
  0x00, 0x00, 0x00, 0x00, 0x00, 0x00, 0x00, 0x00, 0x00, 0x00, 0x00, 0x00, 0x00, 0x00, 0x00, 0x00, 0x00, 0x00, 0x00, 0x00, 0x00, 0x00, 0x00, 0x00, 0x00, 0x00, 0x00, 0x00, 0x00, 0x00, 0x00, 0x00, 0x00, 0x00, 0x00, 0x00, 0x00, 0x00, 0x23, 0x23, 0x25, 0x25, 0x28, 0x2c, 0x2a, 0x2a, 0x2a, 0x2a, 0x29, 0x2c, 0x2c, 0x2a, 0x2a, 0x2a, 0x29, 0x29, 0x29, 0x29, 0x29, 0x29, 0x2a, 0x2a, 0x2c, 0x2c, 0x2c, 0x29, 0x2a, 0x2a, 0x2a, 0x2a, 0x2a, 0x2a, 0x28, 0x27, 0x27, 0x26, 0x00, 0x00, 0x00, 0x00, 0x00, 0x00, 0x00, 0x00, 0x00, 0x00, 0x00, 0x00, 0x00, 0x00, 0x00, 0x00, 0x00, 0x00, 0x00, 0x00, 0x00, 0x00, 0x00, 0x00, 0x00, 0x00, 0x00, 0x00, 0x00, 0x00, 0x00, 0x00, 0x00, 0x00, 0x00, 0x00, 0x00, 0x00,
  0x00, 0x00, 0x00, 0x00, 0x00, 0x00, 0x00, 0x00, 0x00, 0x00, 0x00, 0x00, 0x00, 0x00, 0x00, 0x00, 0x00, 0x00, 0x00, 0x00, 0x00, 0x00, 0x00, 0x00, 0x00, 0x00, 0x00, 0x00, 0x00, 0x00, 0x00, 0x00, 0x00, 0x00, 0x00, 0x00, 0x00, 0x00, 0x00, 0x00, 0x00, 0x00, 0x25, 0x27, 0x26, 0x27, 0x26, 0x26, 0x2c, 0x2a, 0x2a, 0x29, 0x29, 0x29, 0x29, 0x29, 0x29, 0x29, 0x29, 0x29, 0x29, 0x29, 0x2a, 0x2a, 0x2a, 0x2c, 0x27, 0x26, 0x26, 0x26, 0x26, 0x26, 0x26, 0x00, 0x00, 0x00, 0x00, 0x00, 0x00, 0x00, 0x00, 0x00, 0x00, 0x00, 0x00, 0x00, 0x00, 0x00, 0x00, 0x00, 0x00, 0x00, 0x00, 0x00, 0x00, 0x00, 0x00, 0x00, 0x00, 0x00, 0x00, 0x00, 0x00, 0x00, 0x00, 0x00, 0x00, 0x00, 0x00, 0x00, 0x00, 0x00, 0x00, 0x00,
  0x00, 0x00, 0x00, 0x00, 0x00, 0x00, 0x00, 0x00, 0x00, 0x00, 0x00, 0x00, 0x00, 0x00, 0x00, 0x00, 0x00, 0x00, 0x00, 0x00, 0x00, 0x00, 0x00, 0x00, 0x00, 0x00, 0x00, 0x00, 0x00, 0x00, 0x00, 0x00, 0x00, 0x00, 0x00, 0x00, 0x00, 0x00, 0x00, 0x00, 0x00, 0x00, 0x00, 0x00, 0x00, 0x00, 0x00, 0x00, 0x27, 0x28, 0x27, 0x27, 0x27, 0x27, 0x27, 0x27, 0x27, 0x27, 0x27, 0x27, 0x27, 0x27, 0x27, 0x27, 0x28, 0x28, 0x00, 0x00, 0x00, 0x00, 0x00, 0x00, 0x00, 0x00, 0x00, 0x00, 0x00, 0x00, 0x00, 0x00, 0x00, 0x00, 0x00, 0x00, 0x00, 0x00, 0x00, 0x00, 0x00, 0x00, 0x00, 0x00, 0x00, 0x00, 0x00, 0x00, 0x00, 0x00, 0x00, 0x00, 0x00, 0x00, 0x00, 0x00, 0x00, 0x00, 0x00, 0x00, 0x00, 0x00, 0x00, 0x00, 0x00, 0x00,
};

const lv_img_dsc_t img_baby_yawn2 = {
  .header.cf = LV_IMG_CF_INDEXED_8BIT,
  .header.always_zero = 0,
  .header.reserved = 0,
  .header.w = 114,
  .header.h = 185,
  .data_size = 22114,
  .data = img_baby_yawn2_map,
};

static const uint8_t img_baby_awake_map[] = {
  /* palette (256 x BGRA) */
  0x00, 0x00, 0x00, 0x00,
  0xff, 0xfb, 0xef, 0xff,
  0xfb, 0xef, 0xdd, 0xff,
  0xfb, 0xee, 0xd8, 0xff,
  0xf9, 0xec, 0xd8, 0xff,
  0xfa, 0xed, 0xd5, 0xff,
  0xfa, 0xec, 0xd6, 0xff,
  0xf9, 0xec, 0xd6, 0xff,
  0xf9, 0xec, 0xd5, 0xff,
  0xf8, 0xec, 0xd5, 0xff,
  0xf8, 0xeb, 0xd8, 0xff,
  0xf8, 0xeb, 0xd5, 0xff,
  0xf8, 0xea, 0xd4, 0xff,
  0xd4, 0xde, 0xe7, 0xff,
  0xf9, 0xeb, 0xd2, 0xff,
  0xf8, 0xe9, 0xd1, 0xff,
  0xf6, 0xe7, 0xd0, 0xff,
  0xf6, 0xe4, 0xc8, 0xff,
  0xef, 0xdd, 0xc5, 0xff,
  0xf0, 0xd9, 0xba, 0xff,
  0xe7, 0xd0, 0xb6, 0xff,
  0xe9, 0xcf, 0xae, 0xff,
  0xe7, 0xcc, 0xad, 0xff,
  0xe6, 0xca, 0xac, 0xff,
  0xe6, 0xca, 0xa9, 0xff,
  0xe5, 0xc9, 0xa2, 0xff,
  0xa8, 0xc2, 0xf5, 0xff,
  0xaa, 0xc3, 0xf1, 0xff,
  0xa5, 0xbf, 0xf2, 0xff,
  0xa0, 0xb3, 0xe7, 0xff,
  0xde, 0xc2, 0xa0, 0xff,
  0xc4, 0xaf, 0x9d, 0xff,
  0xde, 0xb8, 0x80, 0xff,
  0xd1, 0xab, 0x7b, 0xff,
  0x93, 0x8a, 0xa4, 0xff,
  0x9f, 0x80, 0x6a, 0xff,
  0x6f, 0x5d, 0x89, 0xff,
  0x7a, 0x5c, 0x4e, 0xff,
  0x70, 0x4d, 0x38, 0xff,
  0x60, 0x3b, 0x2d, 0xff,
  0x53, 0x2f, 0x23, 0xff,
  0x5a, 0x2b, 0x18, 0xff,
  0x53, 0x25, 0x16, 0xff,
  0x56, 0x1f, 0x0e, 0xff,
  0x44, 0x1d, 0x11, 0xff,
  0x3d, 0x14, 0x05, 0xff,
  0x00, 0x00, 0x01, 0xff,
  0x00, 0x00, 0x00, 0xff,
  0x00, 0x00, 0x00, 0x00,
  0x00, 0x00, 0x00, 0x00,
  0x00, 0x00, 0x00, 0x00,
  0x00, 0x00, 0x00, 0x00,
  0x00, 0x00, 0x00, 0x00,
  0x00, 0x00, 0x00, 0x00,
  0x00, 0x00, 0x00, 0x00,
  0x00, 0x00, 0x00, 0x00,
  0x00, 0x00, 0x00, 0x00,
  0x00, 0x00, 0x00, 0x00,
  0x00, 0x00, 0x00, 0x00,
  0x00, 0x00, 0x00, 0x00,
  0x00, 0x00, 0x00, 0x00,
  0x00, 0x00, 0x00, 0x00,
  0x00, 0x00, 0x00, 0x00,
  0x00, 0x00, 0x00, 0x00,
  0x00, 0x00, 0x00, 0x00,
  0x00, 0x00, 0x00, 0x00,
  0x00, 0x00, 0x00, 0x00,
  0x00, 0x00, 0x00, 0x00,
  0x00, 0x00, 0x00, 0x00,
  0x00, 0x00, 0x00, 0x00,
  0x00, 0x00, 0x00, 0x00,
  0x00, 0x00, 0x00, 0x00,
  0x00, 0x00, 0x00, 0x00,
  0x00, 0x00, 0x00, 0x00,
  0x00, 0x00, 0x00, 0x00,
  0x00, 0x00, 0x00, 0x00,
  0x00, 0x00, 0x00, 0x00,
  0x00, 0x00, 0x00, 0x00,
  0x00, 0x00, 0x00, 0x00,
  0x00, 0x00, 0x00, 0x00,
  0x00, 0x00, 0x00, 0x00,
  0x00, 0x00, 0x00, 0x00,
  0x00, 0x00, 0x00, 0x00,
  0x00, 0x00, 0x00, 0x00,
  0x00, 0x00, 0x00, 0x00,
  0x00, 0x00, 0x00, 0x00,
  0x00, 0x00, 0x00, 0x00,
  0x00, 0x00, 0x00, 0x00,
  0x00, 0x00, 0x00, 0x00,
  0x00, 0x00, 0x00, 0x00,
  0x00, 0x00, 0x00, 0x00,
  0x00, 0x00, 0x00, 0x00,
  0x00, 0x00, 0x00, 0x00,
  0x00, 0x00, 0x00, 0x00,
  0x00, 0x00, 0x00, 0x00,
  0x00, 0x00, 0x00, 0x00,
  0x00, 0x00, 0x00, 0x00,
  0x00, 0x00, 0x00, 0x00,
  0x00, 0x00, 0x00, 0x00,
  0x00, 0x00, 0x00, 0x00,
  0x00, 0x00, 0x00, 0x00,
  0x00, 0x00, 0x00, 0x00,
  0x00, 0x00, 0x00, 0x00,
  0x00, 0x00, 0x00, 0x00,
  0x00, 0x00, 0x00, 0x00,
  0x00, 0x00, 0x00, 0x00,
  0x00, 0x00, 0x00, 0x00,
  0x00, 0x00, 0x00, 0x00,
  0x00, 0x00, 0x00, 0x00,
  0x00, 0x00, 0x00, 0x00,
  0x00, 0x00, 0x00, 0x00,
  0x00, 0x00, 0x00, 0x00,
  0x00, 0x00, 0x00, 0x00,
  0x00, 0x00, 0x00, 0x00,
  0x00, 0x00, 0x00, 0x00,
  0x00, 0x00, 0x00, 0x00,
  0x00, 0x00, 0x00, 0x00,
  0x00, 0x00, 0x00, 0x00,
  0x00, 0x00, 0x00, 0x00,
  0x00, 0x00, 0x00, 0x00,
  0x00, 0x00, 0x00, 0x00,
  0x00, 0x00, 0x00, 0x00,
  0x00, 0x00, 0x00, 0x00,
  0x00, 0x00, 0x00, 0x00,
  0x00, 0x00, 0x00, 0x00,
  0x00, 0x00, 0x00, 0x00,
  0x00, 0x00, 0x00, 0x00,
  0x00, 0x00, 0x00, 0x00,
  0x00, 0x00, 0x00, 0x00,
  0x00, 0x00, 0x00, 0x00,
  0x00, 0x00, 0x00, 0x00,
  0x00, 0x00, 0x00, 0x00,
  0x00, 0x00, 0x00, 0x00,
  0x00, 0x00, 0x00, 0x00,
  0x00, 0x00, 0x00, 0x00,
  0x00, 0x00, 0x00, 0x00,
  0x00, 0x00, 0x00, 0x00,
  0x00, 0x00, 0x00, 0x00,
  0x00, 0x00, 0x00, 0x00,
  0x00, 0x00, 0x00, 0x00,
  0x00, 0x00, 0x00, 0x00,
  0x00, 0x00, 0x00, 0x00,
  0x00, 0x00, 0x00, 0x00,
  0x00, 0x00, 0x00, 0x00,
  0x00, 0x00, 0x00, 0x00,
  0x00, 0x00, 0x00, 0x00,
  0x00, 0x00, 0x00, 0x00,
  0x00, 0x00, 0x00, 0x00,
  0x00, 0x00, 0x00, 0x00,
  0x00, 0x00, 0x00, 0x00,
  0x00, 0x00, 0x00, 0x00,
  0x00, 0x00, 0x00, 0x00,
  0x00, 0x00, 0x00, 0x00,
  0x00, 0x00, 0x00, 0x00,
  0x00, 0x00, 0x00, 0x00,
  0x00, 0x00, 0x00, 0x00,
  0x00, 0x00, 0x00, 0x00,
  0x00, 0x00, 0x00, 0x00,
  0x00, 0x00, 0x00, 0x00,
  0x00, 0x00, 0x00, 0x00,
  0x00, 0x00, 0x00, 0x00,
  0x00, 0x00, 0x00, 0x00,
  0x00, 0x00, 0x00, 0x00,
  0x00, 0x00, 0x00, 0x00,
  0x00, 0x00, 0x00, 0x00,
  0x00, 0x00, 0x00, 0x00,
  0x00, 0x00, 0x00, 0x00,
  0x00, 0x00, 0x00, 0x00,
  0x00, 0x00, 0x00, 0x00,
  0x00, 0x00, 0x00, 0x00,
  0x00, 0x00, 0x00, 0x00,
  0x00, 0x00, 0x00, 0x00,
  0x00, 0x00, 0x00, 0x00,
  0x00, 0x00, 0x00, 0x00,
  0x00, 0x00, 0x00, 0x00,
  0x00, 0x00, 0x00, 0x00,
  0x00, 0x00, 0x00, 0x00,
  0x00, 0x00, 0x00, 0x00,
  0x00, 0x00, 0x00, 0x00,
  0x00, 0x00, 0x00, 0x00,
  0x00, 0x00, 0x00, 0x00,
  0x00, 0x00, 0x00, 0x00,
  0x00, 0x00, 0x00, 0x00,
  0x00, 0x00, 0x00, 0x00,
  0x00, 0x00, 0x00, 0x00,
  0x00, 0x00, 0x00, 0x00,
  0x00, 0x00, 0x00, 0x00,
  0x00, 0x00, 0x00, 0x00,
  0x00, 0x00, 0x00, 0x00,
  0x00, 0x00, 0x00, 0x00,
  0x00, 0x00, 0x00, 0x00,
  0x00, 0x00, 0x00, 0x00,
  0x00, 0x00, 0x00, 0x00,
  0x00, 0x00, 0x00, 0x00,
  0x00, 0x00, 0x00, 0x00,
  0x00, 0x00, 0x00, 0x00,
  0x00, 0x00, 0x00, 0x00,
  0x00, 0x00, 0x00, 0x00,
  0x00, 0x00, 0x00, 0x00,
  0x00, 0x00, 0x00, 0x00,
  0x00, 0x00, 0x00, 0x00,
  0x00, 0x00, 0x00, 0x00,
  0x00, 0x00, 0x00, 0x00,
  0x00, 0x00, 0x00, 0x00,
  0x00, 0x00, 0x00, 0x00,
  0x00, 0x00, 0x00, 0x00,
  0x00, 0x00, 0x00, 0x00,
  0x00, 0x00, 0x00, 0x00,
  0x00, 0x00, 0x00, 0x00,
  0x00, 0x00, 0x00, 0x00,
  0x00, 0x00, 0x00, 0x00,
  0x00, 0x00, 0x00, 0x00,
  0x00, 0x00, 0x00, 0x00,
  0x00, 0x00, 0x00, 0x00,
  0x00, 0x00, 0x00, 0x00,
  0x00, 0x00, 0x00, 0x00,
  0x00, 0x00, 0x00, 0x00,
  0x00, 0x00, 0x00, 0x00,
  0x00, 0x00, 0x00, 0x00,
  0x00, 0x00, 0x00, 0x00,
  0x00, 0x00, 0x00, 0x00,
  0x00, 0x00, 0x00, 0x00,
  0x00, 0x00, 0x00, 0x00,
  0x00, 0x00, 0x00, 0x00,
  0x00, 0x00, 0x00, 0x00,
  0x00, 0x00, 0x00, 0x00,
  0x00, 0x00, 0x00, 0x00,
  0x00, 0x00, 0x00, 0x00,
  0x00, 0x00, 0x00, 0x00,
  0x00, 0x00, 0x00, 0x00,
  0x00, 0x00, 0x00, 0x00,
  0x00, 0x00, 0x00, 0x00,
  0x00, 0x00, 0x00, 0x00,
  0x00, 0x00, 0x00, 0x00,
  0x00, 0x00, 0x00, 0x00,
  0x00, 0x00, 0x00, 0x00,
  0x00, 0x00, 0x00, 0x00,
  0x00, 0x00, 0x00, 0x00,
  0x00, 0x00, 0x00, 0x00,
  0x00, 0x00, 0x00, 0x00,
  0x00, 0x00, 0x00, 0x00,
  0x00, 0x00, 0x00, 0x00,
  0x00, 0x00, 0x00, 0x00,
  0x00, 0x00, 0x00, 0x00,
  0x00, 0x00, 0x00, 0x00,
  0x00, 0x00, 0x00, 0x00,
  0x00, 0x00, 0x00, 0x00,
  0x00, 0x00, 0x00, 0x00,
  0x00, 0x00, 0x00, 0x00,
  0x00, 0x00, 0x00, 0x00,
  0x00, 0x00, 0x00, 0x00,
  0x00, 0x00, 0x00, 0x00,
  0x00, 0x00, 0x00, 0x00,
  0x00, 0x00, 0x00, 0x00,
  0x00, 0x00, 0x00, 0x00,
  0x00, 0x00, 0x00, 0x00,
  /* pixel indices */
  0x00, 0x00, 0x00, 0x00, 0x00, 0x00, 0x00, 0x00, 0x00, 0x00, 0x00, 0x00, 0x00, 0x00, 0x00, 0x00, 0x00, 0x00, 0x00, 0x00, 0x00, 0x00, 0x00, 0x00, 0x00, 0x00, 0x00, 0x00, 0x00, 0x00, 0x00, 0x00, 0x00, 0x00, 0x00, 0x00, 0x00, 0x00, 0x00, 0x00, 0x00, 0x00, 0x00, 0x00, 0x00, 0x00, 0x00, 0x00, 0x00, 0x00, 0x00, 0x00, 0x00, 0x27, 0x28, 0x25, 0x25, 0x25, 0x25, 0x28, 0x28, 0x00, 0x00, 0x00, 0x00, 0x00, 0x00, 0x00, 0x00, 0x00, 0x00, 0x00, 0x00, 0x00, 0x00, 0x00, 0x00, 0x00, 0x00, 0x00, 0x00, 0x00, 0x00, 0x00, 0x00, 0x00, 0x00, 0x00, 0x00, 0x00, 0x00, 0x00, 0x00, 0x00, 0x00, 0x00, 0x00, 0x00, 0x00, 0x00, 0x00, 0x00, 0x00, 0x00, 0x00, 0x00, 0x00, 0x00, 0x00, 0x00, 0x00, 0x00, 0x00, 0x00,
  0x00, 0x00, 0x00, 0x00, 0x00, 0x00, 0x00, 0x00, 0x00, 0x00, 0x00, 0x00, 0x00, 0x00, 0x00, 0x00, 0x00, 0x00, 0x00, 0x00, 0x00, 0x00, 0x00, 0x00, 0x00, 0x00, 0x00, 0x00, 0x00, 0x00, 0x00, 0x00, 0x00, 0x00, 0x00, 0x00, 0x00, 0x00, 0x00, 0x00, 0x00, 0x00, 0x00, 0x00, 0x00, 0x00, 0x00, 0x00, 0x00, 0x00, 0x00, 0x00, 0x23, 0x2a, 0x2a, 0x2d, 0x2d, 0x2d, 0x2d, 0x2a, 0x2a, 0x23, 0x00, 0x00, 0x00, 0x00, 0x00, 0x00, 0x00, 0x00, 0x00, 0x00, 0x00, 0x00, 0x00, 0x00, 0x00, 0x00, 0x00, 0x00, 0x00, 0x00, 0x00, 0x00, 0x00, 0x00, 0x00, 0x00, 0x00, 0x00, 0x00, 0x00, 0x00, 0x00, 0x00, 0x00, 0x00, 0x00, 0x00, 0x00, 0x00, 0x00, 0x00, 0x00, 0x00, 0x00, 0x00, 0x00, 0x00, 0x00, 0x00, 0x00, 0x00, 0x00,
  0x00, 0x00, 0x00, 0x00, 0x00, 0x00, 0x00, 0x00, 0x00, 0x00, 0x00, 0x00, 0x00, 0x00, 0x00, 0x00, 0x00, 0x00, 0x00, 0x00, 0x00, 0x00, 0x00, 0x00, 0x00, 0x00, 0x00, 0x00, 0x00, 0x00, 0x00, 0x00, 0x00, 0x00, 0x00, 0x00, 0x00, 0x00, 0x00, 0x00, 0x00, 0x00, 0x00, 0x00, 0x00, 0x00, 0x00, 0x00, 0x00, 0x00, 0x1f, 0x25, 0x29, 0x2a, 0x2c, 0x2c, 0x2a, 0x2a, 0x2a, 0x2a, 0x29, 0x29, 0x26, 0x00, 0x00, 0x00, 0x00, 0x00, 0x00, 0x00, 0x00, 0x00, 0x00, 0x00, 0x00, 0x00, 0x00, 0x00, 0x00, 0x00, 0x00, 0x00, 0x00, 0x00, 0x00, 0x00, 0x00, 0x00, 0x00, 0x00, 0x00, 0x00, 0x00, 0x00, 0x00, 0x00, 0x00, 0x00, 0x00, 0x00, 0x00, 0x00, 0x00, 0x00, 0x00, 0x00, 0x00, 0x00, 0x00, 0x00, 0x00, 0x00, 0x00, 0x00,
  0x00, 0x00, 0x00, 0x00, 0x00, 0x00, 0x00, 0x00, 0x00, 0x00, 0x00, 0x00, 0x00, 0x00, 0x00, 0x00, 0x00, 0x00, 0x00, 0x00, 0x00, 0x00, 0x00, 0x00, 0x00, 0x00, 0x00, 0x00, 0x00, 0x00, 0x00, 0x00, 0x00, 0x00, 0x00, 0x00, 0x00, 0x00, 0x00, 0x00, 0x00, 0x00, 0x00, 0x00, 0x00, 0x00, 0x00, 0x00, 0x00, 0x26, 0x28, 0x29, 0x29, 0x28, 0x28, 0x28, 0x28, 0x28, 0x28, 0x28, 0x28, 0x29, 0x29, 0x28, 0x27, 0x00, 0x00, 0x00, 0x00, 0x00, 0x00, 0x00, 0x00, 0x00, 0x00, 0x00, 0x00, 0x00, 0x00, 0x00, 0x00, 0x00, 0x00, 0x00, 0x00, 0x00, 0x00, 0x00, 0x00, 0x00, 0x00, 0x00, 0x00, 0x00, 0x00, 0x00, 0x00, 0x00, 0x00, 0x00, 0x00, 0x00, 0x00, 0x00, 0x00, 0x00, 0x00, 0x00, 0x00, 0x00, 0x00, 0x00, 0x00, 0x00,
  0x00, 0x00, 0x00, 0x00, 0x00, 0x00, 0x00, 0x00, 0x00, 0x00, 0x00, 0x00, 0x00, 0x00, 0x00, 0x00, 0x00, 0x00, 0x00, 0x00, 0x00, 0x00, 0x00, 0x00, 0x00, 0x00, 0x00, 0x00, 0x00, 0x00, 0x00, 0x00, 0x00, 0x00, 0x00, 0x00, 0x00, 0x00, 0x00, 0x00, 0x00, 0x00, 0x00, 0x27, 0x28, 0x28, 0x27, 0x27, 0x27, 0x29, 0x29, 0x29, 0x28, 0x28, 0x24, 0x24, 0x24, 0x24, 0x24, 0x24, 0x28, 0x2a, 0x29, 0x29, 0x28, 0x27, 0x27, 0x28, 0x28, 0x28, 0x27, 0x00, 0x00, 0x00, 0x00, 0x00, 0x00, 0x00, 0x00, 0x00, 0x00, 0x00, 0x00, 0x00, 0x00, 0x00, 0x00, 0x00, 0x00, 0x00, 0x00, 0x00, 0x00, 0x00, 0x00, 0x00, 0x00, 0x00, 0x00, 0x00, 0x00, 0x00, 0x00, 0x00, 0x00, 0x00, 0x00, 0x00, 0x00, 0x00, 0x00, 0x00, 0x00, 0x00,
  0x00, 0x00, 0x00, 0x00, 0x00, 0x00, 0x00, 0x00, 0x00, 0x00, 0x00, 0x00, 0x00, 0x00, 0x00, 0x00, 0x00, 0x00, 0x00, 0x00, 0x00, 0x00, 0x00, 0x00, 0x00, 0x00, 0x00, 0x00, 0x00, 0x00, 0x00, 0x00, 0x00, 0x00, 0x00, 0x00, 0x00, 0x00, 0x00, 0x25, 0x26, 0x26, 0x26, 0x2a, 0x2c, 0x2a, 0x2a, 0x29, 0x29, 0x29, 0x29, 0x2a, 0x27, 0x24, 0x24, 0x24, 0x24, 0x24, 0x24, 0x24, 0x24, 0x27, 0x2a, 0x29, 0x2a, 0x2a, 0x2a, 0x2c, 0x2c, 0x2c, 0x2c, 0x27, 0x27, 0x26, 0x00, 0x00, 0x00, 0x00, 0x00, 0x00, 0x00, 0x00, 0x00, 0x00, 0x00, 0x00, 0x00, 0x00, 0x00, 0x00, 0x00, 0x00, 0x00, 0x00, 0x00, 0x00, 0x00, 0x00, 0x00, 0x00, 0x00, 0x00, 0x00, 0x00, 0x00, 0x00, 0x00, 0x00, 0x00, 0x00, 0x00, 0x00, 0x00, 0x00,
  0x00, 0x00, 0x00, 0x00, 0x00, 0x00, 0x00, 0x00, 0x00, 0x00, 0x00, 0x00, 0x00, 0x00, 0x00, 0x00, 0x00, 0x00, 0x00, 0x00, 0x00, 0x00, 0x00, 0x00, 0x00, 0x00, 0x00, 0x00, 0x00, 0x00, 0x00, 0x00, 0x00, 0x00, 0x00, 0x00, 0x25, 0x27, 0x26, 0x28, 0x2c, 0x2c, 0x2d, 0x2d, 0x2d, 0x2d, 0x2d, 0x2c, 0x29, 0x29, 0x2a, 0x27, 0x24, 0x22, 0x24, 0x24, 0x24, 0x24, 0x24, 0x24, 0x22, 0x24, 0x27, 0x2a, 0x29, 0x2a, 0x2d, 0x2d, 0x2d, 0x2d, 0x2d, 0x2d, 0x2c, 0x2c, 0x28, 0x26, 0x27, 0x25, 0x00, 0x00, 0x00, 0x00, 0x00, 0x00, 0x00, 0x00, 0x00, 0x00, 0x00, 0x00, 0x00, 0x00, 0x00, 0x00, 0x00, 0x00, 0x00, 0x00, 0x00, 0x00, 0x00, 0x00, 0x00, 0x00, 0x00, 0x00, 0x00, 0x00, 0x00, 0x00, 0x00, 0x00, 0x00, 0x00,
  0x00, 0x00, 0x00, 0x00, 0x00, 0x00, 0x00, 0x00, 0x00, 0x00, 0x00, 0x00, 0x00, 0x00, 0x00, 0x00, 0x00, 0x00, 0x00, 0x00, 0x00, 0x00, 0x00, 0x00, 0x00, 0x00, 0x00, 0x00, 0x00, 0x00, 0x00, 0x00, 0x00, 0x00, 0x23, 0x23, 0x27, 0x29, 0x29, 0x2b, 0x2b, 0x2d, 0x26, 0x23, 0x25, 0x23, 0x23, 0x23, 0x29, 0x29, 0x2a, 0x24, 0x22, 0x24, 0x24, 0x24, 0x24, 0x24, 0x24, 0x24, 0x24, 0x22, 0x24, 0x2a, 0x2a, 0x28, 0x23, 0x23, 0x23, 0x25, 0x23, 0x27, 0x2d, 0x2b, 0x2a, 0x29, 0x29, 0x27, 0x23, 0x23, 0x00, 0x00, 0x00, 0x00, 0x00, 0x00, 0x00, 0x00, 0x00, 0x00, 0x00, 0x00, 0x00, 0x00, 0x00, 0x00, 0x00, 0x00, 0x00, 0x00, 0x00, 0x00, 0x00, 0x00, 0x00, 0x00, 0x00, 0x00, 0x00, 0x00, 0x00, 0x00, 0x00, 0x00,
  0x00, 0x00, 0x00, 0x00, 0x00, 0x00, 0x00, 0x00, 0x00, 0x00, 0x00, 0x00, 0x00, 0x00, 0x00, 0x00, 0x00, 0x00, 0x00, 0x00, 0x00, 0x00, 0x00, 0x00, 0x00, 0x00, 0x00, 0x00, 0x00, 0x00, 0x00, 0x00, 0x00, 0x27, 0x28, 0x29, 0x29, 0x2a, 0x29, 0x27, 0x26, 0x28, 0x21, 0x02, 0x03, 0x03, 0x02, 0x10, 0x28, 0x2a, 0x2a, 0x24, 0x22, 0x24, 0x24, 0x24, 0x24, 0x24, 0x24, 0x24, 0x24, 0x22, 0x24, 0x2a, 0x2b, 0x27, 0x02, 0x02, 0x02, 0x03, 0x02, 0x23, 0x27, 0x26, 0x27, 0x2a, 0x29, 0x2a, 0x2a, 0x2a, 0x25, 0x00, 0x00, 0x00, 0x00, 0x00, 0x00, 0x00, 0x00, 0x00, 0x00, 0x00, 0x00, 0x00, 0x00, 0x00, 0x00, 0x00, 0x00, 0x00, 0x00, 0x00, 0x00, 0x00, 0x00, 0x00, 0x00, 0x00, 0x00, 0x00, 0x00, 0x00, 0x00, 0x00,
  0x00, 0x00, 0x00, 0x00, 0x00, 0x00, 0x00, 0x00, 0x00, 0x00, 0x00, 0x00, 0x00, 0x00, 0x00, 0x00, 0x00, 0x00, 0x00, 0x00, 0x00, 0x00, 0x00, 0x00, 0x00, 0x00, 0x00, 0x00, 0x00, 0x00, 0x00, 0x26, 0x2c, 0x2a, 0x29, 0x29, 0x27, 0x27, 0x27, 0x1e, 0x02, 0x10, 0x11, 0x11, 0x10, 0x11, 0x10, 0x14, 0x2a, 0x2a, 0x2c, 0x24, 0x24, 0x24, 0x24, 0x24, 0x24, 0x24, 0x24, 0x24, 0x24, 0x22, 0x24, 0x2a, 0x2b, 0x27, 0x12, 0x10, 0x10, 0x10, 0x11, 0x11, 0x0f, 0x01, 0x1f, 0x28, 0x27, 0x27, 0x29, 0x2a, 0x2a, 0x2a, 0x28, 0x00, 0x00, 0x00, 0x00, 0x00, 0x00, 0x00, 0x00, 0x00, 0x00, 0x00, 0x00, 0x00, 0x00, 0x00, 0x00, 0x00, 0x00, 0x00, 0x00, 0x00, 0x00, 0x00, 0x00, 0x00, 0x00, 0x00, 0x00, 0x00, 0x00, 0x00,
  0x00, 0x00, 0x00, 0x00, 0x00, 0x00, 0x00, 0x00, 0x00, 0x00, 0x00, 0x00, 0x00, 0x00, 0x00, 0x00, 0x00, 0x00, 0x00, 0x00, 0x00, 0x00, 0x00, 0x00, 0x00, 0x00, 0x00, 0x00, 0x22, 0x26, 0x27, 0x2a, 0x2a, 0x2c, 0x2d, 0x28, 0x12, 0x10, 0x10, 0x02, 0x02, 0x0b, 0x10, 0x10, 0x0f, 0x10, 0x0e, 0x14, 0x28, 0x2c, 0x2c, 0x27, 0x24, 0x24, 0x24, 0x24, 0x24, 0x24, 0x24, 0x24, 0x24, 0x22, 0x27, 0x2c, 0x2c, 0x27, 0x11, 0x0f, 0x10, 0x0f, 0x10, 0x0f, 0x04, 0x02, 0x02, 0x10, 0x10, 0x12, 0x28, 0x2d, 0x2c, 0x2c, 0x2c, 0x28, 0x27, 0x00, 0x00, 0x00, 0x00, 0x00, 0x00, 0x00, 0x00, 0x00, 0x00, 0x00, 0x00, 0x00, 0x00, 0x00, 0x00, 0x00, 0x00, 0x00, 0x00, 0x00, 0x00, 0x00, 0x00, 0x00, 0x00, 0x00, 0x00, 0x00,
  0x00, 0x00, 0x00, 0x00, 0x00, 0x00, 0x00, 0x00, 0x00, 0x00, 0x00, 0x00, 0x00, 0x00, 0x00, 0x00, 0x00, 0x00, 0x00, 0x00, 0x00, 0x00, 0x00, 0x00, 0x00, 0x00, 0x00, 0x23, 0x26, 0x2d, 0x2c, 0x2d, 0x2d, 0x26, 0x1f, 0x1e, 0x02, 0x02, 0x02, 0x02, 0x0a, 0x0a, 0x10, 0x10, 0x0f, 0x10, 0x0f, 0x14, 0x2d, 0x2c, 0x2a, 0x2c, 0x24, 0x22, 0x22, 0x22, 0x22, 0x22, 0x22, 0x24, 0x24, 0x24, 0x2c, 0x2a, 0x2d, 0x2a, 0x12, 0x0f, 0x0f, 0x0f, 0x0e, 0x0b, 0x0a, 0x04, 0x02, 0x02, 0x02, 0x02, 0x1e, 0x1e, 0x27, 0x2d, 0x2d, 0x2c, 0x2d, 0x27, 0x22, 0x00, 0x00, 0x00, 0x00, 0x00, 0x00, 0x00, 0x00, 0x00, 0x00, 0x00, 0x00, 0x00, 0x00, 0x00, 0x00, 0x00, 0x00, 0x00, 0x00, 0x00, 0x00, 0x00, 0x00, 0x00, 0x00, 0x00,
  0x00, 0x00, 0x00, 0x00, 0x00, 0x00, 0x00, 0x00, 0x00, 0x00, 0x00, 0x00, 0x00, 0x00, 0x00, 0x00, 0x00, 0x00, 0x00, 0x00, 0x00, 0x00, 0x00, 0x00, 0x00, 0x00, 0x25, 0x27, 0x2d, 0x2a, 0x2d, 0x23, 0x23, 0x1e, 0x02, 0x02, 0x04, 0x04, 0x0a, 0x04, 0x04, 0x04, 0x0b, 0x10, 0x10, 0x11, 0x11, 0x11, 0x1f, 0x28, 0x2c, 0x2c, 0x28, 0x24, 0x24, 0x24, 0x24, 0x24, 0x24, 0x24, 0x27, 0x2c, 0x2c, 0x2c, 0x27, 0x1f, 0x03, 0x11, 0x11, 0x10, 0x0c, 0x04, 0x04, 0x0a, 0x02, 0x0a, 0x0a, 0x0a, 0x03, 0x02, 0x1f, 0x1f, 0x23, 0x2d, 0x2c, 0x2c, 0x27, 0x25, 0x00, 0x00, 0x00, 0x00, 0x00, 0x00, 0x00, 0x00, 0x00, 0x00, 0x00, 0x00, 0x00, 0x00, 0x00, 0x00, 0x00, 0x00, 0x00, 0x00, 0x00, 0x00, 0x00, 0x00, 0x00, 0x00,
  0x00, 0x00, 0x00, 0x00, 0x00, 0x00, 0x00, 0x00, 0x00, 0x00, 0x00, 0x00, 0x00, 0x00, 0x00, 0x00, 0x00, 0x00, 0x00, 0x00, 0x00, 0x00, 0x00, 0x00, 0x23, 0x23, 0x27, 0x2d, 0x2d, 0x2a, 0x25, 0x12, 0x02, 0x05, 0x11, 0x10, 0x0e, 0x05, 0x04, 0x03, 0x04, 0x0a, 0x0a, 0x0c, 0x05, 0x03, 0x03, 0x1e, 0x1f, 0x27, 0x2c, 0x2a, 0x2a, 0x2a, 0x2a, 0x2a, 0x2a, 0x2a, 0x2a, 0x2c, 0x2c, 0x2a, 0x2a, 0x2c, 0x27, 0x1f, 0x1f, 0x0f, 0x03, 0x05, 0x0b, 0x0a, 0x04, 0x0a, 0x0a, 0x0a, 0x04, 0x0a, 0x10, 0x10, 0x05, 0x02, 0x14, 0x25, 0x2c, 0x2d, 0x2d, 0x27, 0x25, 0x25, 0x00, 0x00, 0x00, 0x00, 0x00, 0x00, 0x00, 0x00, 0x00, 0x00, 0x00, 0x00, 0x00, 0x00, 0x00, 0x00, 0x00, 0x00, 0x00, 0x00, 0x00, 0x00, 0x00, 0x00,
  0x00, 0x00, 0x00, 0x00, 0x00, 0x00, 0x00, 0x00, 0x00, 0x00, 0x00, 0x00, 0x00, 0x00, 0x00, 0x00, 0x00, 0x00, 0x00, 0x00, 0x00, 0x00, 0x00, 0x00, 0x27, 0x2c, 0x2c, 0x28, 0x27, 0x25, 0x02, 0x10, 0x10, 0x10, 0x10, 0x10, 0x0f, 0x0c, 0x04, 0x04, 0x04, 0x04, 0x02, 0x02, 0x14, 0x1f, 0x1e, 0x26, 0x2d, 0x2c, 0x2a, 0x2c, 0x2a, 0x29, 0x29, 0x29, 0x29, 0x29, 0x29, 0x2a, 0x2a, 0x2c, 0x2a, 0x2a, 0x2c, 0x2d, 0x2c, 0x1f, 0x1e, 0x14, 0x02, 0x02, 0x02, 0x0a, 0x0a, 0x04, 0x0c, 0x0c, 0x0c, 0x0e, 0x10, 0x11, 0x0f, 0x05, 0x25, 0x26, 0x2a, 0x2d, 0x2c, 0x2c, 0x00, 0x00, 0x00, 0x00, 0x00, 0x00, 0x00, 0x00, 0x00, 0x00, 0x00, 0x00, 0x00, 0x00, 0x00, 0x00, 0x00, 0x00, 0x00, 0x00, 0x00, 0x00, 0x00, 0x00,
  0x00, 0x00, 0x00, 0x00, 0x00, 0x00, 0x00, 0x00, 0x00, 0x00, 0x00, 0x00, 0x00, 0x00, 0x00, 0x00, 0x00, 0x00, 0x00, 0x00, 0x00, 0x00, 0x00, 0x28, 0x2a, 0x29, 0x2d, 0x23, 0x02, 0x11, 0x11, 0x10, 0x0c, 0x0c, 0x0c, 0x0c, 0x0f, 0x0c, 0x06, 0x04, 0x02, 0x02, 0x10, 0x0a, 0x25, 0x2d, 0x2c, 0x2c, 0x2a, 0x2a, 0x2c, 0x2a, 0x29, 0x29, 0x29, 0x23, 0x21, 0x21, 0x26, 0x29, 0x29, 0x2a, 0x2a, 0x2a, 0x2a, 0x2a, 0x2a, 0x2c, 0x2d, 0x25, 0x0a, 0x10, 0x02, 0x02, 0x04, 0x0b, 0x0b, 0x0c, 0x0f, 0x08, 0x0c, 0x0f, 0x10, 0x11, 0x0e, 0x0e, 0x25, 0x2c, 0x2a, 0x2a, 0x26, 0x00, 0x00, 0x00, 0x00, 0x00, 0x00, 0x00, 0x00, 0x00, 0x00, 0x00, 0x00, 0x00, 0x00, 0x00, 0x00, 0x00, 0x00, 0x00, 0x00, 0x00, 0x00, 0x00,
  0x00, 0x00, 0x00, 0x00, 0x00, 0x00, 0x00, 0x00, 0x00, 0x00, 0x00, 0x00, 0x00, 0x00, 0x00, 0x00, 0x00, 0x00, 0x00, 0x00, 0x00, 0x22, 0x26, 0x29, 0x29, 0x2d, 0x23, 0x13, 0x10, 0x10, 0x10, 0x0f, 0x0b, 0x0b, 0x0b, 0x0c, 0x0f, 0x10, 0x10, 0x03, 0x01, 0x10, 0x27, 0x27, 0x29, 0x29, 0x2a, 0x2d, 0x2c, 0x2d, 0x25, 0x21, 0x21, 0x21, 0x21, 0x20, 0x20, 0x20, 0x21, 0x21, 0x21, 0x21, 0x21, 0x26, 0x2d, 0x2c, 0x2c, 0x2a, 0x29, 0x29, 0x27, 0x27, 0x10, 0x01, 0x0c, 0x10, 0x10, 0x0c, 0x0c, 0x0e, 0x0e, 0x10, 0x0f, 0x11, 0x15, 0x19, 0x15, 0x25, 0x2d, 0x29, 0x2b, 0x28, 0x00, 0x00, 0x00, 0x00, 0x00, 0x00, 0x00, 0x00, 0x00, 0x00, 0x00, 0x00, 0x00, 0x00, 0x00, 0x00, 0x00, 0x00, 0x00, 0x00, 0x00, 0x00,
  0x00, 0x00, 0x00, 0x00, 0x00, 0x00, 0x00, 0x00, 0x00, 0x00, 0x00, 0x00, 0x00, 0x00, 0x00, 0x00, 0x00, 0x00, 0x00, 0x00, 0x23, 0x26, 0x2b, 0x29, 0x2a, 0x23, 0x10, 0x05, 0x11, 0x10, 0x10, 0x0e, 0x0f, 0x0c, 0x0b, 0x0b, 0x10, 0x0e, 0x01, 0x1f, 0x26, 0x25, 0x29, 0x29, 0x29, 0x2b, 0x29, 0x23, 0x23, 0x23, 0x21, 0x20, 0x20, 0x20, 0x20, 0x20, 0x20, 0x20, 0x20, 0x20, 0x21, 0x20, 0x20, 0x21, 0x23, 0x23, 0x21, 0x27, 0x2b, 0x29, 0x29, 0x29, 0x26, 0x27, 0x1f, 0x01, 0x06, 0x10, 0x09, 0x0f, 0x10, 0x0f, 0x0f, 0x11, 0x18, 0x1e, 0x19, 0x1e, 0x23, 0x2c, 0x29, 0x29, 0x26, 0x22, 0x00, 0x00, 0x00, 0x00, 0x00, 0x00, 0x00, 0x00, 0x00, 0x00, 0x00, 0x00, 0x00, 0x00, 0x00, 0x00, 0x00, 0x00, 0x00, 0x00,
  0x00, 0x00, 0x00, 0x00, 0x00, 0x00, 0x00, 0x00, 0x00, 0x00, 0x00, 0x00, 0x00, 0x00, 0x00, 0x00, 0x00, 0x00, 0x00, 0x23, 0x26, 0x2a, 0x29, 0x2a, 0x23, 0x01, 0x02, 0x10, 0x0f, 0x0f, 0x0f, 0x0f, 0x0f, 0x0c, 0x10, 0x0c, 0x01, 0x1f, 0x23, 0x26, 0x2d, 0x2b, 0x2b, 0x2b, 0x25, 0x23, 0x23, 0x20, 0x20, 0x20, 0x20, 0x21, 0x20, 0x19, 0x21, 0x20, 0x20, 0x20, 0x20, 0x21, 0x19, 0x20, 0x21, 0x20, 0x20, 0x20, 0x19, 0x21, 0x23, 0x26, 0x2b, 0x2b, 0x2b, 0x2d, 0x26, 0x25, 0x1f, 0x01, 0x0f, 0x10, 0x10, 0x0e, 0x0e, 0x10, 0x0f, 0x16, 0x1e, 0x13, 0x17, 0x23, 0x29, 0x29, 0x2a, 0x26, 0x23, 0x00, 0x00, 0x00, 0x00, 0x00, 0x00, 0x00, 0x00, 0x00, 0x00, 0x00, 0x00, 0x00, 0x00, 0x00, 0x00, 0x00, 0x00, 0x00,
  0x00, 0x00, 0x00, 0x00, 0x00, 0x00, 0x00, 0x00, 0x00, 0x00, 0x00, 0x00, 0x00, 0x00, 0x00, 0x00, 0x00, 0x00, 0x00, 0x25, 0x2b, 0x29, 0x29, 0x23, 0x01, 0x02, 0x04, 0x07, 0x0f, 0x0c, 0x0f, 0x0f, 0x0f, 0x10, 0x0e, 0x0e, 0x1f, 0x27, 0x2d, 0x2c, 0x2b, 0x29, 0x25, 0x25, 0x21, 0x19, 0x20, 0x20, 0x20, 0x20, 0x20, 0x20, 0x20, 0x13, 0x19, 0x21, 0x21, 0x20, 0x21, 0x19, 0x13, 0x20, 0x20, 0x20, 0x20, 0x20, 0x20, 0x20, 0x19, 0x21, 0x25, 0x25, 0x29, 0x2c, 0x2c, 0x2d, 0x27, 0x1f, 0x03, 0x0e, 0x10, 0x0f, 0x0f, 0x10, 0x0f, 0x16, 0x19, 0x18, 0x14, 0x12, 0x23, 0x29, 0x29, 0x2b, 0x25, 0x00, 0x00, 0x00, 0x00, 0x00, 0x00, 0x00, 0x00, 0x00, 0x00, 0x00, 0x00, 0x00, 0x00, 0x00, 0x00, 0x00, 0x00, 0x00,
  0x00, 0x00, 0x00, 0x00, 0x00, 0x00, 0x00, 0x00, 0x00, 0x00, 0x00, 0x00, 0x00, 0x00, 0x00, 0x00, 0x00, 0x00, 0x00, 0x26, 0x2a, 0x28, 0x25, 0x01, 0x02, 0x02, 0x04, 0x04, 0x08, 0x0c, 0x0f, 0x0f, 0x11, 0x0f, 0x11, 0x1f, 0x2c, 0x2a, 0x2a, 0x2a, 0x29, 0x26, 0x20, 0x19, 0x20, 0x20, 0x20, 0x20, 0x20, 0x20, 0x20, 0x20, 0x21, 0x20, 0x13, 0x1e, 0x20, 0x21, 0x1e, 0x13, 0x21, 0x21, 0x20, 0x20, 0x20, 0x20, 0x20, 0x20, 0x20, 0x20, 0x19, 0x20, 0x27, 0x29, 0x2a, 0x2a, 0x2b, 0x2c, 0x1f, 0x12, 0x0e, 0x10, 0x0f, 0x0f, 0x0f, 0x13, 0x16, 0x15, 0x15, 0x16, 0x11, 0x25, 0x29, 0x2b, 0x26, 0x00, 0x00, 0x00, 0x00, 0x00, 0x00, 0x00, 0x00, 0x00, 0x00, 0x00, 0x00, 0x00, 0x00, 0x00, 0x00, 0x00, 0x00, 0x00,
  0x00, 0x00, 0x00, 0x00, 0x00, 0x00, 0x00, 0x00, 0x00, 0x00, 0x00, 0x00, 0x00, 0x00, 0x00, 0x00, 0x00, 0x00, 0x28, 0x2a, 0x2b, 0x23, 0x01, 0x0a, 0x02, 0x04, 0x0a, 0x04, 0x06, 0x0c, 0x0f, 0x0f, 0x11, 0x11, 0x1f, 0x2d, 0x2a, 0x2a, 0x2c, 0x26, 0x20, 0x21, 0x20, 0x20, 0x20, 0x20, 0x20, 0x20, 0x20, 0x20, 0x20, 0x20, 0x20, 0x20, 0x21, 0x11, 0x1e, 0x1e, 0x13, 0x21, 0x21, 0x20, 0x20, 0x20, 0x20, 0x20, 0x20, 0x20, 0x20, 0x20, 0x20, 0x21, 0x21, 0x21, 0x26, 0x2c, 0x2a, 0x29, 0x2d, 0x23, 0x11, 0x0f, 0x10, 0x0f, 0x0c, 0x03, 0x12, 0x14, 0x15, 0x15, 0x17, 0x13, 0x25, 0x2b, 0x2a, 0x28, 0x00, 0x00, 0x00, 0x00, 0x00, 0x00, 0x00, 0x00, 0x00, 0x00, 0x00, 0x00, 0x00, 0x00, 0x00, 0x00, 0x00, 0x00,
  0x00, 0x00, 0x00, 0x00, 0x00, 0x00, 0x00, 0x00, 0x00, 0x00, 0x00, 0x00, 0x00, 0x00, 0x00, 0x00, 0x1f, 0x27, 0x2c, 0x2a, 0x2d, 0x23, 0x01, 0x0a, 0x04, 0x0a, 0x04, 0x0a, 0x04, 0x0a, 0x0f, 0x11, 0x02, 0x23, 0x2d, 0x2a, 0x2a, 0x2d, 0x23, 0x20, 0x21, 0x20, 0x20, 0x21, 0x20, 0x20, 0x20, 0x20, 0x20, 0x20, 0x13, 0x15, 0x21, 0x20, 0x20, 0x20, 0x13, 0x13, 0x20, 0x21, 0x20, 0x21, 0x13, 0x15, 0x20, 0x20, 0x20, 0x20, 0x20, 0x20, 0x21, 0x21, 0x21, 0x21, 0x20, 0x25, 0x2d, 0x2a, 0x2a, 0x2d, 0x23, 0x03, 0x12, 0x0f, 0x07, 0x02, 0x02, 0x10, 0x14, 0x15, 0x17, 0x11, 0x25, 0x2c, 0x2a, 0x2c, 0x27, 0x00, 0x00, 0x00, 0x00, 0x00, 0x00, 0x00, 0x00, 0x00, 0x00, 0x00, 0x00, 0x00, 0x00, 0x00, 0x00, 0x00,
  0x00, 0x00, 0x00, 0x00, 0x00, 0x00, 0x00, 0x00, 0x00, 0x00, 0x00, 0x00, 0x00, 0x00, 0x00, 0x25, 0x27, 0x2c, 0x2a, 0x2c, 0x23, 0x12, 0x02, 0x04, 0x0a, 0x0a, 0x04, 0x02, 0x04, 0x04, 0x10, 0x02, 0x23, 0x2a, 0x2c, 0x2a, 0x2d, 0x23, 0x21, 0x20, 0x20, 0x21, 0x21, 0x13, 0x1e, 0x20, 0x20, 0x20, 0x20, 0x13, 0x05, 0x11, 0x15, 0x21, 0x20, 0x21, 0x20, 0x20, 0x21, 0x20, 0x21, 0x13, 0x0e, 0x0e, 0x15, 0x20, 0x20, 0x20, 0x20, 0x1e, 0x13, 0x21, 0x21, 0x21, 0x20, 0x21, 0x23, 0x2d, 0x2a, 0x2c, 0x2c, 0x23, 0x01, 0x11, 0x0a, 0x0a, 0x02, 0x10, 0x16, 0x14, 0x15, 0x15, 0x1e, 0x25, 0x2d, 0x2a, 0x2c, 0x27, 0x22, 0x00, 0x00, 0x00, 0x00, 0x00, 0x00, 0x00, 0x00, 0x00, 0x00, 0x00, 0x00, 0x00, 0x00, 0x00,
  0x00, 0x00, 0x00, 0x00, 0x00, 0x00, 0x00, 0x00, 0x00, 0x00, 0x00, 0x00, 0x00, 0x00, 0x00, 0x26, 0x2c, 0x2c, 0x2a, 0x2d, 0x1e, 0x01, 0x0a, 0x04, 0x04, 0x04, 0x06, 0x03, 0x02, 0x02, 0x01, 0x23, 0x2a, 0x2c, 0x2c, 0x2c, 0x23, 0x21, 0x20, 0x20, 0x21, 0x21, 0x19, 0x15, 0x15, 0x1e, 0x20, 0x20, 0x15, 0x02, 0x16, 0x19, 0x13, 0x19, 0x21, 0x21, 0x21, 0x21, 0x21, 0x21, 0x15, 0x13, 0x1e, 0x13, 0x03, 0x1e, 0x20, 0x20, 0x1e, 0x13, 0x15, 0x15, 0x21, 0x21, 0x20, 0x20, 0x21, 0x23, 0x2c, 0x2c, 0x2c, 0x27, 0x23, 0x02, 0x02, 0x0a, 0x02, 0x0a, 0x11, 0x14, 0x15, 0x16, 0x13, 0x1e, 0x25, 0x2c, 0x2c, 0x2c, 0x23, 0x00, 0x00, 0x00, 0x00, 0x00, 0x00, 0x00, 0x00, 0x00, 0x00, 0x00, 0x00, 0x00, 0x00, 0x00,
  0x00, 0x00, 0x00, 0x00, 0x00, 0x00, 0x00, 0x00, 0x00, 0x00, 0x00, 0x00, 0x00, 0x00, 0x00, 0x27, 0x2c, 0x2c, 0x2c, 0x25, 0x14, 0x03, 0x0a, 0x02, 0x04, 0x04, 0x04, 0x04, 0x02, 0x10, 0x1f, 0x28, 0x2b, 0x2b, 0x2a, 0x25, 0x20, 0x20, 0x20, 0x21, 0x20, 0x15, 0x15, 0x21, 0x19, 0x13, 0x1e, 0x1e, 0x03, 0x13, 0x20, 0x20, 0x20, 0x13, 0x19, 0x20, 0x20, 0x21, 0x20, 0x19, 0x11, 0x1e, 0x20, 0x20, 0x12, 0x03, 0x1e, 0x1e, 0x13, 0x19, 0x21, 0x15, 0x15, 0x20, 0x21, 0x20, 0x20, 0x20, 0x25, 0x29, 0x2b, 0x2c, 0x2a, 0x1f, 0x02, 0x02, 0x0a, 0x02, 0x02, 0x14, 0x15, 0x16, 0x1e, 0x15, 0x21, 0x2d, 0x2a, 0x2a, 0x25, 0x00, 0x00, 0x00, 0x00, 0x00, 0x00, 0x00, 0x00, 0x00, 0x00, 0x00, 0x00, 0x00, 0x00, 0x00,
  0x00, 0x00, 0x00, 0x00, 0x00, 0x00, 0x00, 0x00, 0x00, 0x00, 0x00, 0x00, 0x00, 0x00, 0x27, 0x2a, 0x2c, 0x2c, 0x25, 0x0f, 0x05, 0x10, 0x0b, 0x04, 0x04, 0x04, 0x04, 0x04, 0x01, 0x14, 0x2c, 0x29, 0x29, 0x27, 0x23, 0x20, 0x21, 0x20, 0x20, 0x20, 0x15, 0x13, 0x21, 0x20, 0x21, 0x15, 0x11, 0x12, 0x12, 0x20, 0x20, 0x20, 0x20, 0x20, 0x13, 0x19, 0x20, 0x21, 0x1e, 0x13, 0x20, 0x20, 0x20, 0x20, 0x20, 0x11, 0x13, 0x13, 0x19, 0x21, 0x20, 0x21, 0x15, 0x15, 0x20, 0x20, 0x20, 0x20, 0x1e, 0x25, 0x29, 0x2a, 0x2a, 0x2c, 0x1f, 0x0a, 0x02, 0x0a, 0x02, 0x10, 0x16, 0x19, 0x19, 0x18, 0x21, 0x27, 0x2c, 0x2a, 0x2a, 0x27, 0x00, 0x00, 0x00, 0x00, 0x00, 0x00, 0x00, 0x00, 0x00, 0x00, 0x00, 0x00, 0x00, 0x00,
  0x00, 0x00, 0x00, 0x00, 0x00, 0x00, 0x00, 0x00, 0x00, 0x00, 0x00, 0x00, 0x00, 0x00, 0x26, 0x2a, 0x2c, 0x28, 0x12, 0x0f, 0x11, 0x0f, 0x0c, 0x09, 0x03, 0x04, 0x0a, 0x01, 0x1e, 0x27, 0x29, 0x29, 0x29, 0x23, 0x19, 0x21, 0x20, 0x20, 0x21, 0x19, 0x13, 0x21, 0x20, 0x20, 0x20, 0x21, 0x19, 0x13, 0x21, 0x20, 0x20, 0x20, 0x20, 0x20, 0x21, 0x13, 0x13, 0x15, 0x13, 0x21, 0x20, 0x20, 0x20, 0x20, 0x20, 0x21, 0x11, 0x19, 0x21, 0x20, 0x20, 0x20, 0x21, 0x13, 0x19, 0x21, 0x20, 0x20, 0x20, 0x19, 0x23, 0x2b, 0x2a, 0x29, 0x2c, 0x1f, 0x01, 0x0a, 0x02, 0x02, 0x12, 0x18, 0x1e, 0x19, 0x18, 0x1e, 0x27, 0x2a, 0x2a, 0x25, 0x00, 0x00, 0x00, 0x00, 0x00, 0x00, 0x00, 0x00, 0x00, 0x00, 0x00, 0x00, 0x00, 0x00,
  0x00, 0x00, 0x00, 0x00, 0x00, 0x00, 0x00, 0x00, 0x00, 0x00, 0x00, 0x00, 0x00, 0x25, 0x29, 0x2b, 0x26, 0x14, 0x11, 0x10, 0x10, 0x0f, 0x0f, 0x0e, 0x09, 0x04, 0x0a, 0x01, 0x1f, 0x2c, 0x29, 0x2b, 0x23, 0x20, 0x20, 0x20, 0x20, 0x20, 0x20, 0x21, 0x21, 0x20, 0x20, 0x20, 0x20, 0x20, 0x20, 0x20, 0x20, 0x20, 0x20, 0x1e, 0x20, 0x20, 0x20, 0x21, 0x13, 0x15, 0x21, 0x20, 0x20, 0x20, 0x19, 0x20, 0x20, 0x20, 0x20, 0x20, 0x20, 0x20, 0x21, 0x20, 0x20, 0x20, 0x20, 0x20, 0x20, 0x20, 0x20, 0x20, 0x20, 0x23, 0x2d, 0x29, 0x2a, 0x17, 0x01, 0x0a, 0x04, 0x0a, 0x0e, 0x17, 0x1e, 0x19, 0x19, 0x1e, 0x1e, 0x27, 0x2a, 0x29, 0x25, 0x00, 0x00, 0x00, 0x00, 0x00, 0x00, 0x00, 0x00, 0x00, 0x00, 0x00, 0x00, 0x00,
  0x00, 0x00, 0x00, 0x00, 0x00, 0x00, 0x00, 0x00, 0x00, 0x00, 0x00, 0x00, 0x00, 0x27, 0x2a, 0x2b, 0x27, 0x02, 0x10, 0x10, 0x10, 0x0f, 0x10, 0x0f, 0x0c, 0x0b, 0x01, 0x1e, 0x27, 0x29, 0x29, 0x23, 0x21, 0x20, 0x20, 0x20, 0x20, 0x20, 0x20, 0x20, 0x21, 0x21, 0x21, 0x13, 0x1e, 0x21, 0x20, 0x20, 0x20, 0x20, 0x11, 0x0e, 0x13, 0x20, 0x20, 0x21, 0x20, 0x20, 0x20, 0x20, 0x20, 0x11, 0x02, 0x12, 0x21, 0x21, 0x20, 0x20, 0x21, 0x1e, 0x13, 0x21, 0x20, 0x20, 0x20, 0x20, 0x20, 0x20, 0x20, 0x20, 0x20, 0x21, 0x23, 0x29, 0x29, 0x27, 0x1e, 0x01, 0x0c, 0x0b, 0x10, 0x11, 0x15, 0x1e, 0x19, 0x18, 0x16, 0x27, 0x2b, 0x2b, 0x26, 0x00, 0x00, 0x00, 0x00, 0x00, 0x00, 0x00, 0x00, 0x00, 0x00, 0x00, 0x00, 0x00,
  0x00, 0x00, 0x00, 0x00, 0x00, 0x00, 0x00, 0x00, 0x00, 0x00, 0x00, 0x00, 0x25, 0x27, 0x2b, 0x25, 0x1f, 0x02, 0x0b, 0x0c, 0x0f, 0x0f, 0x0f, 0x10, 0x10, 0x03, 0x1f, 0x25, 0x2b, 0x29, 0x2b, 0x21, 0x20, 0x20, 0x20, 0x20, 0x13, 0x20, 0x21, 0x20, 0x21, 0x21, 0x18, 0x13, 0x13, 0x1e, 0x20, 0x20, 0x21, 0x11, 0x13, 0x1e, 0x11, 0x13, 0x21, 0x20, 0x20, 0x20, 0x20, 0x20, 0x12, 0x11, 0x1e, 0x13, 0x15, 0x21, 0x20, 0x21, 0x1e, 0x13, 0x13, 0x19, 0x21, 0x21, 0x20, 0x20, 0x1e, 0x13, 0x20, 0x20, 0x20, 0x20, 0x21, 0x2b, 0x29, 0x2b, 0x25, 0x1f, 0x0c, 0x10, 0x10, 0x0e, 0x14, 0x1e, 0x18, 0x18, 0x15, 0x23, 0x26, 0x2b, 0x27, 0x23, 0x00, 0x00, 0x00, 0x00, 0x00, 0x00, 0x00, 0x00, 0x00, 0x00, 0x00, 0x00,
  0x00, 0x00, 0x00, 0x00, 0x00, 0x00, 0x00, 0x00, 0x00, 0x00, 0x00, 0x00, 0x27, 0x2a, 0x2d, 0x23, 0x01, 0x0a, 0x02, 0x12, 0x11, 0x0f, 0x0f, 0x0f, 0x11, 0x01, 0x25, 0x2d, 0x29, 0x29, 0x25, 0x21, 0x20, 0x20, 0x1e, 0x13, 0x09, 0x13, 0x20, 0x21, 0x21, 0x1e, 0x13, 0x21, 0x18, 0x11, 0x1e, 0x20, 0x13, 0x13, 0x20, 0x20, 0x20, 0x13, 0x15, 0x20, 0x20, 0x20, 0x20, 0x13, 0x11, 0x1e, 0x21, 0x20, 0x15, 0x15, 0x21, 0x1e, 0x13, 0x19, 0x21, 0x13, 0x19, 0x20, 0x21, 0x20, 0x12, 0x10, 0x13, 0x20, 0x21, 0x20, 0x21, 0x25, 0x29, 0x29, 0x2d, 0x26, 0x01, 0x10, 0x0f, 0x0f, 0x13, 0x19, 0x18, 0x16, 0x16, 0x0f, 0x23, 0x2b, 0x2a, 0x2a, 0x00, 0x00, 0x00, 0x00, 0x00, 0x00, 0x00, 0x00, 0x00, 0x00, 0x00, 0x00,
  0x00, 0x00, 0x00, 0x00, 0x00, 0x00, 0x00, 0x00, 0x00, 0x00, 0x00, 0x22, 0x28, 0x2a, 0x27, 0x1f, 0x01, 0x02, 0x0a, 0x17, 0x13, 0x0e, 0x10, 0x10, 0x11, 0x14, 0x25, 0x2c, 0x2b, 0x27, 0x19, 0x1e, 0x20, 0x1e, 0x12, 0x11, 0x20, 0x13, 0x13, 0x20, 0x19, 0x13, 0x21, 0x20, 0x21, 0x15, 0x11, 0x14, 0x12, 0x20, 0x20, 0x20, 0x20, 0x21, 0x13, 0x19, 0x20, 0x20, 0x15, 0x13, 0x20, 0x20, 0x20, 0x21, 0x20, 0x13, 0x15, 0x11, 0x15, 0x21, 0x20, 0x21, 0x13, 0x19, 0x20, 0x13, 0x11, 0x1f, 0x11, 0x13, 0x20, 0x20, 0x19, 0x19, 0x27, 0x2b, 0x2c, 0x26, 0x17, 0x11, 0x10, 0x0f, 0x0e, 0x13, 0x18, 0x15, 0x16, 0x13, 0x23, 0x27, 0x2b, 0x2a, 0x00, 0x00, 0x00, 0x00, 0x00, 0x00, 0x00, 0x00, 0x00, 0x00, 0x00, 0x00,
  0x00, 0x00, 0x00, 0x00, 0x00, 0x00, 0x00, 0x00, 0x00, 0x00, 0x23, 0x28, 0x2c, 0x2c, 0x1f, 0x02, 0x02, 0x02, 0x10, 0x16, 0x12, 0x06, 0x10, 0x10, 0x11, 0x27, 0x2d, 0x2a, 0x2a, 0x26, 0x20, 0x11, 0x13, 0x11, 0x12, 0x20, 0x20, 0x20, 0x13, 0x0e, 0x13, 0x20, 0x21, 0x20, 0x20, 0x21, 0x15, 0x05, 0x20, 0x20, 0x20, 0x20, 0x20, 0x20, 0x21, 0x13, 0x11, 0x11, 0x13, 0x21, 0x21, 0x20, 0x20, 0x20, 0x21, 0x21, 0x05, 0x15, 0x21, 0x20, 0x21, 0x21, 0x20, 0x13, 0x0e, 0x15, 0x20, 0x20, 0x20, 0x13, 0x12, 0x10, 0x15, 0x20, 0x26, 0x2b, 0x2a, 0x2d, 0x28, 0x11, 0x10, 0x10, 0x0e, 0x11, 0x14, 0x15, 0x15, 0x16, 0x11, 0x23, 0x2d, 0x2c, 0x27, 0x23, 0x00, 0x00, 0x00, 0x00, 0x00, 0x00, 0x00, 0x00, 0x00, 0x00,
  0x00, 0x00, 0x00, 0x00, 0x00, 0x00, 0x00, 0x00, 0x00, 0x00, 0x23, 0x2c, 0x2a, 0x2d, 0x23, 0x03, 0x0a, 0x04, 0x02, 0x14, 0x12, 0x02, 0x0f, 0x10, 0x11, 0x27, 0x2c, 0x2c, 0x26, 0x20, 0x20, 0x20, 0x12, 0x11, 0x20, 0x20, 0x20, 0x20, 0x20, 0x18, 0x20, 0x21, 0x21, 0x21, 0x20, 0x20, 0x1e, 0x1e, 0x1e, 0x20, 0x20, 0x20, 0x20, 0x20, 0x20, 0x20, 0x1e, 0x19, 0x20, 0x20, 0x20, 0x20, 0x20, 0x20, 0x20, 0x20, 0x1e, 0x1e, 0x20, 0x20, 0x21, 0x21, 0x21, 0x20, 0x19, 0x20, 0x20, 0x20, 0x20, 0x21, 0x12, 0x12, 0x20, 0x20, 0x20, 0x26, 0x2c, 0x2c, 0x27, 0x03, 0x10, 0x10, 0x0c, 0x02, 0x0f, 0x14, 0x16, 0x18, 0x13, 0x23, 0x2d, 0x2c, 0x2a, 0x1f, 0x00, 0x00, 0x00, 0x00, 0x00, 0x00, 0x00, 0x00, 0x00, 0x00,
  0x00, 0x00, 0x00, 0x00, 0x00, 0x00, 0x00, 0x00, 0x00, 0x25, 0x26, 0x2c, 0x2c, 0x23, 0x1e, 0x10, 0x0a, 0x0a, 0x02, 0x0c, 0x0a, 0x02, 0x0c, 0x0f, 0x03, 0x27, 0x2c, 0x2d, 0x27, 0x20, 0x20, 0x20, 0x1e, 0x1e, 0x20, 0x20, 0x20, 0x19, 0x19, 0x1e, 0x20, 0x20, 0x20, 0x20, 0x25, 0x27, 0x26, 0x26, 0x26, 0x26, 0x26, 0x27, 0x27, 0x27, 0x27, 0x27, 0x26, 0x26, 0x26, 0x27, 0x27, 0x27, 0x26, 0x26, 0x26, 0x26, 0x26, 0x26, 0x27, 0x26, 0x20, 0x20, 0x20, 0x20, 0x1e, 0x19, 0x19, 0x20, 0x20, 0x20, 0x1e, 0x1e, 0x20, 0x20, 0x20, 0x27, 0x2d, 0x2c, 0x2a, 0x23, 0x12, 0x07, 0x0a, 0x02, 0x0c, 0x17, 0x15, 0x16, 0x16, 0x1f, 0x25, 0x2c, 0x2c, 0x25, 0x23, 0x00, 0x00, 0x00, 0x00, 0x00, 0x00, 0x00, 0x00, 0x00,
  0x00, 0x00, 0x00, 0x00, 0x00, 0x00, 0x00, 0x00, 0x00, 0x27, 0x2c, 0x2c, 0x2c, 0x21, 0x13, 0x11, 0x0a, 0x0a, 0x0a, 0x02, 0x02, 0x04, 0x03, 0x12, 0x23, 0x28, 0x2d, 0x27, 0x23, 0x21, 0x21, 0x20, 0x20, 0x1e, 0x20, 0x19, 0x20, 0x25, 0x25, 0x25, 0x25, 0x25, 0x25, 0x25, 0x29, 0x2c, 0x2c, 0x2d, 0x2d, 0x2d, 0x2d, 0x2d, 0x2d, 0x2d, 0x2d, 0x2d, 0x2d, 0x2d, 0x2d, 0x2d, 0x2d, 0x2d, 0x2d, 0x2d, 0x2d, 0x2d, 0x2d, 0x2d, 0x2c, 0x2a, 0x25, 0x25, 0x25, 0x25, 0x25, 0x25, 0x25, 0x23, 0x19, 0x19, 0x19, 0x20, 0x20, 0x21, 0x21, 0x23, 0x27, 0x2c, 0x2c, 0x2c, 0x12, 0x02, 0x04, 0x02, 0x0a, 0x12, 0x14, 0x16, 0x1e, 0x15, 0x21, 0x2d, 0x2a, 0x2c, 0x25, 0x00, 0x00, 0x00, 0x00, 0x00, 0x00, 0x00, 0x00, 0x00,
  0x00, 0x00, 0x00, 0x00, 0x00, 0x00, 0x00, 0x00, 0x00, 0x27, 0x29, 0x2c, 0x2d, 0x21, 0x12, 0x10, 0x0b, 0x0a, 0x04, 0x04, 0x04, 0x04, 0x02, 0x0c, 0x2c, 0x2c, 0x2d, 0x25, 0x20, 0x20, 0x20, 0x23, 0x23, 0x23, 0x23, 0x23, 0x23, 0x2b, 0x2b, 0x2b, 0x2d, 0x2d, 0x2d, 0x2d, 0x2c, 0x2d, 0x29, 0x25, 0x23, 0x23, 0x23, 0x23, 0x25, 0x25, 0x25, 0x23, 0x23, 0x23, 0x25, 0x25, 0x25, 0x25, 0x23, 0x23, 0x23, 0x25, 0x25, 0x29, 0x2d, 0x2c, 0x2d, 0x2d, 0x2b, 0x2d, 0x2b, 0x2b, 0x2c, 0x27, 0x23, 0x23, 0x23, 0x23, 0x23, 0x20, 0x21, 0x19, 0x25, 0x2d, 0x2a, 0x28, 0x0a, 0x01, 0x0a, 0x0a, 0x02, 0x02, 0x14, 0x18, 0x19, 0x16, 0x21, 0x2d, 0x2b, 0x29, 0x25, 0x00, 0x00, 0x00, 0x00, 0x00, 0x00, 0x00, 0x00, 0x00,
  0x00, 0x00, 0x00, 0x00, 0x00, 0x00, 0x00, 0x00, 0x00, 0x25, 0x2a, 0x2a, 0x27, 0x21, 0x11, 0x0f, 0x0c, 0x0b, 0x04, 0x02, 0x04, 0x02, 0x0a, 0x1e, 0x27, 0x2a, 0x2c, 0x26, 0x21, 0x23, 0x23, 0x2b, 0x2d, 0x2b, 0x2b, 0x2b, 0x2b, 0x29, 0x2a, 0x28, 0x26, 0x26, 0x26, 0x26, 0x26, 0x27, 0x23, 0x12, 0x02, 0x01, 0x01, 0x01, 0x01, 0x01, 0x02, 0x02, 0x02, 0x02, 0x02, 0x02, 0x01, 0x01, 0x01, 0x01, 0x01, 0x03, 0x17, 0x23, 0x27, 0x26, 0x26, 0x26, 0x26, 0x26, 0x28, 0x2a, 0x29, 0x2b, 0x2b, 0x2b, 0x2b, 0x2d, 0x29, 0x23, 0x23, 0x23, 0x26, 0x2b, 0x2a, 0x28, 0x1f, 0x0a, 0x02, 0x04, 0x02, 0x06, 0x17, 0x19, 0x19, 0x18, 0x21, 0x27, 0x2a, 0x2a, 0x25, 0x00, 0x00, 0x00, 0x00, 0x00, 0x00, 0x00, 0x00, 0x00,
  0x00, 0x00, 0x00, 0x00, 0x00, 0x00, 0x00, 0x00, 0x25, 0x29, 0x2a, 0x29, 0x1e, 0x18, 0x12, 0x0c, 0x0a, 0x0b, 0x0a, 0x04, 0x0a, 0x01, 0x17, 0x2c, 0x29, 0x2a, 0x2a, 0x2b, 0x2c, 0x2c, 0x2c, 0x2a, 0x2a, 0x2a, 0x28, 0x28, 0x28, 0x28, 0x2d, 0x23, 0x01, 0x02, 0x01, 0x02, 0x02, 0x02, 0x0f, 0x11, 0x10, 0x0c, 0x04, 0x04, 0x02, 0x04, 0x0c, 0x10, 0x11, 0x11, 0x10, 0x0b, 0x04, 0x02, 0x04, 0x0a, 0x0c, 0x10, 0x11, 0x10, 0x02, 0x02, 0x01, 0x02, 0x02, 0x01, 0x25, 0x2c, 0x28, 0x28, 0x28, 0x29, 0x29, 0x2a, 0x2c, 0x2c, 0x2c, 0x2c, 0x2b, 0x2a, 0x29, 0x29, 0x2c, 0x14, 0x01, 0x0a, 0x02, 0x0f, 0x17, 0x19, 0x19, 0x19, 0x19, 0x18, 0x27, 0x2b, 0x27, 0x27, 0x00, 0x00, 0x00, 0x00, 0x00, 0x00, 0x00, 0x00,
  0x00, 0x00, 0x00, 0x00, 0x00, 0x00, 0x00, 0x00, 0x25, 0x2c, 0x2a, 0x27, 0x1e, 0x18, 0x12, 0x10, 0x0c, 0x0c, 0x0c, 0x04, 0x0a, 0x01, 0x1e, 0x2a, 0x29, 0x29, 0x29, 0x29, 0x29, 0x2a, 0x2d, 0x2d, 0x2d, 0x25, 0x12, 0x14, 0x14, 0x14, 0x14, 0x12, 0x04, 0x02, 0x02, 0x02, 0x02, 0x02, 0x10, 0x11, 0x10, 0x07, 0x02, 0x14, 0x14, 0x02, 0x03, 0x19, 0x20, 0x1e, 0x18, 0x02, 0x02, 0x17, 0x14, 0x02, 0x0c, 0x10, 0x11, 0x0f, 0x02, 0x02, 0x01, 0x02, 0x02, 0x0a, 0x12, 0x14, 0x12, 0x12, 0x12, 0x14, 0x26, 0x2d, 0x2d, 0x2d, 0x2c, 0x29, 0x29, 0x29, 0x29, 0x29, 0x2a, 0x14, 0x01, 0x02, 0x04, 0x0f, 0x11, 0x18, 0x19, 0x19, 0x19, 0x1e, 0x27, 0x29, 0x29, 0x28, 0x00, 0x00, 0x00, 0x00, 0x00, 0x00, 0x00, 0x00,
  0x00, 0x00, 0x00, 0x00, 0x00, 0x00, 0x00, 0x00, 0x25, 0x2a, 0x2b, 0x29, 0x17, 0x11, 0x10, 0x10, 0x0b, 0x0c, 0x0c, 0x0a, 0x0c, 0x01, 0x14, 0x2b, 0x29, 0x29, 0x2b, 0x2c, 0x2d, 0x28, 0x1f, 0x1f, 0x1f, 0x14, 0x02, 0x02, 0x01, 0x01, 0x03, 0x0f, 0x0a, 0x05, 0x14, 0x14, 0x03, 0x02, 0x12, 0x1e, 0x11, 0x0b, 0x02, 0x16, 0x18, 0x02, 0x03, 0x19, 0x20, 0x20, 0x19, 0x02, 0x02, 0x1e, 0x18, 0x03, 0x08, 0x11, 0x1e, 0x12, 0x02, 0x0b, 0x16, 0x14, 0x08, 0x0c, 0x0e, 0x03, 0x01, 0x01, 0x02, 0x02, 0x17, 0x1f, 0x1f, 0x1f, 0x28, 0x2d, 0x2c, 0x2b, 0x29, 0x29, 0x2a, 0x12, 0x01, 0x0a, 0x04, 0x0f, 0x11, 0x18, 0x19, 0x19, 0x18, 0x18, 0x29, 0x2b, 0x29, 0x27, 0x00, 0x00, 0x00, 0x00, 0x00, 0x00, 0x00, 0x00,
  0x00, 0x00, 0x00, 0x00, 0x00, 0x00, 0x00, 0x25, 0x27, 0x2b, 0x27, 0x21, 0x14, 0x04, 0x04, 0x0b, 0x0b, 0x0c, 0x0c, 0x10, 0x01, 0x14, 0x25, 0x2a, 0x29, 0x2d, 0x23, 0x1f, 0x1f, 0x1f, 0x02, 0x02, 0x01, 0x02, 0x0c, 0x0c, 0x13, 0x14, 0x11, 0x0f, 0x07, 0x11, 0x1e, 0x1e, 0x0e, 0x02, 0x12, 0x20, 0x11, 0x0b, 0x03, 0x16, 0x18, 0x02, 0x03, 0x18, 0x20, 0x1e, 0x18, 0x03, 0x02, 0x1e, 0x18, 0x0e, 0x08, 0x11, 0x21, 0x12, 0x02, 0x10, 0x1e, 0x1e, 0x0f, 0x0e, 0x0c, 0x11, 0x14, 0x12, 0x02, 0x04, 0x03, 0x03, 0x03, 0x05, 0x1f, 0x23, 0x1f, 0x23, 0x2d, 0x29, 0x2a, 0x25, 0x14, 0x01, 0x0c, 0x10, 0x11, 0x18, 0x19, 0x18, 0x18, 0x15, 0x23, 0x27, 0x29, 0x28, 0x25, 0x00, 0x00, 0x00, 0x00, 0x00, 0x00, 0x00,
  0x00, 0x00, 0x00, 0x00, 0x00, 0x00, 0x00, 0x26, 0x2b, 0x2b, 0x26, 0x12, 0x14, 0x0a, 0x02, 0x04, 0x0c, 0x0a, 0x10, 0x04, 0x14, 0x25, 0x2d, 0x29, 0x2a, 0x25, 0x12, 0x01, 0x01, 0x01, 0x0f, 0x13, 0x15, 0x12, 0x0c, 0x11, 0x1e, 0x1e, 0x12, 0x03, 0x0f, 0x11, 0x1e, 0x1e, 0x0e, 0x01, 0x11, 0x1e, 0x11, 0x0c, 0x05, 0x19, 0x1e, 0x02, 0x03, 0x19, 0x1e, 0x1e, 0x18, 0x02, 0x03, 0x1e, 0x19, 0x0e, 0x0c, 0x11, 0x20, 0x11, 0x01, 0x10, 0x1e, 0x1e, 0x11, 0x0e, 0x02, 0x12, 0x1e, 0x1e, 0x0e, 0x08, 0x13, 0x15, 0x13, 0x11, 0x02, 0x01, 0x01, 0x12, 0x25, 0x2a, 0x2a, 0x2d, 0x25, 0x14, 0x0a, 0x10, 0x10, 0x13, 0x16, 0x18, 0x16, 0x15, 0x11, 0x26, 0x2a, 0x2a, 0x26, 0x00, 0x00, 0x00, 0x00, 0x00, 0x00, 0x00,
  0x00, 0x00, 0x00, 0x00, 0x00, 0x00, 0x00, 0x26, 0x2a, 0x2b, 0x26, 0x14, 0x14, 0x0a, 0x02, 0x04, 0x0a, 0x0b, 0x10, 0x02, 0x25, 0x2d, 0x29, 0x2a, 0x27, 0x10, 0x02, 0x10, 0x0a, 0x0a, 0x03, 0x1e, 0x21, 0x15, 0x0e, 0x11, 0x1e, 0x1e, 0x11, 0x03, 0x0f, 0x11, 0x1e, 0x1e, 0x0f, 0x02, 0x11, 0x1e, 0x11, 0x0e, 0x0e, 0x19, 0x1e, 0x03, 0x02, 0x19, 0x1e, 0x1e, 0x18, 0x02, 0x03, 0x1e, 0x19, 0x0e, 0x07, 0x11, 0x1e, 0x11, 0x01, 0x11, 0x1e, 0x1e, 0x11, 0x06, 0x02, 0x12, 0x1e, 0x1e, 0x11, 0x05, 0x18, 0x21, 0x1e, 0x0e, 0x0c, 0x04, 0x0c, 0x02, 0x10, 0x26, 0x2a, 0x29, 0x2d, 0x25, 0x02, 0x10, 0x10, 0x03, 0x13, 0x17, 0x15, 0x15, 0x14, 0x26, 0x2b, 0x2a, 0x26, 0x00, 0x00, 0x00, 0x00, 0x00, 0x00, 0x00,
  0x00, 0x00, 0x00, 0x00, 0x00, 0x00, 0x00, 0x26, 0x2b, 0x2a, 0x26, 0x13, 0x12, 0x02, 0x02, 0x03, 0x0b, 0x05, 0x0c, 0x02, 0x23, 0x2d, 0x2c, 0x27, 0x12, 0x02, 0x16, 0x17, 0x02, 0x0a, 0x03, 0x19, 0x20, 0x13, 0x05, 0x11, 0x1e, 0x1e, 0x12, 0x02, 0x0c, 0x11, 0x20, 0x1e, 0x11, 0x02, 0x11, 0x1e, 0x0e, 0x07, 0x0e, 0x1e, 0x1e, 0x05, 0x02, 0x18, 0x1e, 0x1e, 0x18, 0x02, 0x05, 0x1e, 0x19, 0x0e, 0x04, 0x0f, 0x1e, 0x11, 0x02, 0x11, 0x20, 0x1e, 0x11, 0x04, 0x02, 0x12, 0x1e, 0x1e, 0x11, 0x0e, 0x15, 0x20, 0x19, 0x03, 0x04, 0x02, 0x17, 0x14, 0x02, 0x11, 0x28, 0x2a, 0x2c, 0x23, 0x02, 0x10, 0x0c, 0x04, 0x13, 0x16, 0x15, 0x14, 0x13, 0x25, 0x29, 0x2a, 0x26, 0x00, 0x00, 0x00, 0x00, 0x00, 0x00, 0x00,
  0x00, 0x00, 0x00, 0x00, 0x00, 0x00, 0x27, 0x2a, 0x2c, 0x25, 0x14, 0x14, 0x02, 0x02, 0x04, 0x04, 0x04, 0x08, 0x10, 0x02, 0x25, 0x2d, 0x2c, 0x27, 0x10, 0x05, 0x18, 0x19, 0x03, 0x0a, 0x02, 0x19, 0x20, 0x13, 0x03, 0x11, 0x20, 0x1e, 0x12, 0x02, 0x0e, 0x11, 0x20, 0x20, 0x11, 0x02, 0x11, 0x1e, 0x06, 0x04, 0x05, 0x1e, 0x1e, 0x0e, 0x02, 0x18, 0x1e, 0x1e, 0x18, 0x03, 0x0e, 0x20, 0x1e, 0x05, 0x02, 0x0e, 0x1f, 0x11, 0x03, 0x13, 0x20, 0x1e, 0x11, 0x04, 0x02, 0x12, 0x1e, 0x1e, 0x11, 0x05, 0x15, 0x20, 0x19, 0x02, 0x04, 0x02, 0x18, 0x16, 0x03, 0x12, 0x28, 0x2c, 0x2d, 0x23, 0x02, 0x10, 0x0b, 0x02, 0x12, 0x16, 0x15, 0x15, 0x14, 0x13, 0x25, 0x2c, 0x28, 0x27, 0x00, 0x00, 0x00, 0x00, 0x00, 0x00,
  0x00, 0x00, 0x00, 0x00, 0x00, 0x00, 0x2c, 0x2a, 0x2d, 0x23, 0x11, 0x14, 0x02, 0x02, 0x03, 0x03, 0x04, 0x0b, 0x10, 0x02, 0x23, 0x2d, 0x2c, 0x27, 0x12, 0x0e, 0x1e, 0x1e, 0x05, 0x04, 0x03, 0x18, 0x1e, 0x13, 0x03, 0x11, 0x20, 0x20, 0x12, 0x02, 0x05, 0x12, 0x20, 0x20, 0x11, 0x0e, 0x10, 0x12, 0x04, 0x0a, 0x0f, 0x13, 0x14, 0x10, 0x04, 0x12, 0x12, 0x12, 0x12, 0x0b, 0x11, 0x15, 0x13, 0x10, 0x0a, 0x04, 0x12, 0x11, 0x0e, 0x13, 0x20, 0x20, 0x11, 0x03, 0x02, 0x12, 0x20, 0x20, 0x11, 0x03, 0x13, 0x20, 0x18, 0x02, 0x0a, 0x03, 0x1e, 0x19, 0x05, 0x12, 0x28, 0x2c, 0x2d, 0x23, 0x02, 0x10, 0x0a, 0x02, 0x02, 0x12, 0x15, 0x15, 0x16, 0x11, 0x23, 0x2c, 0x2c, 0x28, 0x00, 0x00, 0x00, 0x00, 0x00, 0x00,
  0x00, 0x00, 0x00, 0x00, 0x00, 0x00, 0x2a, 0x2a, 0x2d, 0x25, 0x13, 0x14, 0x02, 0x02, 0x02, 0x03, 0x02, 0x07, 0x10, 0x02, 0x23, 0x2d, 0x2b, 0x27, 0x12, 0x0e, 0x1e, 0x1e, 0x0e, 0x0a, 0x03, 0x1e, 0x1e, 0x12, 0x02, 0x11, 0x18, 0x17, 0x10, 0x02, 0x09, 0x11, 0x15, 0x18, 0x11, 0x0f, 0x03, 0x01, 0x01, 0x01, 0x01, 0x02, 0x02, 0x02, 0x01, 0x01, 0x01, 0x01, 0x01, 0x02, 0x03, 0x03, 0x02, 0x02, 0x01, 0x01, 0x01, 0x03, 0x0f, 0x12, 0x18, 0x15, 0x0e, 0x04, 0x03, 0x12, 0x1e, 0x19, 0x11, 0x03, 0x13, 0x1e, 0x18, 0x02, 0x04, 0x05, 0x1e, 0x19, 0x0e, 0x12, 0x28, 0x2c, 0x2d, 0x23, 0x02, 0x10, 0x04, 0x02, 0x02, 0x10, 0x16, 0x15, 0x16, 0x13, 0x25, 0x2d, 0x2c, 0x28, 0x00, 0x00, 0x00, 0x00, 0x00, 0x00,
  0x00, 0x00, 0x00, 0x00, 0x00, 0x00, 0x2a, 0x2a, 0x2d, 0x25, 0x13, 0x0e, 0x02, 0x02, 0x04, 0x04, 0x04, 0x04, 0x10, 0x02, 0x23, 0x2d, 0x2b, 0x27, 0x12, 0x0e, 0x1e, 0x1e, 0x0e, 0x0a, 0x03, 0x14, 0x14, 0x10, 0x02, 0x04, 0x02, 0x01, 0x01, 0x02, 0x02, 0x02, 0x03, 0x05, 0x05, 0x13, 0x1e, 0x1f, 0x1f, 0x1f, 0x1f, 0x1f, 0x1f, 0x1f, 0x1f, 0x1f, 0x1f, 0x1f, 0x1f, 0x1f, 0x1f, 0x1f, 0x1f, 0x1f, 0x1f, 0x1f, 0x1f, 0x18, 0x13, 0x0e, 0x0e, 0x03, 0x02, 0x01, 0x02, 0x03, 0x05, 0x05, 0x0c, 0x02, 0x11, 0x14, 0x13, 0x03, 0x0c, 0x0e, 0x1e, 0x1e, 0x0e, 0x12, 0x28, 0x2c, 0x2d, 0x23, 0x02, 0x10, 0x04, 0x04, 0x02, 0x11, 0x16, 0x15, 0x18, 0x13, 0x25, 0x2d, 0x2c, 0x28, 0x00, 0x00, 0x00, 0x00, 0x00, 0x00,
  0x00, 0x00, 0x00, 0x00, 0x00, 0x00, 0x2c, 0x2c, 0x2a, 0x23, 0x15, 0x0e, 0x04, 0x04, 0x04, 0x04, 0x07, 0x07, 0x10, 0x02, 0x23, 0x2d, 0x2b, 0x27, 0x12, 0x0e, 0x19, 0x1e, 0x0f, 0x0f, 0x0c, 0x02, 0x01, 0x02, 0x02, 0x0a, 0x14, 0x14, 0x12, 0x14, 0x14, 0x14, 0x14, 0x17, 0x17, 0x1f, 0x25, 0x2d, 0x2c, 0x2c, 0x2c, 0x2c, 0x2c, 0x2d, 0x2c, 0x2c, 0x2c, 0x2c, 0x2c, 0x2d, 0x2d, 0x2d, 0x2c, 0x2c, 0x2c, 0x2c, 0x2d, 0x26, 0x21, 0x17, 0x17, 0x14, 0x14, 0x14, 0x14, 0x14, 0x17, 0x14, 0x0a, 0x02, 0x02, 0x01, 0x02, 0x0b, 0x10, 0x0e, 0x1e, 0x18, 0x05, 0x12, 0x28, 0x2c, 0x2d, 0x23, 0x02, 0x10, 0x03, 0x03, 0x02, 0x10, 0x14, 0x15, 0x18, 0x15, 0x23, 0x2a, 0x2c, 0x2a, 0x00, 0x00, 0x00, 0x00, 0x00, 0x00,
  0x00, 0x00, 0x00, 0x00, 0x00, 0x28, 0x2c, 0x2d, 0x23, 0x15, 0x19, 0x0e, 0x08, 0x07, 0x09, 0x0c, 0x08, 0x05, 0x0f, 0x02, 0x23, 0x2d, 0x2b, 0x27, 0x12, 0x10, 0x11, 0x10, 0x10, 0x10, 0x11, 0x0c, 0x0a, 0x02, 0x01, 0x12, 0x28, 0x2a, 0x2a, 0x2a, 0x2a, 0x2a, 0x2a, 0x2c, 0x2c, 0x2a, 0x2c, 0x2c, 0x2a, 0x28, 0x28, 0x28, 0x28, 0x28, 0x28, 0x28, 0x28, 0x28, 0x28, 0x28, 0x28, 0x28, 0x28, 0x28, 0x28, 0x2c, 0x2c, 0x2c, 0x2c, 0x2c, 0x2c, 0x2a, 0x2a, 0x2a, 0x2c, 0x2c, 0x2c, 0x28, 0x12, 0x02, 0x0a, 0x0a, 0x0c, 0x10, 0x10, 0x0e, 0x0e, 0x10, 0x10, 0x12, 0x28, 0x2c, 0x2d, 0x23, 0x02, 0x10, 0x03, 0x02, 0x02, 0x02, 0x0f, 0x17, 0x18, 0x19, 0x15, 0x23, 0x2d, 0x2c, 0x28, 0x00, 0x00, 0x00, 0x00, 0x00,
  0x00, 0x00, 0x00, 0x00, 0x00, 0x2a, 0x2c, 0x2d, 0x23, 0x18, 0x19, 0x0f, 0x0e, 0x05, 0x0b, 0x0b, 0x07, 0x06, 0x0f, 0x02, 0x25, 0x2d, 0x2b, 0x27, 0x1e, 0x0e, 0x02, 0x02, 0x02, 0x02, 0x0e, 0x26, 0x27, 0x26, 0x26, 0x26, 0x29, 0x29, 0x2a, 0x2a, 0x2a, 0x2c, 0x2c, 0x2d, 0x2d, 0x2d, 0x2d, 0x2c, 0x22, 0x22, 0x1d, 0x1d, 0x22, 0x22, 0x22, 0x22, 0x22, 0x22, 0x22, 0x22, 0x1d, 0x1d, 0x1d, 0x1d, 0x22, 0x22, 0x2c, 0x2d, 0x2d, 0x2d, 0x2d, 0x2c, 0x2c, 0x2c, 0x2a, 0x2a, 0x29, 0x29, 0x26, 0x26, 0x26, 0x27, 0x25, 0x02, 0x02, 0x02, 0x01, 0x01, 0x11, 0x21, 0x29, 0x2a, 0x2d, 0x23, 0x02, 0x10, 0x07, 0x04, 0x04, 0x02, 0x10, 0x18, 0x19, 0x19, 0x15, 0x23, 0x2d, 0x2a, 0x28, 0x00, 0x00, 0x00, 0x00, 0x00,
  0x00, 0x00, 0x00, 0x00, 0x00, 0x28, 0x2c, 0x2d, 0x23, 0x18, 0x19, 0x0f, 0x0e, 0x09, 0x09, 0x07, 0x07, 0x03, 0x0b, 0x10, 0x1e, 0x25, 0x2c, 0x29, 0x26, 0x26, 0x25, 0x25, 0x25, 0x25, 0x26, 0x2c, 0x2c, 0x2c, 0x2d, 0x2c, 0x2b, 0x2b, 0x2c, 0x2c, 0x2d, 0x27, 0x22, 0x22, 0x22, 0x22, 0x22, 0x22, 0x1d, 0x1d, 0x1d, 0x1d, 0x1d, 0x1d, 0x1d, 0x1d, 0x1d, 0x1d, 0x1d, 0x1d, 0x1d, 0x1d, 0x1d, 0x1d, 0x1d, 0x1d, 0x22, 0x22, 0x22, 0x22, 0x22, 0x22, 0x22, 0x2c, 0x2d, 0x2c, 0x2c, 0x2c, 0x2c, 0x2d, 0x2c, 0x2c, 0x2a, 0x25, 0x25, 0x25, 0x25, 0x25, 0x26, 0x27, 0x2a, 0x2c, 0x23, 0x14, 0x10, 0x0e, 0x05, 0x03, 0x04, 0x03, 0x11, 0x1e, 0x19, 0x19, 0x15, 0x23, 0x2d, 0x2a, 0x28, 0x00, 0x00, 0x00, 0x00, 0x00,
  0x00, 0x00, 0x00, 0x00, 0x00, 0x28, 0x2c, 0x2d, 0x23, 0x19, 0x1e, 0x0f, 0x0c, 0x0b, 0x0b, 0x04, 0x09, 0x04, 0x0b, 0x03, 0x01, 0x1f, 0x2d, 0x29, 0x2c, 0x2d, 0x2d, 0x2d, 0x2d, 0x2d, 0x2d, 0x2c, 0x2d, 0x27, 0x24, 0x24, 0x24, 0x24, 0x24, 0x24, 0x24, 0x24, 0x1a, 0x1c, 0x1c, 0x1c, 0x1c, 0x1c, 0x1d, 0x1d, 0x1d, 0x1c, 0x1c, 0x1c, 0x1c, 0x1c, 0x1c, 0x1c, 0x1c, 0x1c, 0x1c, 0x1c, 0x1c, 0x1c, 0x1d, 0x1d, 0x1c, 0x1c, 0x1a, 0x1c, 0x1c, 0x1c, 0x1d, 0x24, 0x24, 0x24, 0x24, 0x24, 0x24, 0x24, 0x26, 0x2d, 0x2c, 0x2d, 0x2d, 0x2d, 0x2d, 0x2d, 0x2c, 0x2c, 0x2a, 0x2d, 0x1f, 0x01, 0x03, 0x0f, 0x05, 0x03, 0x02, 0x07, 0x11, 0x13, 0x18, 0x19, 0x15, 0x23, 0x2d, 0x2a, 0x27, 0x00, 0x00, 0x00, 0x00, 0x00,
  0x00, 0x00, 0x00, 0x00, 0x00, 0x28, 0x2c, 0x2d, 0x23, 0x13, 0x13, 0x0e, 0x0b, 0x09, 0x05, 0x04, 0x0b, 0x07, 0x02, 0x1f, 0x1f, 0x23, 0x2b, 0x29, 0x2a, 0x2a, 0x2c, 0x28, 0x26, 0x26, 0x26, 0x27, 0x28, 0x24, 0x1d, 0x1d, 0x1a, 0x1b, 0x1b, 0x1b, 0x1b, 0x1d, 0x1c, 0x1c, 0x1c, 0x1a, 0x1c, 0x1c, 0x1c, 0x1c, 0x1a, 0x1a, 0x1a, 0x1a, 0x1a, 0x1a, 0x1a, 0x1a, 0x1a, 0x1a, 0x1a, 0x1a, 0x1a, 0x1a, 0x1c, 0x1c, 0x1c, 0x1c, 0x1a, 0x1c, 0x1c, 0x1c, 0x1d, 0x1c, 0x1b, 0x1b, 0x1b, 0x1b, 0x1d, 0x1d, 0x22, 0x28, 0x27, 0x26, 0x26, 0x25, 0x28, 0x2b, 0x2a, 0x2a, 0x2a, 0x2c, 0x23, 0x1f, 0x1f, 0x02, 0x02, 0x02, 0x03, 0x09, 0x0e, 0x0f, 0x18, 0x19, 0x15, 0x21, 0x27, 0x2a, 0x29, 0x23, 0x00, 0x00, 0x00, 0x00,
  0x00, 0x00, 0x00, 0x00, 0x23, 0x28, 0x2c, 0x28, 0x23, 0x13, 0x05, 0x0b, 0x0c, 0x0e, 0x08, 0x07, 0x04, 0x0a, 0x14, 0x27, 0x2d, 0x2b, 0x2a, 0x2a, 0x2a, 0x2c, 0x2c, 0x24, 0x1d, 0x1d, 0x1b, 0x1d, 0x1d, 0x1d, 0x1d, 0x1d, 0x1c, 0x1a, 0x1b, 0x1b, 0x1a, 0x1c, 0x1c, 0x1c, 0x1c, 0x1b, 0x1b, 0x1a, 0x1c, 0x1c, 0x1c, 0x1a, 0x1a, 0x1a, 0x1a, 0x1a, 0x1a, 0x1a, 0x1a, 0x1a, 0x1a, 0x1a, 0x1c, 0x1c, 0x1c, 0x1c, 0x1b, 0x1b, 0x1b, 0x1c, 0x1c, 0x1c, 0x1a, 0x1c, 0x1a, 0x1a, 0x1b, 0x1a, 0x1d, 0x1d, 0x1d, 0x1d, 0x1d, 0x1b, 0x1d, 0x1d, 0x25, 0x28, 0x2a, 0x2a, 0x2a, 0x2a, 0x2c, 0x2d, 0x28, 0x14, 0x0a, 0x02, 0x02, 0x03, 0x0f, 0x11, 0x19, 0x19, 0x19, 0x15, 0x21, 0x2a, 0x29, 0x28, 0x25, 0x00, 0x00, 0x00,
  0x00, 0x00, 0x00, 0x25, 0x27, 0x2a, 0x2c, 0x21, 0x18, 0x14, 0x05, 0x0b, 0x0c, 0x0c, 0x0c, 0x0c, 0x02, 0x12, 0x28, 0x2a, 0x29, 0x2a, 0x2a, 0x2a, 0x2a, 0x2c, 0x24, 0x1d, 0x1d, 0x1d, 0x1a, 0x1b, 0x1a, 0x1c, 0x1c, 0x1c, 0x1c, 0x1a, 0x1b, 0x1b, 0x1b, 0x1c, 0x1c, 0x1c, 0x1a, 0x1a, 0x1b, 0x1a, 0x1c, 0x1c, 0x1c, 0x1a, 0x1a, 0x1a, 0x1a, 0x1a, 0x1a, 0x1a, 0x1a, 0x1a, 0x1a, 0x1a, 0x1c, 0x1c, 0x1c, 0x1a, 0x1b, 0x1a, 0x1a, 0x1c, 0x1c, 0x1c, 0x1c, 0x1a, 0x1a, 0x1b, 0x1b, 0x1c, 0x1c, 0x1c, 0x1c, 0x1a, 0x1b, 0x1b, 0x1c, 0x1d, 0x1d, 0x24, 0x2d, 0x2a, 0x2a, 0x2c, 0x2a, 0x2a, 0x2c, 0x2a, 0x12, 0x02, 0x04, 0x06, 0x0e, 0x11, 0x19, 0x19, 0x19, 0x15, 0x21, 0x2a, 0x29, 0x28, 0x00, 0x00, 0x00, 0x00,
  0x00, 0x00, 0x00, 0x00, 0x29, 0x2a, 0x2b, 0x21, 0x16, 0x13, 0x03, 0x0c, 0x0e, 0x0c, 0x10, 0x01, 0x14, 0x27, 0x29, 0x2a, 0x2d, 0x25, 0x22, 0x2c, 0x29, 0x2c, 0x22, 0x1a, 0x1c, 0x1a, 0x1b, 0x1a, 0x1a, 0x1a, 0x1a, 0x1a, 0x1a, 0x1a, 0x1a, 0x1a, 0x1a, 0x1a, 0x1a, 0x1a, 0x1a, 0x1a, 0x1a, 0x1a, 0x1b, 0x1c, 0x1c, 0x1a, 0x1a, 0x1a, 0x1a, 0x1a, 0x1a, 0x1a, 0x1a, 0x1a, 0x1a, 0x1a, 0x1c, 0x1a, 0x1a, 0x1a, 0x1a, 0x1a, 0x1a, 0x1a, 0x1a, 0x1a, 0x1a, 0x1a, 0x1a, 0x1a, 0x1a, 0x1a, 0x1a, 0x1a, 0x1a, 0x1a, 0x1a, 0x1b, 0x1a, 0x1d, 0x1a, 0x22, 0x2d, 0x2a, 0x2c, 0x22, 0x25, 0x2d, 0x2a, 0x2a, 0x26, 0x10, 0x01, 0x0c, 0x0e, 0x11, 0x19, 0x19, 0x19, 0x15, 0x1f, 0x2a, 0x29, 0x28, 0x25, 0x00, 0x00, 0x00,
  0x00, 0x00, 0x00, 0x25, 0x29, 0x2a, 0x2a, 0x1f, 0x15, 0x13, 0x03, 0x0f, 0x0e, 0x0c, 0x02, 0x1e, 0x26, 0x2b, 0x29, 0x2d, 0x25, 0x1d, 0x22, 0x2c, 0x29, 0x2c, 0x22, 0x1a, 0x1c, 0x1c, 0x1a, 0x1a, 0x1a, 0x1a, 0x1a, 0x1a, 0x1a, 0x1a, 0x1a, 0x1a, 0x1a, 0x1a, 0x1a, 0x1a, 0x1a, 0x1a, 0x1a, 0x1a, 0x1a, 0x1a, 0x1a, 0x1c, 0x1a, 0x1a, 0x1a, 0x1a, 0x1a, 0x1a, 0x1a, 0x1a, 0x1a, 0x1a, 0x1c, 0x1a, 0x1a, 0x1a, 0x1a, 0x1a, 0x1a, 0x1a, 0x1a, 0x1a, 0x1a, 0x1a, 0x1a, 0x1a, 0x1a, 0x1a, 0x1a, 0x1a, 0x1a, 0x1a, 0x1a, 0x1a, 0x1c, 0x1c, 0x1a, 0x22, 0x2d, 0x2a, 0x2c, 0x22, 0x1d, 0x26, 0x2d, 0x2a, 0x2a, 0x25, 0x17, 0x02, 0x10, 0x11, 0x19, 0x19, 0x18, 0x13, 0x1f, 0x29, 0x29, 0x28, 0x25, 0x00, 0x00, 0x00,
  0x00, 0x00, 0x00, 0x25, 0x29, 0x2a, 0x2a, 0x1f, 0x15, 0x13, 0x05, 0x0f, 0x0c, 0x0c, 0x01, 0x23, 0x2d, 0x29, 0x2a, 0x24, 0x1d, 0x1c, 0x22, 0x2c, 0x29, 0x2c, 0x22, 0x1a, 0x1c, 0x1c, 0x1a, 0x1a, 0x1a, 0x1a, 0x1a, 0x1a, 0x1a, 0x1a, 0x1a, 0x1a, 0x1a, 0x1a, 0x1a, 0x1a, 0x1a, 0x1a, 0x1a, 0x1a, 0x1b, 0x1a, 0x1a, 0x1c, 0x1c, 0x1a, 0x1a, 0x1a, 0x1a, 0x1a, 0x1c, 0x1a, 0x1a, 0x1c, 0x1a, 0x1a, 0x1a, 0x1a, 0x1a, 0x1a, 0x1a, 0x1a, 0x1a, 0x1a, 0x1a, 0x1a, 0x1a, 0x1a, 0x1a, 0x1a, 0x1a, 0x1a, 0x1a, 0x1a, 0x1a, 0x1c, 0x1c, 0x1c, 0x1a, 0x22, 0x2c, 0x29, 0x2c, 0x22, 0x1a, 0x22, 0x25, 0x2a, 0x29, 0x2d, 0x1f, 0x02, 0x10, 0x10, 0x12, 0x15, 0x18, 0x13, 0x1f, 0x2b, 0x29, 0x28, 0x00, 0x00, 0x00, 0x00,
  0x00, 0x00, 0x00, 0x00, 0x29, 0x29, 0x2b, 0x1f, 0x13, 0x13, 0x05, 0x0c, 0x06, 0x10, 0x02, 0x1f, 0x2c, 0x2a, 0x2c, 0x1b, 0x1a, 0x1d, 0x22, 0x2c, 0x29, 0x2c, 0x22, 0x1b, 0x1c, 0x1c, 0x1c, 0x1a, 0x1a, 0x1a, 0x1a, 0x1a, 0x1a, 0x1a, 0x1a, 0x1a, 0x1a, 0x1a, 0x1a, 0x1a, 0x1a, 0x1a, 0x1a, 0x1a, 0x1b, 0x1b, 0x1a, 0x1a, 0x1a, 0x1a, 0x1c, 0x1c, 0x1c, 0x1c, 0x1c, 0x1a, 0x1a, 0x1c, 0x1a, 0x1a, 0x1a, 0x1a, 0x1a, 0x1a, 0x1a, 0x1a, 0x1a, 0x1a, 0x1a, 0x1a, 0x1a, 0x1a, 0x1a, 0x1a, 0x1a, 0x1a, 0x1a, 0x1a, 0x1c, 0x1c, 0x1c, 0x1c, 0x1b, 0x22, 0x2c, 0x2a, 0x2c, 0x22, 0x1d, 0x1a, 0x1d, 0x2c, 0x29, 0x2c, 0x1f, 0x02, 0x10, 0x0f, 0x05, 0x14, 0x16, 0x13, 0x1e, 0x25, 0x29, 0x29, 0x25, 0x00, 0x00, 0x00,
  0x00, 0x00, 0x00, 0x25, 0x29, 0x29, 0x29, 0x1f, 0x13, 0x12, 0x03, 0x0b, 0x07, 0x0f, 0x01, 0x1f, 0x2d, 0x2a, 0x2c, 0x1d, 0x1a, 0x1d, 0x24, 0x2c, 0x29, 0x2c, 0x22, 0x1b, 0x1c, 0x1c, 0x1c, 0x1a, 0x1a, 0x1a, 0x1a, 0x1a, 0x1a, 0x1a, 0x2a, 0x2a, 0x2a, 0x1a, 0x1a, 0x1a, 0x1a, 0x1a, 0x1a, 0x1a, 0x1d, 0x1a, 0x1a, 0x1a, 0x1a, 0x1a, 0x1a, 0x1c, 0x1c, 0x1c, 0x1c, 0x1a, 0x1c, 0x1a, 0x1a, 0x1a, 0x1a, 0x1a, 0x1a, 0x1a, 0x1a, 0x1a, 0x1a, 0x1a, 0x2a, 0x2a, 0x2a, 0x1a, 0x1a, 0x1a, 0x1a, 0x1a, 0x1a, 0x1a, 0x1a, 0x1c, 0x1c, 0x1c, 0x1b, 0x22, 0x2c, 0x2a, 0x2c, 0x22, 0x1d, 0x1a, 0x22, 0x2c, 0x2a, 0x2d, 0x1f, 0x02, 0x10, 0x0c, 0x04, 0x13, 0x14, 0x15, 0x13, 0x14, 0x27, 0x29, 0x2a, 0x25, 0x00, 0x00,
  0x00, 0x00, 0x27, 0x27, 0x2a, 0x29, 0x1e, 0x14, 0x10, 0x02, 0x04, 0x06, 0x0c, 0x10, 0x02, 0x1f, 0x2d, 0x2a, 0x2c, 0x1d, 0x1a, 0x1c, 0x22, 0x2c, 0x29, 0x2c, 0x22, 0x1b, 0x1b, 0x1a, 0x1c, 0x1a, 0x1a, 0x1a, 0x1a, 0x1a, 0x2a, 0x2a, 0x2a, 0x01, 0x2a, 0x2a, 0x2a, 0x1a, 0x1a, 0x1a, 0x1a, 0x1a, 0x1d, 0x1a, 0x1a, 0x1a, 0x1a, 0x1a, 0x1c, 0x1c, 0x1c, 0x1c, 0x1c, 0x1c, 0x1c, 0x1a, 0x1a, 0x1a, 0x1a, 0x1a, 0x1a, 0x1a, 0x1a, 0x1a, 0x2a, 0x2a, 0x2a, 0x01, 0x2a, 0x2a, 0x2a, 0x1a, 0x1a, 0x1a, 0x1a, 0x1a, 0x1c, 0x1c, 0x1c, 0x1a, 0x1b, 0x22, 0x2d, 0x2a, 0x2c, 0x22, 0x1c, 0x1a, 0x22, 0x2c, 0x2a, 0x2d, 0x1f, 0x02, 0x10, 0x07, 0x03, 0x02, 0x12, 0x17, 0x14, 0x1e, 0x27, 0x29, 0x2b, 0x23, 0x00, 0x00,
  0x00, 0x00, 0x28, 0x29, 0x2a, 0x29, 0x17, 0x13, 0x10, 0x02, 0x04, 0x07, 0x07, 0x0c, 0x02, 0x23, 0x2d, 0x2a, 0x2c, 0x1d, 0x1b, 0x1a, 0x22, 0x2c, 0x2a, 0x2c, 0x22, 0x1b, 0x1a, 0x1a, 0x1c, 0x1a, 0x1a, 0x1a, 0x1a, 0x1a, 0x2a, 0x2a, 0x01, 0x01, 0x01, 0x2a, 0x2a, 0x1a, 0x1a, 0x1a, 0x1a, 0x1a, 0x1d, 0x1a, 0x1a, 0x1a, 0x1a, 0x1c, 0x1c, 0x1c, 0x1c, 0x1c, 0x1c, 0x1c, 0x1a, 0x1a, 0x1a, 0x1b, 0x1a, 0x1a, 0x1a, 0x1a, 0x1a, 0x1a, 0x2a, 0x2a, 0x01, 0x01, 0x01, 0x2a, 0x2a, 0x1a, 0x1a, 0x1a, 0x1a, 0x1a, 0x1c, 0x1c, 0x1a, 0x1b, 0x1b, 0x22, 0x2d, 0x2a, 0x2c, 0x22, 0x1c, 0x1b, 0x1f, 0x2c, 0x2a, 0x2d, 0x1f, 0x02, 0x10, 0x04, 0x04, 0x02, 0x12, 0x16, 0x14, 0x18, 0x27, 0x2a, 0x2c, 0x25, 0x00, 0x00,
  0x00, 0x00, 0x28, 0x2a, 0x2b, 0x29, 0x1e, 0x14, 0x11, 0x03, 0x07, 0x06, 0x04, 0x0a, 0x05, 0x14, 0x23, 0x2c, 0x2a, 0x27, 0x1d, 0x0d, 0x22, 0x2c, 0x29, 0x2c, 0x22, 0x1b, 0x1b, 0x1a, 0x1a, 0x1a, 0x1a, 0x1a, 0x1a, 0x2a, 0x2a, 0x2a, 0x2a, 0x01, 0x2a, 0x2a, 0x2a, 0x2a, 0x1a, 0x1a, 0x1a, 0x1a, 0x1b, 0x1a, 0x1a, 0x1a, 0x1a, 0x1c, 0x1c, 0x1c, 0x1c, 0x1c, 0x1c, 0x1c, 0x1a, 0x1a, 0x1a, 0x1b, 0x1a, 0x1a, 0x1a, 0x1a, 0x1a, 0x2a, 0x2a, 0x2a, 0x2a, 0x01, 0x2a, 0x2a, 0x2a, 0x2a, 0x1a, 0x1a, 0x1a, 0x1a, 0x1a, 0x1a, 0x1a, 0x1b, 0x1b, 0x22, 0x2d, 0x2a, 0x2c, 0x22, 0x0d, 0x22, 0x27, 0x2a, 0x2c, 0x23, 0x14, 0x0e, 0x0f, 0x04, 0x0a, 0x02, 0x12, 0x17, 0x15, 0x1e, 0x29, 0x2a, 0x2c, 0x25, 0x00, 0x00,
  0x00, 0x00, 0x28, 0x2a, 0x2a, 0x29, 0x1e, 0x14, 0x11, 0x03, 0x07, 0x04, 0x04, 0x0a, 0x10, 0x02, 0x1e, 0x2d, 0x2c, 0x2c, 0x25, 0x22, 0x25, 0x2c, 0x29, 0x2c, 0x22, 0x0d, 0x1b, 0x1a, 0x1a, 0x1a, 0x1a, 0x1a, 0x1a, 0x2a, 0x2a, 0x2a, 0x2a, 0x2a, 0x2a, 0x2a, 0x2a, 0x2a, 0x1a, 0x1a, 0x1a, 0x1a, 0x1b, 0x1a, 0x1a, 0x1c, 0x1c, 0x1c, 0x1a, 0x1a, 0x1c, 0x1c, 0x1a, 0x1a, 0x1a, 0x1a, 0x1a, 0x1b, 0x1b, 0x1a, 0x1a, 0x1a, 0x1a, 0x2a, 0x2a, 0x2a, 0x2a, 0x2a, 0x2a, 0x2a, 0x2a, 0x2a, 0x1a, 0x1a, 0x1a, 0x1a, 0x1a, 0x1a, 0x1b, 0x1b, 0x0d, 0x22, 0x2d, 0x2a, 0x2c, 0x24, 0x22, 0x25, 0x2c, 0x2b, 0x2d, 0x14, 0x03, 0x10, 0x0c, 0x0b, 0x0a, 0x02, 0x12, 0x16, 0x15, 0x1e, 0x28, 0x2c, 0x2c, 0x25, 0x00, 0x00,
  0x00, 0x00, 0x28, 0x2a, 0x2b, 0x29, 0x1e, 0x14, 0x12, 0x03, 0x04, 0x02, 0x04, 0x0b, 0x10, 0x0e, 0x14, 0x23, 0x25, 0x2c, 0x2c, 0x2c, 0x2a, 0x29, 0x29, 0x2c, 0x23, 0x1d, 0x1b, 0x1b, 0x1a, 0x1a, 0x1a, 0x1a, 0x1a, 0x2a, 0x2a, 0x2a, 0x2a, 0x2a, 0x2a, 0x2a, 0x2a, 0x2a, 0x1a, 0x1a, 0x1a, 0x1a, 0x1b, 0x1a, 0x1a, 0x1c, 0x1c, 0x1d, 0x22, 0x1d, 0x1a, 0x1a, 0x1d, 0x22, 0x1b, 0x1a, 0x1a, 0x1b, 0x1b, 0x1a, 0x1a, 0x1a, 0x1a, 0x2a, 0x2a, 0x2a, 0x2a, 0x2a, 0x2a, 0x2a, 0x2a, 0x2a, 0x1a, 0x1a, 0x1a, 0x1a, 0x1a, 0x1b, 0x1b, 0x1b, 0x1d, 0x24, 0x2c, 0x2a, 0x2a, 0x2c, 0x2c, 0x2b, 0x2a, 0x25, 0x23, 0x14, 0x0e, 0x10, 0x0f, 0x0b, 0x04, 0x02, 0x12, 0x16, 0x16, 0x1e, 0x23, 0x29, 0x2d, 0x26, 0x00, 0x00,
  0x00, 0x00, 0x2c, 0x2a, 0x2c, 0x2a, 0x1e, 0x14, 0x11, 0x02, 0x03, 0x02, 0x04, 0x0c, 0x0c, 0x10, 0x0f, 0x01, 0x17, 0x27, 0x27, 0x29, 0x29, 0x29, 0x29, 0x29, 0x2d, 0x24, 0x0d, 0x1b, 0x1a, 0x1a, 0x1a, 0x1a, 0x1a, 0x1a, 0x2a, 0x2a, 0x2a, 0x2a, 0x2a, 0x2a, 0x2a, 0x1a, 0x1a, 0x1a, 0x1a, 0x1a, 0x1b, 0x1b, 0x1c, 0x1c, 0x1a, 0x1d, 0x2e, 0x22, 0x1b, 0x1b, 0x22, 0x2c, 0x1d, 0x1a, 0x1c, 0x1a, 0x1b, 0x1a, 0x1a, 0x1a, 0x1a, 0x1a, 0x2a, 0x2a, 0x2a, 0x2a, 0x2a, 0x2a, 0x2a, 0x1a, 0x1a, 0x1a, 0x1a, 0x1a, 0x1c, 0x1a, 0x1c, 0x0d, 0x24, 0x2d, 0x29, 0x2a, 0x2a, 0x2a, 0x2a, 0x29, 0x25, 0x02, 0x01, 0x03, 0x0c, 0x0c, 0x0c, 0x0c, 0x04, 0x02, 0x12, 0x17, 0x18, 0x1e, 0x19, 0x26, 0x2c, 0x2c, 0x27, 0x00,
  0x00, 0x00, 0x26, 0x2c, 0x2c, 0x2a, 0x1e, 0x17, 0x12, 0x02, 0x03, 0x02, 0x04, 0x0b, 0x0c, 0x0e, 0x0f, 0x10, 0x10, 0x01, 0x23, 0x2c, 0x29, 0x29, 0x29, 0x29, 0x2c, 0x24, 0x1b, 0x1c, 0x1c, 0x1a, 0x1a, 0x1a, 0x1a, 0x1a, 0x2a, 0x2a, 0x2a, 0x2a, 0x2a, 0x2a, 0x2a, 0x1a, 0x1a, 0x1a, 0x1a, 0x1a, 0x1a, 0x1a, 0x1c, 0x1c, 0x1a, 0x1d, 0x28, 0x28, 0x28, 0x27, 0x28, 0x28, 0x1d, 0x1a, 0x1c, 0x1c, 0x1a, 0x1a, 0x1a, 0x1a, 0x1a, 0x1a, 0x2a, 0x2a, 0x2a, 0x2a, 0x2a, 0x2a, 0x2a, 0x1a, 0x1a, 0x1a, 0x1a, 0x1a, 0x1c, 0x1c, 0x1c, 0x1b, 0x24, 0x2c, 0x29, 0x29, 0x2a, 0x2a, 0x2c, 0x25, 0x01, 0x0a, 0x0a, 0x02, 0x05, 0x0b, 0x0c, 0x08, 0x04, 0x02, 0x13, 0x18, 0x18, 0x19, 0x18, 0x26, 0x2c, 0x2c, 0x27, 0x00,
  0x00, 0x25, 0x28, 0x2d, 0x27, 0x1e, 0x1e, 0x12, 0x0b, 0x07, 0x07, 0x04, 0x04, 0x0a, 0x0c, 0x0e, 0x0f, 0x0e, 0x0f, 0x05, 0x17, 0x1f, 0x1e, 0x1f, 0x2a, 0x2a, 0x2c, 0x24, 0x0d, 0x1c, 0x1c, 0x1a, 0x1a, 0x1a, 0x1a, 0x1a, 0x1a, 0x1a, 0x2a, 0x2a, 0x2a, 0x1a, 0x1a, 0x1a, 0x1a, 0x1a, 0x1a, 0x1a, 0x1a, 0x1c, 0x1c, 0x1c, 0x1c, 0x1c, 0x1d, 0x28, 0x2c, 0x2c, 0x27, 0x1d, 0x1c, 0x1c, 0x1c, 0x1c, 0x1a, 0x1a, 0x1a, 0x1a, 0x1a, 0x1a, 0x1a, 0x1a, 0x2a, 0x2a, 0x2a, 0x1a, 0x1a, 0x1a, 0x1a, 0x1a, 0x1a, 0x1a, 0x1c, 0x1c, 0x1d, 0x0d, 0x24, 0x2c, 0x2a, 0x2c, 0x17, 0x12, 0x14, 0x12, 0x03, 0x02, 0x02, 0x04, 0x07, 0x08, 0x0c, 0x0b, 0x0a, 0x02, 0x14, 0x19, 0x18, 0x19, 0x18, 0x26, 0x2c, 0x2c, 0x27, 0x00,
  0x00, 0x27, 0x2d, 0x2c, 0x26, 0x15, 0x1e, 0x11, 0x03, 0x08, 0x03, 0x06, 0x0c, 0x07, 0x0a, 0x0a, 0x0c, 0x0c, 0x0e, 0x10, 0x0f, 0x12, 0x14, 0x14, 0x23, 0x27, 0x2c, 0x27, 0x24, 0x1c, 0x1c, 0x1c, 0x1c, 0x1a, 0x1a, 0x1d, 0x1d, 0x1d, 0x1d, 0x1d, 0x1d, 0x1d, 0x1d, 0x1c, 0x1a, 0x1a, 0x1a, 0x1a, 0x1a, 0x1c, 0x1c, 0x1c, 0x1c, 0x1c, 0x1b, 0x22, 0x22, 0x22, 0x1d, 0x1b, 0x1c, 0x1c, 0x1c, 0x1c, 0x1c, 0x1a, 0x1c, 0x1a, 0x1c, 0x1a, 0x1c, 0x1d, 0x1d, 0x1d, 0x1d, 0x1d, 0x1d, 0x1d, 0x1d, 0x1a, 0x1a, 0x1c, 0x1c, 0x1c, 0x1c, 0x22, 0x27, 0x2c, 0x27, 0x1f, 0x0b, 0x03, 0x05, 0x06, 0x0c, 0x05, 0x0a, 0x04, 0x07, 0x0b, 0x0b, 0x0a, 0x0a, 0x07, 0x10, 0x13, 0x19, 0x19, 0x18, 0x27, 0x2c, 0x2c, 0x27, 0x00,
  0x00, 0x26, 0x2c, 0x2c, 0x26, 0x18, 0x1e, 0x11, 0x05, 0x04, 0x06, 0x0c, 0x08, 0x04, 0x04, 0x03, 0x0b, 0x0c, 0x0e, 0x0e, 0x05, 0x12, 0x17, 0x14, 0x13, 0x28, 0x2c, 0x2d, 0x26, 0x1b, 0x1c, 0x1c, 0x1a, 0x1a, 0x1a, 0x1d, 0x1d, 0x1d, 0x1d, 0x1d, 0x1d, 0x1d, 0x1d, 0x1a, 0x1a, 0x1c, 0x1c, 0x1a, 0x1c, 0x1c, 0x1c, 0x1c, 0x1c, 0x1c, 0x1a, 0x1b, 0x1b, 0x1b, 0x1b, 0x1b, 0x1c, 0x1c, 0x1c, 0x1c, 0x1c, 0x1c, 0x1c, 0x1c, 0x1c, 0x1a, 0x1c, 0x1d, 0x1d, 0x1d, 0x1d, 0x1d, 0x1d, 0x1d, 0x1d, 0x1a, 0x1b, 0x1a, 0x1c, 0x1c, 0x1b, 0x27, 0x2d, 0x2d, 0x26, 0x01, 0x04, 0x0f, 0x0f, 0x0f, 0x08, 0x09, 0x07, 0x04, 0x0a, 0x0b, 0x03, 0x0a, 0x0a, 0x0a, 0x03, 0x12, 0x19, 0x19, 0x18, 0x27, 0x2c, 0x2c, 0x27, 0x00,
  0x00, 0x26, 0x2c, 0x2c, 0x27, 0x15, 0x16, 0x11, 0x0e, 0x07, 0x07, 0x0c, 0x06, 0x04, 0x04, 0x02, 0x0a, 0x0c, 0x0e, 0x0f, 0x08, 0x10, 0x14, 0x14, 0x17, 0x25, 0x29, 0x2d, 0x26, 0x22, 0x1c, 0x1a, 0x1a, 0x1b, 0x1a, 0x1d, 0x1d, 0x1d, 0x1d, 0x1d, 0x1d, 0x1d, 0x1d, 0x1a, 0x1a, 0x1c, 0x1c, 0x1c, 0x1a, 0x1a, 0x1a, 0x1a, 0x1a, 0x1a, 0x1b, 0x1b, 0x1c, 0x1c, 0x1b, 0x1b, 0x1c, 0x1c, 0x1c, 0x1c, 0x1a, 0x1a, 0x1c, 0x1c, 0x1c, 0x1a, 0x1c, 0x1d, 0x1d, 0x1d, 0x1d, 0x1d, 0x1d, 0x1d, 0x1d, 0x1a, 0x1b, 0x1b, 0x1b, 0x1c, 0x22, 0x27, 0x2d, 0x28, 0x23, 0x02, 0x04, 0x04, 0x08, 0x0c, 0x0c, 0x05, 0x0b, 0x07, 0x06, 0x04, 0x03, 0x06, 0x07, 0x0b, 0x06, 0x12, 0x18, 0x18, 0x18, 0x27, 0x2c, 0x2c, 0x27, 0x00,
  0x00, 0x26, 0x2a, 0x2c, 0x27, 0x15, 0x11, 0x0f, 0x0f, 0x0b, 0x07, 0x07, 0x04, 0x03, 0x03, 0x02, 0x0a, 0x0b, 0x0c, 0x0e, 0x07, 0x02, 0x0b, 0x16, 0x18, 0x13, 0x25, 0x2d, 0x2c, 0x28, 0x1b, 0x1b, 0x1b, 0x1b, 0x1a, 0x1d, 0x1d, 0x1d, 0x1d, 0x1d, 0x1d, 0x1d, 0x1d, 0x1a, 0x1a, 0x1c, 0x1c, 0x1c, 0x1a, 0x1a, 0x1a, 0x1a, 0x1a, 0x1b, 0x1b, 0x1b, 0x1c, 0x1c, 0x1b, 0x1b, 0x1b, 0x1c, 0x1c, 0x1a, 0x1a, 0x1a, 0x1c, 0x1c, 0x1c, 0x1c, 0x1c, 0x1d, 0x1d, 0x1d, 0x1d, 0x1d, 0x1d, 0x1d, 0x1d, 0x1c, 0x1b, 0x1b, 0x1b, 0x1b, 0x2c, 0x2c, 0x2d, 0x23, 0x01, 0x10, 0x03, 0x07, 0x07, 0x0c, 0x0e, 0x05, 0x0b, 0x0a, 0x04, 0x08, 0x06, 0x09, 0x09, 0x0b, 0x03, 0x12, 0x19, 0x19, 0x18, 0x27, 0x2c, 0x2c, 0x27, 0x00,
  0x00, 0x26, 0x2a, 0x2c, 0x27, 0x15, 0x11, 0x0f, 0x0c, 0x0c, 0x0c, 0x06, 0x02, 0x02, 0x04, 0x03, 0x04, 0x0c, 0x0c, 0x05, 0x04, 0x02, 0x0c, 0x17, 0x19, 0x16, 0x25, 0x2d, 0x2c, 0x27, 0x0d, 0x1b, 0x1b, 0x1b, 0x1a, 0x1a, 0x1d, 0x1d, 0x1d, 0x1d, 0x1d, 0x1d, 0x1a, 0x1a, 0x1c, 0x1c, 0x1c, 0x1a, 0x1a, 0x1a, 0x1a, 0x1c, 0x1b, 0x1b, 0x1b, 0x1a, 0x1c, 0x1c, 0x1b, 0x1b, 0x1b, 0x1c, 0x1c, 0x1a, 0x1a, 0x1a, 0x1a, 0x1c, 0x1c, 0x1c, 0x1a, 0x1a, 0x1d, 0x1d, 0x1d, 0x1d, 0x1d, 0x1d, 0x1c, 0x1a, 0x1b, 0x1b, 0x1b, 0x0d, 0x28, 0x2a, 0x2d, 0x23, 0x03, 0x10, 0x05, 0x07, 0x0b, 0x07, 0x05, 0x05, 0x0b, 0x0b, 0x0b, 0x09, 0x07, 0x0a, 0x0a, 0x09, 0x03, 0x12, 0x19, 0x19, 0x19, 0x27, 0x2c, 0x2c, 0x27, 0x00,
  0x00, 0x26, 0x2a, 0x2b, 0x26, 0x15, 0x11, 0x0f, 0x0c, 0x0c, 0x11, 0x16, 0x08, 0x02, 0x06, 0x05, 0x03, 0x03, 0x03, 0x02, 0x03, 0x02, 0x10, 0x1e, 0x19, 0x1e, 0x19, 0x23, 0x2c, 0x28, 0x27, 0x1d, 0x1b, 0x1c, 0x1a, 0x1a, 0x1a, 0x1a, 0x1a, 0x1a, 0x1a, 0x1c, 0x1a, 0x1c, 0x1c, 0x1c, 0x1c, 0x1a, 0x1a, 0x1a, 0x1b, 0x1b, 0x0d, 0x1b, 0x1b, 0x1c, 0x1c, 0x1c, 0x1c, 0x1b, 0x0d, 0x0d, 0x1b, 0x1b, 0x1a, 0x1a, 0x1a, 0x1c, 0x1c, 0x1c, 0x1a, 0x1a, 0x1c, 0x1a, 0x1a, 0x1a, 0x1a, 0x1c, 0x1a, 0x1a, 0x1c, 0x1b, 0x1d, 0x28, 0x28, 0x2b, 0x23, 0x10, 0x10, 0x0c, 0x0b, 0x06, 0x07, 0x07, 0x0b, 0x07, 0x0b, 0x09, 0x07, 0x09, 0x08, 0x04, 0x0a, 0x0b, 0x03, 0x13, 0x1e, 0x19, 0x19, 0x27, 0x2c, 0x2c, 0x26, 0x00,
  0x00, 0x26, 0x2a, 0x2b, 0x26, 0x13, 0x0f, 0x0e, 0x10, 0x0e, 0x11, 0x17, 0x13, 0x11, 0x12, 0x12, 0x12, 0x11, 0x10, 0x02, 0x02, 0x03, 0x0f, 0x13, 0x19, 0x1e, 0x13, 0x23, 0x2d, 0x29, 0x2c, 0x1d, 0x1b, 0x1c, 0x1c, 0x1a, 0x1b, 0x1a, 0x1b, 0x1b, 0x1a, 0x1a, 0x1c, 0x1c, 0x1c, 0x1c, 0x1a, 0x1a, 0x1a, 0x1b, 0x22, 0x24, 0x24, 0x24, 0x0d, 0x1b, 0x1a, 0x1a, 0x1a, 0x1b, 0x24, 0x24, 0x24, 0x22, 0x1b, 0x1c, 0x1c, 0x1a, 0x1a, 0x1c, 0x1c, 0x1a, 0x1a, 0x1a, 0x1a, 0x1a, 0x1b, 0x1a, 0x1a, 0x1c, 0x1c, 0x1b, 0x1d, 0x2c, 0x29, 0x2d, 0x23, 0x01, 0x10, 0x0e, 0x0c, 0x07, 0x04, 0x0a, 0x04, 0x07, 0x07, 0x07, 0x09, 0x08, 0x08, 0x06, 0x07, 0x08, 0x05, 0x10, 0x13, 0x1e, 0x19, 0x26, 0x2c, 0x2a, 0x26, 0x00,
  0x00, 0x26, 0x2a, 0x2b, 0x26, 0x13, 0x10, 0x0f, 0x10, 0x12, 0x15, 0x18, 0x15, 0x17, 0x19, 0x19, 0x18, 0x17, 0x17, 0x10, 0x02, 0x03, 0x03, 0x0f, 0x19, 0x1e, 0x15, 0x21, 0x26, 0x2b, 0x2a, 0x24, 0x1d, 0x1a, 0x1c, 0x1b, 0x1b, 0x1b, 0x1a, 0x1a, 0x1c, 0x1c, 0x1c, 0x1c, 0x1c, 0x1a, 0x1a, 0x1a, 0x1c, 0x1b, 0x24, 0x2d, 0x2d, 0x28, 0x23, 0x22, 0x24, 0x24, 0x24, 0x24, 0x2c, 0x2c, 0x2d, 0x24, 0x1b, 0x1c, 0x1a, 0x1a, 0x1a, 0x1a, 0x1a, 0x1a, 0x1c, 0x1c, 0x1a, 0x1a, 0x1b, 0x1a, 0x1a, 0x1c, 0x1a, 0x1d, 0x24, 0x2a, 0x2b, 0x25, 0x17, 0x02, 0x0c, 0x0c, 0x0c, 0x07, 0x07, 0x07, 0x07, 0x0b, 0x07, 0x08, 0x08, 0x07, 0x07, 0x07, 0x07, 0x07, 0x09, 0x05, 0x11, 0x1e, 0x18, 0x27, 0x2c, 0x29, 0x26, 0x00,
  0x00, 0x26, 0x2a, 0x2b, 0x26, 0x13, 0x0e, 0x0c, 0x0e, 0x13, 0x1e, 0x18, 0x15, 0x16, 0x18, 0x18, 0x18, 0x15, 0x13, 0x0f, 0x03, 0x06, 0x07, 0x0f, 0x16, 0x18, 0x18, 0x13, 0x1f, 0x27, 0x29, 0x2d, 0x24, 0x1d, 0x1b, 0x1b, 0x1b, 0x1a, 0x1a, 0x1c, 0x1c, 0x1c, 0x1c, 0x1c, 0x1c, 0x1a, 0x1a, 0x1a, 0x1c, 0x1b, 0x22, 0x25, 0x25, 0x2a, 0x2c, 0x2c, 0x2c, 0x2d, 0x2d, 0x2d, 0x2c, 0x27, 0x25, 0x22, 0x1b, 0x1c, 0x1c, 0x1a, 0x1a, 0x1a, 0x1c, 0x1c, 0x1c, 0x1c, 0x1c, 0x1a, 0x1a, 0x1b, 0x1a, 0x1a, 0x1d, 0x25, 0x2d, 0x29, 0x27, 0x12, 0x01, 0x04, 0x06, 0x07, 0x05, 0x05, 0x05, 0x07, 0x06, 0x07, 0x07, 0x07, 0x08, 0x05, 0x05, 0x07, 0x07, 0x09, 0x09, 0x0e, 0x11, 0x15, 0x15, 0x23, 0x27, 0x2a, 0x26, 0x00,
  0x00, 0x25, 0x2a, 0x2b, 0x26, 0x12, 0x08, 0x0b, 0x0e, 0x13, 0x1e, 0x18, 0x17, 0x16, 0x16, 0x16, 0x16, 0x14, 0x03, 0x03, 0x07, 0x06, 0x04, 0x07, 0x0e, 0x15, 0x17, 0x17, 0x14, 0x1e, 0x2a, 0x2a, 0x2d, 0x24, 0x0d, 0x1b, 0x1b, 0x1b, 0x1c, 0x1c, 0x1c, 0x1c, 0x1c, 0x1a, 0x1a, 0x1a, 0x1a, 0x1a, 0x1a, 0x1b, 0x1b, 0x0d, 0x1d, 0x28, 0x28, 0x29, 0x29, 0x2a, 0x2a, 0x2a, 0x2c, 0x24, 0x0d, 0x1b, 0x1a, 0x1a, 0x1c, 0x1c, 0x1a, 0x1a, 0x1c, 0x1c, 0x1c, 0x1c, 0x1c, 0x1a, 0x1a, 0x1b, 0x1b, 0x1b, 0x25, 0x2d, 0x2a, 0x29, 0x10, 0x02, 0x0a, 0x03, 0x04, 0x07, 0x07, 0x08, 0x08, 0x0b, 0x04, 0x07, 0x04, 0x0a, 0x0b, 0x08, 0x08, 0x04, 0x04, 0x07, 0x05, 0x0f, 0x08, 0x0e, 0x17, 0x11, 0x25, 0x2c, 0x29, 0x27,
  0x00, 0x25, 0x2a, 0x2b, 0x26, 0x13, 0x03, 0x03, 0x05, 0x13, 0x1e, 0x18, 0x18, 0x16, 0x15, 0x15, 0x15, 0x14, 0x09, 0x03, 0x07, 0x07, 0x07, 0x07, 0x06, 0x14, 0x17, 0x18, 0x15, 0x1e, 0x2a, 0x2c, 0x2a, 0x2c, 0x24, 0x0d, 0x1b, 0x1c, 0x1c, 0x1c, 0x1c, 0x1c, 0x1c, 0x1a, 0x1b, 0x1a, 0x1c, 0x1c, 0x1a, 0x1a, 0x1b, 0x1b, 0x1b, 0x1b, 0x28, 0x2c, 0x2c, 0x2c, 0x2c, 0x2c, 0x1d, 0x1b, 0x1c, 0x1c, 0x1a, 0x1a, 0x1a, 0x1a, 0x1c, 0x1c, 0x1c, 0x1c, 0x1c, 0x1c, 0x1c, 0x1c, 0x1a, 0x1b, 0x0d, 0x25, 0x2c, 0x2a, 0x2c, 0x28, 0x12, 0x02, 0x07, 0x06, 0x07, 0x07, 0x07, 0x0b, 0x07, 0x07, 0x08, 0x04, 0x04, 0x0b, 0x0a, 0x0b, 0x0b, 0x07, 0x05, 0x09, 0x05, 0x0e, 0x05, 0x0f, 0x18, 0x15, 0x25, 0x2c, 0x29, 0x28,
  0x26, 0x28, 0x2b, 0x25, 0x1e, 0x14, 0x02, 0x02, 0x02, 0x12, 0x19, 0x19, 0x18, 0x15, 0x15, 0x15, 0x15, 0x14, 0x0b, 0x03, 0x07, 0x07, 0x07, 0x09, 0x08, 0x0f, 0x13, 0x18, 0x17, 0x18, 0x1e, 0x27, 0x2c, 0x29, 0x28, 0x25, 0x0d, 0x1c, 0x1c, 0x1c, 0x1c, 0x1c, 0x1a, 0x1a, 0x1a, 0x1c, 0x1c, 0x1a, 0x1a, 0x1b, 0x1b, 0x1b, 0x1b, 0x1b, 0x1d, 0x22, 0x22, 0x22, 0x22, 0x22, 0x1d, 0x1c, 0x1c, 0x1c, 0x1a, 0x1b, 0x1a, 0x1c, 0x1c, 0x1c, 0x1c, 0x1c, 0x1c, 0x1c, 0x1c, 0x1d, 0x1b, 0x0d, 0x26, 0x2a, 0x29, 0x2d, 0x27, 0x12, 0x10, 0x06, 0x07, 0x07, 0x07, 0x07, 0x07, 0x07, 0x0b, 0x07, 0x0b, 0x07, 0x02, 0x03, 0x03, 0x05, 0x09, 0x09, 0x08, 0x0e, 0x0e, 0x05, 0x03, 0x0f, 0x18, 0x15, 0x25, 0x2c, 0x29, 0x28,
  0x28, 0x2a, 0x2b, 0x23, 0x11, 0x14, 0x02, 0x02, 0x02, 0x11, 0x18, 0x18, 0x17, 0x16, 0x15, 0x15, 0x15, 0x14, 0x0f, 0x05, 0x07, 0x07, 0x09, 0x09, 0x0b, 0x02, 0x12, 0x17, 0x16, 0x18, 0x18, 0x1f, 0x26, 0x2b, 0x29, 0x2a, 0x24, 0x1d, 0x1a, 0x1d, 0x1c, 0x1a, 0x1b, 0x1b, 0x1b, 0x1a, 0x1a, 0x1a, 0x1b, 0x1b, 0x1b, 0x1b, 0x1a, 0x1b, 0x1a, 0x1a, 0x1a, 0x1a, 0x1a, 0x1a, 0x1c, 0x1c, 0x1c, 0x1c, 0x1a, 0x1a, 0x1a, 0x1c, 0x1c, 0x1c, 0x1a, 0x1a, 0x1c, 0x1c, 0x1d, 0x1a, 0x1d, 0x25, 0x2a, 0x2a, 0x2d, 0x26, 0x1e, 0x02, 0x05, 0x07, 0x07, 0x07, 0x07, 0x06, 0x07, 0x0b, 0x06, 0x03, 0x03, 0x05, 0x12, 0x12, 0x13, 0x12, 0x03, 0x0b, 0x0e, 0x0e, 0x05, 0x07, 0x03, 0x0f, 0x19, 0x15, 0x25, 0x2c, 0x29, 0x28,
  0x28, 0x29, 0x2b, 0x23, 0x13, 0x14, 0x02, 0x02, 0x02, 0x11, 0x18, 0x18, 0x16, 0x16, 0x15, 0x15, 0x16, 0x16, 0x0f, 0x06, 0x09, 0x0c, 0x08, 0x07, 0x04, 0x02, 0x10, 0x13, 0x16, 0x18, 0x1e, 0x13, 0x21, 0x26, 0x2b, 0x2a, 0x2d, 0x24, 0x22, 0x1a, 0x1a, 0x1a, 0x1a, 0x1a, 0x1a, 0x1a, 0x1b, 0x1b, 0x1b, 0x1b, 0x1b, 0x1b, 0x1a, 0x1c, 0x1c, 0x1c, 0x1c, 0x1c, 0x1c, 0x1c, 0x1c, 0x1c, 0x1c, 0x1c, 0x1a, 0x1a, 0x1a, 0x1a, 0x1c, 0x1c, 0x1a, 0x1a, 0x1a, 0x1a, 0x1a, 0x22, 0x25, 0x2d, 0x29, 0x2c, 0x26, 0x1e, 0x01, 0x10, 0x04, 0x07, 0x07, 0x07, 0x07, 0x06, 0x0b, 0x03, 0x11, 0x12, 0x12, 0x13, 0x17, 0x17, 0x18, 0x12, 0x03, 0x0f, 0x0e, 0x09, 0x06, 0x07, 0x03, 0x10, 0x19, 0x13, 0x25, 0x2c, 0x29, 0x28,
  0x28, 0x29, 0x2b, 0x23, 0x13, 0x16, 0x03, 0x02, 0x02, 0x11, 0x17, 0x15, 0x16, 0x15, 0x15, 0x16, 0x18, 0x18, 0x12, 0x08, 0x0b, 0x08, 0x06, 0x04, 0x04, 0x0a, 0x02, 0x12, 0x19, 0x18, 0x18, 0x19, 0x13, 0x1e, 0x27, 0x2c, 0x2c, 0x2d, 0x28, 0x22, 0x1d, 0x1b, 0x1a, 0x1c, 0x1a, 0x1a, 0x1b, 0x1b, 0x1b, 0x1b, 0x1b, 0x1a, 0x1a, 0x1c, 0x1c, 0x1c, 0x1a, 0x1a, 0x1c, 0x1c, 0x1c, 0x1c, 0x1c, 0x1c, 0x1a, 0x1a, 0x1a, 0x1a, 0x1a, 0x1c, 0x1a, 0x1a, 0x1b, 0x1d, 0x22, 0x26, 0x2d, 0x2a, 0x2a, 0x27, 0x17, 0x01, 0x10, 0x04, 0x07, 0x07, 0x07, 0x07, 0x07, 0x06, 0x07, 0x10, 0x14, 0x18, 0x19, 0x19, 0x18, 0x16, 0x16, 0x13, 0x0f, 0x0e, 0x08, 0x07, 0x03, 0x03, 0x03, 0x10, 0x19, 0x13, 0x25, 0x2b, 0x29, 0x28,
  0x28, 0x29, 0x2b, 0x23, 0x13, 0x17, 0x06, 0x04, 0x02, 0x10, 0x16, 0x15, 0x15, 0x16, 0x16, 0x18, 0x18, 0x19, 0x1e, 0x10, 0x06, 0x06, 0x03, 0x04, 0x04, 0x04, 0x03, 0x12, 0x1e, 0x18, 0x18, 0x18, 0x18, 0x13, 0x1f, 0x29, 0x28, 0x2a, 0x2c, 0x2d, 0x26, 0x0d, 0x1d, 0x1b, 0x1b, 0x1b, 0x1b, 0x1b, 0x1b, 0x1b, 0x1a, 0x1a, 0x1c, 0x1c, 0x1c, 0x1c, 0x1a, 0x1a, 0x1c, 0x1c, 0x1c, 0x1c, 0x1c, 0x1c, 0x1a, 0x1b, 0x1b, 0x1b, 0x1a, 0x1c, 0x1d, 0x1d, 0x1b, 0x27, 0x2d, 0x2a, 0x2a, 0x2c, 0x28, 0x12, 0x01, 0x0b, 0x0a, 0x07, 0x07, 0x07, 0x06, 0x07, 0x07, 0x07, 0x06, 0x14, 0x14, 0x15, 0x18, 0x18, 0x18, 0x18, 0x16, 0x17, 0x14, 0x03, 0x04, 0x03, 0x03, 0x04, 0x03, 0x10, 0x18, 0x13, 0x25, 0x2b, 0x2a, 0x28,
  0x28, 0x29, 0x2c, 0x23, 0x13, 0x17, 0x06, 0x04, 0x04, 0x02, 0x10, 0x16, 0x15, 0x16, 0x18, 0x18, 0x18, 0x19, 0x19, 0x11, 0x06, 0x03, 0x03, 0x0a, 0x0a, 0x07, 0x0c, 0x05, 0x12, 0x1e, 0x16, 0x16, 0x15, 0x18, 0x19, 0x1e, 0x1e, 0x29, 0x2c, 0x29, 0x29, 0x28, 0x28, 0x1d, 0x0d, 0x1b, 0x1b, 0x1b, 0x1b, 0x1a, 0x1c, 0x1c, 0x1c, 0x1c, 0x1c, 0x1c, 0x1c, 0x1c, 0x1c, 0x1c, 0x1c, 0x1c, 0x1c, 0x1c, 0x1c, 0x1c, 0x1b, 0x1b, 0x1b, 0x0d, 0x22, 0x2c, 0x28, 0x29, 0x29, 0x2a, 0x2d, 0x2a, 0x12, 0x02, 0x02, 0x0a, 0x04, 0x07, 0x09, 0x09, 0x07, 0x09, 0x07, 0x07, 0x0b, 0x03, 0x12, 0x16, 0x16, 0x18, 0x18, 0x18, 0x16, 0x17, 0x13, 0x02, 0x02, 0x02, 0x06, 0x0a, 0x03, 0x10, 0x17, 0x13, 0x25, 0x2c, 0x2a, 0x28,
  0x28, 0x2a, 0x2c, 0x23, 0x13, 0x17, 0x06, 0x04, 0x0b, 0x03, 0x10, 0x16, 0x15, 0x18, 0x18, 0x19, 0x18, 0x19, 0x19, 0x17, 0x11, 0x02, 0x0a, 0x0b, 0x08, 0x07, 0x08, 0x06, 0x0f, 0x12, 0x17, 0x18, 0x16, 0x18, 0x19, 0x19, 0x19, 0x21, 0x27, 0x2d, 0x2b, 0x2a, 0x2c, 0x26, 0x27, 0x22, 0x0d, 0x1b, 0x1b, 0x1b, 0x1d, 0x1c, 0x1d, 0x1d, 0x1d, 0x1c, 0x1d, 0x1c, 0x1c, 0x1b, 0x1b, 0x1c, 0x1c, 0x1d, 0x1c, 0x1b, 0x1b, 0x0d, 0x22, 0x26, 0x27, 0x2c, 0x2a, 0x29, 0x2d, 0x26, 0x1e, 0x1f, 0x0c, 0x04, 0x0a, 0x0a, 0x08, 0x07, 0x07, 0x07, 0x07, 0x07, 0x07, 0x07, 0x0b, 0x09, 0x0b, 0x12, 0x18, 0x18, 0x18, 0x18, 0x18, 0x16, 0x14, 0x12, 0x0b, 0x03, 0x06, 0x09, 0x04, 0x10, 0x17, 0x13, 0x25, 0x2c, 0x2a, 0x28,
  0x28, 0x2a, 0x2c, 0x23, 0x13, 0x14, 0x04, 0x04, 0x05, 0x08, 0x06, 0x11, 0x16, 0x18, 0x18, 0x19, 0x18, 0x19, 0x19, 0x18, 0x14, 0x11, 0x02, 0x03, 0x0b, 0x0b, 0x07, 0x0a, 0x04, 0x03, 0x12, 0x15, 0x18, 0x18, 0x18, 0x18, 0x19, 0x13, 0x21, 0x23, 0x23, 0x2d, 0x2c, 0x2a, 0x2c, 0x27, 0x25, 0x25, 0x25, 0x1d, 0x1a, 0x1a, 0x1a, 0x1a, 0x1a, 0x1a, 0x1a, 0x1b, 0x1b, 0x1b, 0x0d, 0x1b, 0x1b, 0x1a, 0x1d, 0x25, 0x25, 0x25, 0x27, 0x2c, 0x2c, 0x2a, 0x2d, 0x2d, 0x25, 0x14, 0x01, 0x02, 0x0b, 0x07, 0x0a, 0x0a, 0x04, 0x07, 0x07, 0x07, 0x07, 0x06, 0x0b, 0x0b, 0x07, 0x0b, 0x03, 0x11, 0x18, 0x18, 0x18, 0x18, 0x18, 0x15, 0x15, 0x16, 0x0f, 0x03, 0x0b, 0x04, 0x02, 0x10, 0x17, 0x13, 0x25, 0x2c, 0x2a, 0x28,
  0x28, 0x2a, 0x2c, 0x23, 0x12, 0x14, 0x03, 0x08, 0x0c, 0x0c, 0x05, 0x0f, 0x17, 0x18, 0x19, 0x19, 0x19, 0x18, 0x17, 0x16, 0x17, 0x14, 0x12, 0x12, 0x05, 0x09, 0x07, 0x04, 0x0a, 0x0a, 0x02, 0x14, 0x19, 0x18, 0x18, 0x18, 0x18, 0x18, 0x13, 0x11, 0x1f, 0x25, 0x25, 0x2a, 0x2b, 0x2b, 0x2b, 0x2c, 0x2d, 0x24, 0x22, 0x24, 0x22, 0x22, 0x22, 0x22, 0x22, 0x22, 0x22, 0x22, 0x22, 0x22, 0x22, 0x22, 0x24, 0x2d, 0x2d, 0x2d, 0x2a, 0x29, 0x2a, 0x2d, 0x25, 0x25, 0x1e, 0x01, 0x0b, 0x04, 0x04, 0x0a, 0x07, 0x07, 0x06, 0x06, 0x06, 0x07, 0x0b, 0x07, 0x0b, 0x07, 0x07, 0x0b, 0x03, 0x12, 0x18, 0x18, 0x18, 0x18, 0x17, 0x16, 0x15, 0x16, 0x0f, 0x04, 0x0a, 0x0a, 0x02, 0x10, 0x18, 0x13, 0x25, 0x2c, 0x2a, 0x28,
  0x28, 0x2a, 0x2c, 0x23, 0x13, 0x14, 0x03, 0x05, 0x0c, 0x0e, 0x06, 0x0f, 0x14, 0x19, 0x19, 0x18, 0x18, 0x18, 0x18, 0x16, 0x16, 0x18, 0x19, 0x17, 0x12, 0x10, 0x07, 0x07, 0x04, 0x0a, 0x0a, 0x11, 0x18, 0x19, 0x18, 0x18, 0x18, 0x18, 0x17, 0x18, 0x18, 0x13, 0x13, 0x25, 0x25, 0x27, 0x2b, 0x2a, 0x2c, 0x2d, 0x2d, 0x2d, 0x2d, 0x2d, 0x2d, 0x2d, 0x2d, 0x2d, 0x2c, 0x2c, 0x2c, 0x2c, 0x2c, 0x2c, 0x2c, 0x2a, 0x2a, 0x2a, 0x2a, 0x2b, 0x29, 0x25, 0x10, 0x02, 0x03, 0x0a, 0x02, 0x02, 0x06, 0x09, 0x08, 0x0a, 0x07, 0x07, 0x07, 0x06, 0x07, 0x07, 0x06, 0x07, 0x07, 0x0b, 0x03, 0x12, 0x19, 0x16, 0x16, 0x16, 0x16, 0x17, 0x17, 0x17, 0x0f, 0x03, 0x04, 0x0a, 0x02, 0x10, 0x17, 0x13, 0x25, 0x2c, 0x2a, 0x28,
  0x28, 0x2a, 0x2c, 0x23, 0x13, 0x14, 0x08, 0x05, 0x0c, 0x05, 0x08, 0x0c, 0x0e, 0x16, 0x19, 0x18, 0x18, 0x18, 0x18, 0x16, 0x15, 0x17, 0x18, 0x19, 0x1e, 0x11, 0x03, 0x07, 0x06, 0x07, 0x0b, 0x05, 0x14, 0x18, 0x18, 0x18, 0x17, 0x18, 0x18, 0x18, 0x19, 0x18, 0x16, 0x13, 0x11, 0x23, 0x29, 0x28, 0x29, 0x29, 0x2a, 0x2a, 0x2a, 0x2a, 0x2a, 0x29, 0x29, 0x2a, 0x29, 0x29, 0x29, 0x29, 0x29, 0x29, 0x2a, 0x2a, 0x2a, 0x2a, 0x2a, 0x2a, 0x25, 0x02, 0x11, 0x10, 0x0c, 0x0a, 0x04, 0x04, 0x07, 0x07, 0x0b, 0x09, 0x07, 0x04, 0x07, 0x06, 0x04, 0x04, 0x07, 0x09, 0x09, 0x0b, 0x03, 0x12, 0x19, 0x17, 0x16, 0x16, 0x16, 0x17, 0x18, 0x16, 0x0f, 0x0a, 0x06, 0x04, 0x04, 0x10, 0x17, 0x13, 0x25, 0x2c, 0x2a, 0x28,
  0x28, 0x2a, 0x2c, 0x23, 0x13, 0x16, 0x14, 0x10, 0x03, 0x0e, 0x05, 0x0e, 0x10, 0x0f, 0x13, 0x1e, 0x16, 0x15, 0x16, 0x15, 0x15, 0x16, 0x18, 0x19, 0x11, 0x0f, 0x0b, 0x06, 0x06, 0x08, 0x09, 0x0c, 0x05, 0x13, 0x18, 0x16, 0x16, 0x17, 0x18, 0x18, 0x18, 0x17, 0x15, 0x16, 0x16, 0x16, 0x17, 0x1e, 0x1e, 0x19, 0x26, 0x2d, 0x2b, 0x2a, 0x2a, 0x2a, 0x2a, 0x2a, 0x2a, 0x2a, 0x29, 0x2a, 0x2a, 0x2a, 0x2a, 0x2a, 0x29, 0x2d, 0x23, 0x10, 0x12, 0x10, 0x10, 0x0e, 0x04, 0x07, 0x04, 0x07, 0x07, 0x08, 0x07, 0x07, 0x07, 0x0a, 0x06, 0x03, 0x02, 0x04, 0x0a, 0x09, 0x09, 0x0b, 0x03, 0x12, 0x18, 0x15, 0x15, 0x15, 0x15, 0x18, 0x15, 0x0f, 0x0c, 0x0a, 0x0a, 0x0c, 0x09, 0x11, 0x18, 0x13, 0x25, 0x2c, 0x2a, 0x28,
  0x28, 0x2a, 0x2c, 0x23, 0x13, 0x17, 0x14, 0x10, 0x02, 0x0e, 0x0f, 0x0f, 0x0f, 0x0f, 0x10, 0x10, 0x11, 0x17, 0x16, 0x17, 0x11, 0x08, 0x11, 0x11, 0x0f, 0x0e, 0x05, 0x07, 0x07, 0x08, 0x0c, 0x0c, 0x0a, 0x06, 0x11, 0x17, 0x15, 0x18, 0x18, 0x18, 0x18, 0x17, 0x18, 0x16, 0x16, 0x15, 0x15, 0x18, 0x18, 0x18, 0x1e, 0x21, 0x21, 0x21, 0x1f, 0x1e, 0x1f, 0x1f, 0x1e, 0x1f, 0x29, 0x2b, 0x2b, 0x29, 0x29, 0x2c, 0x2d, 0x23, 0x14, 0x05, 0x0f, 0x10, 0x0c, 0x0c, 0x06, 0x07, 0x07, 0x07, 0x07, 0x07, 0x07, 0x07, 0x07, 0x03, 0x13, 0x14, 0x10, 0x04, 0x0a, 0x07, 0x0b, 0x06, 0x12, 0x18, 0x18, 0x16, 0x15, 0x15, 0x16, 0x18, 0x15, 0x0e, 0x0c, 0x0b, 0x0b, 0x0c, 0x08, 0x11, 0x1e, 0x13, 0x25, 0x2c, 0x2a, 0x28,
  0x28, 0x2a, 0x2c, 0x23, 0x13, 0x17, 0x16, 0x0e, 0x03, 0x0c, 0x0c, 0x0f, 0x0c, 0x0f, 0x0a, 0x02, 0x04, 0x12, 0x11, 0x12, 0x0a, 0x03, 0x08, 0x06, 0x0b, 0x04, 0x04, 0x09, 0x0e, 0x0c, 0x0c, 0x09, 0x0a, 0x04, 0x0a, 0x11, 0x17, 0x1e, 0x18, 0x18, 0x18, 0x18, 0x18, 0x18, 0x18, 0x18, 0x18, 0x18, 0x18, 0x19, 0x18, 0x18, 0x18, 0x18, 0x15, 0x15, 0x13, 0x0e, 0x18, 0x25, 0x29, 0x29, 0x29, 0x2b, 0x27, 0x1f, 0x1f, 0x10, 0x03, 0x11, 0x10, 0x0f, 0x0c, 0x0c, 0x08, 0x07, 0x07, 0x07, 0x09, 0x04, 0x0a, 0x0a, 0x0a, 0x06, 0x14, 0x17, 0x11, 0x03, 0x0a, 0x0a, 0x0a, 0x03, 0x14, 0x1e, 0x16, 0x15, 0x15, 0x15, 0x15, 0x19, 0x16, 0x0e, 0x0b, 0x0c, 0x0f, 0x0f, 0x06, 0x10, 0x1e, 0x13, 0x25, 0x2c, 0x2a, 0x28,
  0x28, 0x2a, 0x2c, 0x23, 0x13, 0x16, 0x15, 0x13, 0x11, 0x0e, 0x0e, 0x0f, 0x0f, 0x0b, 0x0a, 0x0a, 0x02, 0x02, 0x02, 0x02, 0x04, 0x0b, 0x09, 0x04, 0x02, 0x04, 0x07, 0x08, 0x0e, 0x08, 0x08, 0x04, 0x04, 0x04, 0x02, 0x04, 0x13, 0x15, 0x18, 0x18, 0x16, 0x16, 0x18, 0x18, 0x18, 0x18, 0x18, 0x18, 0x18, 0x18, 0x19, 0x19, 0x19, 0x19, 0x18, 0x13, 0x21, 0x23, 0x25, 0x2b, 0x29, 0x2b, 0x2d, 0x26, 0x1f, 0x01, 0x01, 0x0a, 0x10, 0x0f, 0x0f, 0x0e, 0x09, 0x07, 0x0b, 0x0b, 0x07, 0x09, 0x07, 0x0b, 0x07, 0x0a, 0x07, 0x08, 0x14, 0x17, 0x13, 0x10, 0x04, 0x0a, 0x0a, 0x03, 0x12, 0x12, 0x13, 0x15, 0x15, 0x15, 0x18, 0x16, 0x12, 0x0c, 0x0c, 0x0f, 0x10, 0x0c, 0x0f, 0x13, 0x1e, 0x13, 0x25, 0x2c, 0x2a, 0x28,
  0x28, 0x2a, 0x2d, 0x23, 0x13, 0x16, 0x15, 0x19, 0x13, 0x0e, 0x10, 0x0e, 0x0c, 0x04, 0x03, 0x04, 0x04, 0x04, 0x0a, 0x0a, 0x0b, 0x09, 0x05, 0x06, 0x06, 0x06, 0x07, 0x07, 0x0b, 0x08, 0x04, 0x04, 0x02, 0x04, 0x0a, 0x0c, 0x06, 0x12, 0x14, 0x14, 0x17, 0x18, 0x18, 0x18, 0x18, 0x19, 0x19, 0x18, 0x18, 0x17, 0x18, 0x19, 0x18, 0x19, 0x21, 0x21, 0x26, 0x2d, 0x2b, 0x29, 0x2a, 0x25, 0x26, 0x1f, 0x01, 0x0a, 0x0a, 0x0a, 0x0e, 0x0f, 0x0c, 0x0c, 0x07, 0x07, 0x07, 0x0b, 0x0b, 0x0b, 0x08, 0x08, 0x0b, 0x0b, 0x06, 0x06, 0x15, 0x17, 0x17, 0x12, 0x02, 0x0b, 0x0a, 0x0a, 0x04, 0x02, 0x10, 0x17, 0x15, 0x16, 0x17, 0x12, 0x05, 0x0c, 0x0c, 0x10, 0x0c, 0x08, 0x11, 0x1e, 0x1e, 0x15, 0x25, 0x2c, 0x2a, 0x28,
  0x28, 0x2a, 0x2c, 0x23, 0x13, 0x17, 0x15, 0x18, 0x13, 0x0f, 0x0e, 0x0c, 0x0b, 0x0a, 0x07, 0x04, 0x0a, 0x07, 0x07, 0x08, 0x08, 0x0e, 0x0c, 0x03, 0x03, 0x07, 0x07, 0x07, 0x07, 0x08, 0x04, 0x03, 0x04, 0x04, 0x0b, 0x0f, 0x10, 0x10, 0x03, 0x12, 0x16, 0x16, 0x16, 0x16, 0x18, 0x18, 0x19, 0x19, 0x18, 0x15, 0x15, 0x1e, 0x1e, 0x21, 0x2c, 0x2d, 0x2b, 0x2a, 0x29, 0x27, 0x27, 0x12, 0x01, 0x0a, 0x0c, 0x04, 0x02, 0x04, 0x04, 0x0c, 0x0c, 0x0c, 0x05, 0x07, 0x07, 0x0c, 0x0f, 0x0f, 0x0f, 0x0c, 0x07, 0x04, 0x07, 0x06, 0x14, 0x16, 0x17, 0x12, 0x02, 0x0a, 0x04, 0x04, 0x0a, 0x02, 0x11, 0x16, 0x14, 0x16, 0x12, 0x05, 0x10, 0x0f, 0x0f, 0x10, 0x0c, 0x05, 0x11, 0x19, 0x1e, 0x15, 0x25, 0x2c, 0x2a, 0x28,
  0x28, 0x2a, 0x2c, 0x23, 0x13, 0x18, 0x16, 0x18, 0x1e, 0x13, 0x05, 0x07, 0x0b, 0x0b, 0x0b, 0x07, 0x0a, 0x0b, 0x07, 0x07, 0x0b, 0x0f, 0x0e, 0x06, 0x04, 0x09, 0x09, 0x09, 0x0b, 0x07, 0x04, 0x02, 0x0a, 0x0b, 0x0c, 0x0c, 0x0f, 0x0c, 0x0b, 0x0b, 0x06, 0x05, 0x14, 0x16, 0x16, 0x18, 0x19, 0x1e, 0x18, 0x14, 0x12, 0x21, 0x2a, 0x2a, 0x2a, 0x2a, 0x2c, 0x2d, 0x26, 0x0a, 0x10, 0x0a, 0x0a, 0x0a, 0x0a, 0x07, 0x04, 0x02, 0x04, 0x0e, 0x0f, 0x0e, 0x06, 0x03, 0x05, 0x0e, 0x0f, 0x0f, 0x0f, 0x0e, 0x06, 0x07, 0x07, 0x07, 0x05, 0x14, 0x1e, 0x13, 0x03, 0x04, 0x04, 0x04, 0x02, 0x02, 0x06, 0x0e, 0x06, 0x03, 0x03, 0x0b, 0x0e, 0x0f, 0x0f, 0x0e, 0x0c, 0x03, 0x11, 0x19, 0x19, 0x15, 0x25, 0x2c, 0x2a, 0x28,
  0x28, 0x2a, 0x2c, 0x23, 0x13, 0x18, 0x18, 0x18, 0x1e, 0x13, 0x03, 0x0b, 0x0b, 0x0c, 0x0c, 0x0b, 0x07, 0x07, 0x04, 0x04, 0x06, 0x09, 0x09, 0x08, 0x03, 0x03, 0x03, 0x03, 0x03, 0x0b, 0x0a, 0x04, 0x07, 0x0c, 0x0c, 0x0c, 0x0c, 0x0c, 0x0c, 0x0c, 0x04, 0x02, 0x0a, 0x0a, 0x12, 0x17, 0x17, 0x13, 0x13, 0x25, 0x26, 0x26, 0x29, 0x2a, 0x2d, 0x2d, 0x23, 0x17, 0x14, 0x02, 0x02, 0x04, 0x0c, 0x0a, 0x0a, 0x0a, 0x04, 0x02, 0x02, 0x0e, 0x0f, 0x10, 0x0b, 0x02, 0x12, 0x17, 0x18, 0x18, 0x18, 0x1e, 0x12, 0x03, 0x0b, 0x06, 0x06, 0x11, 0x11, 0x11, 0x04, 0x02, 0x02, 0x03, 0x04, 0x0a, 0x0b, 0x0a, 0x04, 0x02, 0x02, 0x07, 0x0c, 0x0f, 0x10, 0x0e, 0x0c, 0x06, 0x11, 0x1e, 0x1e, 0x15, 0x25, 0x2c, 0x2a, 0x28,
  0x28, 0x2a, 0x2c, 0x23, 0x13, 0x18, 0x18, 0x18, 0x18, 0x15, 0x11, 0x03, 0x0b, 0x0c, 0x0b, 0x0b, 0x07, 0x07, 0x05, 0x07, 0x0b, 0x05, 0x03, 0x05, 0x13, 0x13, 0x13, 0x13, 0x12, 0x02, 0x02, 0x07, 0x0c, 0x09, 0x0b, 0x0b, 0x0c, 0x0c, 0x0c, 0x0f, 0x10, 0x0c, 0x02, 0x01, 0x01, 0x01, 0x1f, 0x25, 0x25, 0x29, 0x2b, 0x2b, 0x2d, 0x28, 0x1f, 0x23, 0x14, 0x02, 0x05, 0x0f, 0x07, 0x06, 0x0c, 0x0a, 0x04, 0x04, 0x02, 0x12, 0x13, 0x14, 0x15, 0x11, 0x05, 0x02, 0x12, 0x19, 0x19, 0x1e, 0x13, 0x12, 0x10, 0x06, 0x0a, 0x04, 0x06, 0x08, 0x0e, 0x0e, 0x07, 0x04, 0x02, 0x02, 0x04, 0x04, 0x0c, 0x0b, 0x0b, 0x04, 0x04, 0x04, 0x0a, 0x0c, 0x0f, 0x0c, 0x0f, 0x05, 0x11, 0x1e, 0x19, 0x15, 0x25, 0x2c, 0x2a, 0x28,
  0x28, 0x2a, 0x2c, 0x23, 0x13, 0x18, 0x18, 0x18, 0x18, 0x18, 0x14, 0x11, 0x0b, 0x06, 0x07, 0x04, 0x06, 0x07, 0x07, 0x0b, 0x06, 0x11, 0x13, 0x13, 0x18, 0x19, 0x17, 0x17, 0x14, 0x12, 0x12, 0x0f, 0x0c, 0x0f, 0x04, 0x04, 0x07, 0x0b, 0x0f, 0x10, 0x0f, 0x02, 0x01, 0x1f, 0x1f, 0x1f, 0x25, 0x2d, 0x2b, 0x2b, 0x2b, 0x26, 0x23, 0x23, 0x01, 0x02, 0x0e, 0x10, 0x0f, 0x0e, 0x05, 0x06, 0x08, 0x0c, 0x04, 0x02, 0x10, 0x14, 0x16, 0x18, 0x19, 0x13, 0x13, 0x11, 0x13, 0x16, 0x17, 0x13, 0x05, 0x03, 0x04, 0x07, 0x07, 0x04, 0x08, 0x05, 0x0e, 0x0c, 0x0b, 0x0a, 0x02, 0x02, 0x04, 0x0a, 0x0c, 0x0c, 0x0a, 0x04, 0x04, 0x04, 0x0a, 0x0b, 0x0c, 0x0c, 0x08, 0x11, 0x14, 0x19, 0x19, 0x15, 0x25, 0x2c, 0x2a, 0x28,
  0x28, 0x2a, 0x2c, 0x25, 0x13, 0x18, 0x18, 0x16, 0x16, 0x15, 0x16, 0x16, 0x03, 0x02, 0x0b, 0x04, 0x05, 0x06, 0x09, 0x0c, 0x03, 0x11, 0x14, 0x15, 0x19, 0x18, 0x17, 0x15, 0x15, 0x18, 0x19, 0x13, 0x11, 0x0c, 0x04, 0x02, 0x04, 0x0b, 0x0e, 0x05, 0x14, 0x1f, 0x1f, 0x27, 0x2d, 0x2b, 0x2b, 0x29, 0x2b, 0x26, 0x26, 0x1f, 0x01, 0x01, 0x0b, 0x10, 0x10, 0x0e, 0x0e, 0x0c, 0x0c, 0x0c, 0x06, 0x07, 0x0c, 0x11, 0x14, 0x15, 0x15, 0x15, 0x18, 0x19, 0x1e, 0x1e, 0x18, 0x16, 0x14, 0x06, 0x07, 0x0b, 0x07, 0x07, 0x07, 0x07, 0x07, 0x05, 0x08, 0x08, 0x08, 0x0a, 0x04, 0x0a, 0x0b, 0x0a, 0x0a, 0x0b, 0x0a, 0x04, 0x06, 0x04, 0x06, 0x05, 0x0b, 0x09, 0x05, 0x13, 0x1e, 0x18, 0x19, 0x15, 0x25, 0x2c, 0x2a, 0x28,
  0x28, 0x2a, 0x2c, 0x23, 0x13, 0x18, 0x18, 0x16, 0x16, 0x16, 0x16, 0x14, 0x06, 0x02, 0x03, 0x06, 0x08, 0x09, 0x0e, 0x0e, 0x09, 0x05, 0x03, 0x11, 0x19, 0x18, 0x18, 0x18, 0x15, 0x16, 0x18, 0x1e, 0x12, 0x08, 0x04, 0x02, 0x02, 0x02, 0x12, 0x11, 0x1f, 0x2d, 0x2d, 0x2a, 0x29, 0x29, 0x27, 0x26, 0x27, 0x14, 0x01, 0x02, 0x0f, 0x0b, 0x04, 0x07, 0x0c, 0x0e, 0x0e, 0x0f, 0x0e, 0x0e, 0x0e, 0x05, 0x11, 0x17, 0x15, 0x15, 0x15, 0x15, 0x15, 0x18, 0x19, 0x18, 0x18, 0x14, 0x03, 0x06, 0x07, 0x07, 0x07, 0x05, 0x08, 0x07, 0x07, 0x07, 0x04, 0x03, 0x04, 0x08, 0x0c, 0x0c, 0x0c, 0x07, 0x04, 0x07, 0x07, 0x07, 0x0c, 0x0b, 0x0a, 0x04, 0x09, 0x0b, 0x03, 0x13, 0x19, 0x18, 0x18, 0x13, 0x25, 0x2c, 0x2a, 0x28,
  0x28, 0x2a, 0x2c, 0x25, 0x13, 0x18, 0x18, 0x17, 0x16, 0x16, 0x16, 0x15, 0x14, 0x0b, 0x03, 0x07, 0x05, 0x0e, 0x0e, 0x05, 0x0b, 0x09, 0x0e, 0x11, 0x19, 0x18, 0x18, 0x18, 0x17, 0x16, 0x17, 0x16, 0x12, 0x10, 0x10, 0x02, 0x02, 0x01, 0x25, 0x2a, 0x28, 0x2a, 0x2a, 0x2a, 0x2d, 0x25, 0x14, 0x0a, 0x0a, 0x02, 0x02, 0x04, 0x07, 0x06, 0x04, 0x09, 0x07, 0x08, 0x0c, 0x09, 0x0e, 0x0c, 0x0e, 0x13, 0x19, 0x18, 0x16, 0x16, 0x15, 0x15, 0x15, 0x16, 0x19, 0x12, 0x0e, 0x0f, 0x0c, 0x08, 0x07, 0x07, 0x09, 0x07, 0x09, 0x08, 0x07, 0x09, 0x06, 0x02, 0x0a, 0x0f, 0x0f, 0x0e, 0x0f, 0x07, 0x06, 0x06, 0x07, 0x0b, 0x0c, 0x09, 0x0b, 0x07, 0x0a, 0x04, 0x03, 0x12, 0x19, 0x17, 0x18, 0x13, 0x25, 0x2c, 0x2a, 0x28,
  0x28, 0x2a, 0x2c, 0x23, 0x13, 0x18, 0x17, 0x18, 0x17, 0x16, 0x16, 0x15, 0x15, 0x14, 0x10, 0x03, 0x0e, 0x0e, 0x09, 0x0e, 0x09, 0x05, 0x10, 0x17, 0x18, 0x19, 0x19, 0x19, 0x19, 0x18, 0x17, 0x10, 0x02, 0x01, 0x14, 0x26, 0x26, 0x26, 0x27, 0x2a, 0x2c, 0x2d, 0x2d, 0x1f, 0x17, 0x14, 0x02, 0x02, 0x02, 0x02, 0x02, 0x03, 0x07, 0x07, 0x07, 0x04, 0x07, 0x07, 0x0c, 0x07, 0x09, 0x0c, 0x0e, 0x14, 0x1e, 0x18, 0x18, 0x16, 0x15, 0x16, 0x15, 0x15, 0x17, 0x15, 0x14, 0x12, 0x0f, 0x0c, 0x06, 0x09, 0x09, 0x05, 0x07, 0x08, 0x07, 0x07, 0x07, 0x07, 0x03, 0x0e, 0x15, 0x17, 0x12, 0x03, 0x0b, 0x07, 0x08, 0x0e, 0x09, 0x0b, 0x07, 0x04, 0x04, 0x04, 0x02, 0x12, 0x18, 0x17, 0x18, 0x13, 0x25, 0x2c, 0x2a, 0x28,
  0x28, 0x2a, 0x2c, 0x23, 0x13, 0x18, 0x17, 0x18, 0x18, 0x16, 0x15, 0x15, 0x15, 0x16, 0x14, 0x11, 0x05, 0x05, 0x0b, 0x0e, 0x0e, 0x0b, 0x0c, 0x12, 0x11, 0x11, 0x12, 0x13, 0x13, 0x12, 0x03, 0x01, 0x1f, 0x23, 0x25, 0x2b, 0x29, 0x29, 0x2b, 0x2d, 0x26, 0x1f, 0x1f, 0x10, 0x02, 0x03, 0x07, 0x03, 0x02, 0x02, 0x02, 0x02, 0x04, 0x07, 0x07, 0x0a, 0x04, 0x09, 0x0b, 0x07, 0x09, 0x0c, 0x0e, 0x11, 0x12, 0x14, 0x18, 0x17, 0x16, 0x15, 0x15, 0x15, 0x15, 0x18, 0x1e, 0x18, 0x10, 0x08, 0x09, 0x0b, 0x09, 0x08, 0x0b, 0x07, 0x07, 0x05, 0x03, 0x10, 0x14, 0x14, 0x18, 0x18, 0x15, 0x12, 0x03, 0x03, 0x0c, 0x08, 0x07, 0x0b, 0x07, 0x04, 0x04, 0x02, 0x10, 0x14, 0x18, 0x17, 0x17, 0x13, 0x25, 0x2c, 0x2a, 0x28,
  0x28, 0x2a, 0x2c, 0x23, 0x13, 0x18, 0x17, 0x17, 0x18, 0x16, 0x15, 0x15, 0x15, 0x16, 0x19, 0x15, 0x13, 0x13, 0x05, 0x08, 0x0b, 0x0b, 0x02, 0x02, 0x02, 0x03, 0x0f, 0x0e, 0x03, 0x11, 0x23, 0x1f, 0x26, 0x2d, 0x2b, 0x29, 0x2a, 0x2b, 0x23, 0x23, 0x1f, 0x01, 0x02, 0x07, 0x0c, 0x0c, 0x0c, 0x07, 0x04, 0x04, 0x04, 0x04, 0x04, 0x0b, 0x07, 0x07, 0x07, 0x07, 0x07, 0x07, 0x09, 0x05, 0x08, 0x05, 0x02, 0x11, 0x1e, 0x18, 0x18, 0x16, 0x15, 0x15, 0x16, 0x12, 0x13, 0x13, 0x0f, 0x0c, 0x0e, 0x0c, 0x0b, 0x08, 0x07, 0x07, 0x09, 0x05, 0x11, 0x13, 0x19, 0x18, 0x15, 0x15, 0x17, 0x15, 0x13, 0x12, 0x0c, 0x07, 0x0b, 0x09, 0x09, 0x06, 0x0b, 0x02, 0x13, 0x18, 0x17, 0x17, 0x17, 0x13, 0x23, 0x2c, 0x2a, 0x28,
  0x28, 0x2a, 0x2c, 0x23, 0x13, 0x17, 0x16, 0x16, 0x16, 0x15, 0x15, 0x15, 0x16, 0x18, 0x18, 0x19, 0x1e, 0x1e, 0x13, 0x08, 0x08, 0x09, 0x04, 0x04, 0x02, 0x02, 0x03, 0x14, 0x1e, 0x1f, 0x2d, 0x2d, 0x2b, 0x29, 0x29, 0x27, 0x25, 0x26, 0x14, 0x01, 0x02, 0x10, 0x10, 0x0c, 0x07, 0x07, 0x07, 0x0b, 0x0a, 0x04, 0x03, 0x08, 0x07, 0x07, 0x07, 0x07, 0x07, 0x07, 0x05, 0x05, 0x05, 0x05, 0x05, 0x08, 0x07, 0x0e, 0x15, 0x18, 0x18, 0x18, 0x16, 0x14, 0x12, 0x02, 0x03, 0x03, 0x07, 0x0e, 0x0e, 0x05, 0x08, 0x07, 0x07, 0x07, 0x09, 0x03, 0x14, 0x1e, 0x18, 0x16, 0x15, 0x15, 0x15, 0x18, 0x19, 0x17, 0x0f, 0x09, 0x09, 0x07, 0x07, 0x0c, 0x0c, 0x03, 0x13, 0x18, 0x17, 0x17, 0x18, 0x13, 0x23, 0x2c, 0x2a, 0x28,
  0x28, 0x2a, 0x2c, 0x25, 0x13, 0x18, 0x16, 0x16, 0x15, 0x15, 0x16, 0x17, 0x17, 0x18, 0x19, 0x18, 0x18, 0x19, 0x19, 0x11, 0x0e, 0x05, 0x02, 0x02, 0x10, 0x12, 0x0a, 0x25, 0x2d, 0x2c, 0x2a, 0x2a, 0x28, 0x27, 0x28, 0x23, 0x01, 0x02, 0x04, 0x0b, 0x0c, 0x07, 0x0b, 0x0b, 0x07, 0x07, 0x07, 0x0a, 0x04, 0x0a, 0x04, 0x07, 0x07, 0x07, 0x07, 0x07, 0x09, 0x09, 0x09, 0x09, 0x09, 0x09, 0x08, 0x05, 0x07, 0x08, 0x0e, 0x15, 0x19, 0x16, 0x14, 0x14, 0x03, 0x04, 0x0b, 0x0b, 0x07, 0x09, 0x09, 0x09, 0x05, 0x07, 0x07, 0x07, 0x09, 0x03, 0x13, 0x19, 0x18, 0x16, 0x15, 0x15, 0x17, 0x18, 0x18, 0x16, 0x0e, 0x04, 0x07, 0x07, 0x08, 0x0e, 0x0c, 0x03, 0x13, 0x18, 0x17, 0x18, 0x18, 0x13, 0x23, 0x2c, 0x2a, 0x28,
  0x2a, 0x2a, 0x2c, 0x25, 0x13, 0x18, 0x16, 0x15, 0x15, 0x15, 0x16, 0x17, 0x18, 0x18, 0x18, 0x18, 0x18, 0x19, 0x19, 0x1e, 0x14, 0x05, 0x02, 0x01, 0x25, 0x29, 0x27, 0x29, 0x2a, 0x2a, 0x2c, 0x2d, 0x23, 0x0a, 0x10, 0x02, 0x02, 0x0c, 0x0b, 0x04, 0x07, 0x04, 0x07, 0x09, 0x09, 0x06, 0x06, 0x0c, 0x07, 0x07, 0x04, 0x07, 0x07, 0x07, 0x07, 0x07, 0x04, 0x04, 0x07, 0x05, 0x0c, 0x09, 0x05, 0x07, 0x07, 0x05, 0x12, 0x17, 0x1e, 0x13, 0x0e, 0x0a, 0x04, 0x0b, 0x07, 0x07, 0x05, 0x04, 0x07, 0x09, 0x08, 0x07, 0x07, 0x07, 0x07, 0x03, 0x13, 0x18, 0x18, 0x16, 0x16, 0x18, 0x18, 0x18, 0x19, 0x16, 0x0e, 0x07, 0x07, 0x07, 0x0e, 0x0e, 0x0e, 0x03, 0x13, 0x18, 0x16, 0x18, 0x18, 0x13, 0x23, 0x2c, 0x29, 0x28,
  0x2a, 0x2a, 0x2d, 0x25, 0x13, 0x18, 0x15, 0x15, 0x15, 0x15, 0x15, 0x16, 0x18, 0x18, 0x18, 0x19, 0x19, 0x19, 0x15, 0x18, 0x13, 0x21, 0x27, 0x26, 0x27, 0x29, 0x29, 0x2b, 0x2d, 0x28, 0x1e, 0x17, 0x12, 0x02, 0x02, 0x02, 0x02, 0x07, 0x06, 0x06, 0x07, 0x04, 0x07, 0x09, 0x0b, 0x0b, 0x09, 0x0b, 0x0c, 0x0c, 0x0b, 0x07, 0x07, 0x07, 0x07, 0x07, 0x06, 0x06, 0x07, 0x07, 0x07, 0x05, 0x0e, 0x03, 0x12, 0x14, 0x1e, 0x14, 0x12, 0x10, 0x0c, 0x06, 0x04, 0x0a, 0x04, 0x04, 0x07, 0x07, 0x07, 0x07, 0x05, 0x07, 0x06, 0x07, 0x09, 0x03, 0x13, 0x18, 0x16, 0x18, 0x18, 0x18, 0x16, 0x18, 0x19, 0x17, 0x0e, 0x03, 0x06, 0x05, 0x05, 0x0e, 0x05, 0x13, 0x16, 0x17, 0x16, 0x18, 0x18, 0x13, 0x23, 0x2b, 0x29, 0x28,
  0x2c, 0x2a, 0x2d, 0x25, 0x15, 0x19, 0x18, 0x15, 0x15, 0x15, 0x15, 0x15, 0x16, 0x18, 0x19, 0x15, 0x15, 0x15, 0x25, 0x25, 0x25, 0x27, 0x2b, 0x2b, 0x2b, 0x2b, 0x29, 0x1f, 0x1f, 0x1f, 0x02, 0x02, 0x03, 0x0e, 0x04, 0x04, 0x02, 0x03, 0x07, 0x0b, 0x08, 0x0b, 0x0b, 0x06, 0x06, 0x07, 0x0c, 0x0b, 0x06, 0x0c, 0x08, 0x08, 0x07, 0x07, 0x07, 0x07, 0x07, 0x07, 0x06, 0x07, 0x07, 0x05, 0x05, 0x10, 0x14, 0x17, 0x12, 0x0d, 0x0a, 0x0c, 0x10, 0x09, 0x05, 0x04, 0x03, 0x03, 0x04, 0x07, 0x07, 0x07, 0x07, 0x08, 0x08, 0x07, 0x07, 0x03, 0x0f, 0x14, 0x16, 0x18, 0x18, 0x18, 0x18, 0x18, 0x14, 0x11, 0x0e, 0x07, 0x09, 0x07, 0x0c, 0x09, 0x05, 0x14, 0x18, 0x18, 0x18, 0x16, 0x17, 0x13, 0x23, 0x2b, 0x29, 0x28,
  0x2c, 0x2a, 0x2d, 0x25, 0x15, 0x19, 0x18, 0x17, 0x16, 0x16, 0x14, 0x13, 0x13, 0x13, 0x18, 0x23, 0x23, 0x23, 0x2a, 0x2d, 0x2d, 0x2d, 0x2b, 0x29, 0x23, 0x23, 0x23, 0x02, 0x01, 0x02, 0x0c, 0x0c, 0x0b, 0x0e, 0x07, 0x03, 0x02, 0x04, 0x07, 0x0b, 0x0e, 0x0c, 0x0b, 0x04, 0x03, 0x02, 0x03, 0x05, 0x11, 0x0f, 0x06, 0x06, 0x07, 0x08, 0x07, 0x07, 0x07, 0x0c, 0x09, 0x0b, 0x03, 0x11, 0x12, 0x14, 0x18, 0x14, 0x0d, 0x0d, 0x0d, 0x0b, 0x0c, 0x0e, 0x0e, 0x07, 0x03, 0x03, 0x0a, 0x08, 0x07, 0x08, 0x08, 0x09, 0x07, 0x07, 0x08, 0x09, 0x02, 0x12, 0x18, 0x19, 0x19, 0x19, 0x18, 0x18, 0x14, 0x02, 0x05, 0x05, 0x07, 0x0b, 0x0c, 0x09, 0x0e, 0x15, 0x19, 0x18, 0x18, 0x18, 0x18, 0x11, 0x23, 0x2b, 0x29, 0x28,
  0x27, 0x28, 0x2d, 0x25, 0x13, 0x19, 0x18, 0x18, 0x15, 0x14, 0x14, 0x1f, 0x1f, 0x1f, 0x21, 0x2c, 0x2d, 0x2d, 0x2c, 0x2c, 0x27, 0x26, 0x26, 0x25, 0x02, 0x01, 0x01, 0x04, 0x0b, 0x04, 0x05, 0x07, 0x08, 0x0e, 0x05, 0x04, 0x02, 0x03, 0x03, 0x04, 0x0c, 0x0e, 0x0e, 0x04, 0x02, 0x0c, 0x11, 0x11, 0x17, 0x10, 0x03, 0x06, 0x03, 0x05, 0x07, 0x07, 0x07, 0x0b, 0x07, 0x07, 0x03, 0x14, 0x18, 0x18, 0x17, 0x14, 0x0d, 0x0d, 0x0d, 0x0a, 0x0c, 0x0f, 0x0f, 0x0c, 0x07, 0x07, 0x0b, 0x0b, 0x09, 0x0b, 0x05, 0x05, 0x07, 0x07, 0x07, 0x07, 0x02, 0x12, 0x16, 0x17, 0x16, 0x15, 0x14, 0x16, 0x13, 0x03, 0x07, 0x08, 0x07, 0x04, 0x07, 0x0c, 0x0e, 0x15, 0x18, 0x18, 0x18, 0x18, 0x16, 0x1e, 0x25, 0x2b, 0x28, 0x26,
  0x00, 0x26, 0x2d, 0x25, 0x15, 0x18, 0x18, 0x19, 0x1e, 0x17, 0x1f, 0x2a, 0x29, 0x29, 0x2a, 0x2a, 0x2a, 0x2a, 0x28, 0x2c, 0x1f, 0x02, 0x0b, 0x02, 0x0c, 0x10, 0x0c, 0x04, 0x03, 0x06, 0x05, 0x07, 0x08, 0x0e, 0x0c, 0x07, 0x06, 0x03, 0x02, 0x0f, 0x11, 0x11, 0x10, 0x03, 0x04, 0x13, 0x17, 0x17, 0x17, 0x10, 0x06, 0x06, 0x06, 0x07, 0x0a, 0x07, 0x07, 0x0a, 0x07, 0x07, 0x03, 0x13, 0x14, 0x16, 0x14, 0x0d, 0x0d, 0x0d, 0x0d, 0x0a, 0x08, 0x0c, 0x0f, 0x0c, 0x0f, 0x09, 0x06, 0x08, 0x04, 0x04, 0x0c, 0x0f, 0x08, 0x0c, 0x07, 0x07, 0x03, 0x03, 0x0c, 0x0f, 0x0e, 0x05, 0x0e, 0x0e, 0x06, 0x09, 0x04, 0x08, 0x07, 0x04, 0x04, 0x0e, 0x0e, 0x15, 0x18, 0x18, 0x18, 0x18, 0x13, 0x26, 0x2b, 0x2a, 0x26, 0x00,
  0x00, 0x26, 0x2a, 0x2a, 0x25, 0x11, 0x15, 0x13, 0x25, 0x2a, 0x27, 0x29, 0x29, 0x29, 0x29, 0x2d, 0x26, 0x12, 0x12, 0x12, 0x10, 0x08, 0x0b, 0x07, 0x04, 0x07, 0x06, 0x06, 0x07, 0x07, 0x07, 0x0a, 0x07, 0x0e, 0x0f, 0x0e, 0x0c, 0x0a, 0x02, 0x12, 0x1e, 0x18, 0x0e, 0x03, 0x14, 0x16, 0x15, 0x15, 0x16, 0x10, 0x03, 0x05, 0x07, 0x07, 0x07, 0x07, 0x07, 0x06, 0x0a, 0x0b, 0x03, 0x06, 0x05, 0x11, 0x12, 0x0d, 0x0d, 0x0d, 0x0d, 0x0a, 0x0a, 0x0c, 0x0c, 0x0f, 0x0f, 0x0c, 0x0b, 0x06, 0x04, 0x02, 0x12, 0x14, 0x03, 0x07, 0x04, 0x07, 0x0b, 0x08, 0x07, 0x0b, 0x0c, 0x08, 0x0b, 0x0c, 0x0c, 0x0b, 0x07, 0x07, 0x04, 0x03, 0x04, 0x04, 0x05, 0x15, 0x19, 0x18, 0x18, 0x18, 0x13, 0x26, 0x2b, 0x2a, 0x26, 0x00,
  0x00, 0x25, 0x2a, 0x29, 0x29, 0x26, 0x26, 0x26, 0x29, 0x2c, 0x2a, 0x2c, 0x2c, 0x2a, 0x1f, 0x17, 0x14, 0x03, 0x03, 0x03, 0x06, 0x0b, 0x09, 0x07, 0x0b, 0x07, 0x0b, 0x06, 0x06, 0x07, 0x07, 0x07, 0x07, 0x08, 0x0c, 0x0e, 0x0e, 0x0b, 0x02, 0x12, 0x18, 0x18, 0x13, 0x14, 0x16, 0x16, 0x15, 0x14, 0x0f, 0x06, 0x05, 0x05, 0x05, 0x07, 0x07, 0x07, 0x07, 0x07, 0x0a, 0x06, 0x04, 0x04, 0x03, 0x10, 0x12, 0x0d, 0x0d, 0x0d, 0x0d, 0x0a, 0x0a, 0x0b, 0x0c, 0x0f, 0x0f, 0x0f, 0x0c, 0x04, 0x02, 0x12, 0x16, 0x13, 0x03, 0x04, 0x04, 0x08, 0x0c, 0x0c, 0x0c, 0x0c, 0x07, 0x07, 0x09, 0x08, 0x08, 0x07, 0x09, 0x08, 0x07, 0x04, 0x02, 0x02, 0x02, 0x15, 0x19, 0x18, 0x18, 0x18, 0x13, 0x26, 0x2b, 0x2a, 0x26, 0x00,
  0x00, 0x25, 0x2a, 0x29, 0x29, 0x2b, 0x2b, 0x2d, 0x2d, 0x2d, 0x28, 0x1f, 0x1f, 0x1f, 0x02, 0x01, 0x02, 0x0f, 0x0c, 0x0b, 0x06, 0x03, 0x03, 0x03, 0x03, 0x03, 0x03, 0x03, 0x07, 0x07, 0x07, 0x07, 0x07, 0x04, 0x0a, 0x0c, 0x0e, 0x0c, 0x02, 0x11, 0x13, 0x13, 0x18, 0x17, 0x16, 0x16, 0x16, 0x14, 0x02, 0x03, 0x05, 0x05, 0x05, 0x07, 0x07, 0x07, 0x07, 0x07, 0x08, 0x0b, 0x07, 0x0a, 0x03, 0x12, 0x12, 0x0d, 0x0d, 0x0d, 0x0d, 0x0d, 0x0d, 0x0a, 0x0c, 0x0c, 0x0f, 0x0f, 0x0e, 0x03, 0x11, 0x14, 0x16, 0x13, 0x03, 0x0a, 0x06, 0x05, 0x05, 0x0c, 0x0b, 0x0b, 0x0b, 0x07, 0x0b, 0x0b, 0x09, 0x09, 0x05, 0x09, 0x09, 0x04, 0x02, 0x02, 0x12, 0x15, 0x17, 0x17, 0x17, 0x18, 0x15, 0x26, 0x2c, 0x2a, 0x26, 0x00,
  0x00, 0x25, 0x2b, 0x29, 0x29, 0x29, 0x2c, 0x25, 0x23, 0x23, 0x23, 0x01, 0x01, 0x01, 0x02, 0x02, 0x04, 0x0c, 0x08, 0x05, 0x11, 0x12, 0x12, 0x12, 0x12, 0x12, 0x13, 0x11, 0x03, 0x0b, 0x07, 0x06, 0x04, 0x0a, 0x0a, 0x0a, 0x0c, 0x0e, 0x0a, 0x02, 0x02, 0x12, 0x16, 0x16, 0x17, 0x16, 0x16, 0x14, 0x03, 0x03, 0x05, 0x05, 0x05, 0x05, 0x09, 0x05, 0x07, 0x07, 0x06, 0x0b, 0x07, 0x07, 0x06, 0x10, 0x12, 0x0d, 0x0d, 0x0d, 0x0d, 0x0d, 0x0d, 0x0d, 0x0d, 0x0a, 0x10, 0x10, 0x0f, 0x11, 0x14, 0x15, 0x15, 0x14, 0x03, 0x02, 0x04, 0x05, 0x0b, 0x0b, 0x08, 0x0a, 0x0a, 0x0b, 0x07, 0x07, 0x05, 0x09, 0x09, 0x09, 0x07, 0x07, 0x03, 0x03, 0x16, 0x17, 0x16, 0x17, 0x18, 0x18, 0x15, 0x26, 0x2c, 0x2a, 0x26, 0x00,
  0x00, 0x25, 0x2a, 0x29, 0x2a, 0x29, 0x23, 0x10, 0x01, 0x02, 0x03, 0x11, 0x10, 0x0b, 0x03, 0x03, 0x02, 0x03, 0x0b, 0x03, 0x14, 0x1e, 0x19, 0x1e, 0x19, 0x18, 0x18, 0x12, 0x03, 0x09, 0x09, 0x04, 0x04, 0x0d, 0x0d, 0x0d, 0x0a, 0x0e, 0x0b, 0x02, 0x10, 0x18, 0x17, 0x17, 0x17, 0x16, 0x16, 0x14, 0x03, 0x08, 0x08, 0x08, 0x08, 0x09, 0x09, 0x07, 0x07, 0x04, 0x07, 0x07, 0x07, 0x06, 0x0b, 0x06, 0x0a, 0x0d, 0x0d, 0x0d, 0x0d, 0x0d, 0x0d, 0x0d, 0x0d, 0x0d, 0x10, 0x11, 0x13, 0x18, 0x16, 0x15, 0x16, 0x14, 0x04, 0x04, 0x04, 0x07, 0x0b, 0x07, 0x07, 0x06, 0x0a, 0x0b, 0x07, 0x07, 0x08, 0x0b, 0x07, 0x0b, 0x0b, 0x07, 0x03, 0x06, 0x15, 0x17, 0x16, 0x16, 0x18, 0x19, 0x18, 0x26, 0x2c, 0x2c, 0x27, 0x00,
  0x00, 0x25, 0x2b, 0x29, 0x2a, 0x2a, 0x14, 0x07, 0x10, 0x10, 0x10, 0x0f, 0x0c, 0x05, 0x03, 0x04, 0x02, 0x02, 0x05, 0x11, 0x17, 0x19, 0x19, 0x18, 0x17, 0x17, 0x11, 0x03, 0x0b, 0x07, 0x07, 0x0a, 0x0a, 0x0d, 0x0d, 0x0d, 0x0a, 0x08, 0x08, 0x03, 0x13, 0x16, 0x16, 0x15, 0x16, 0x16, 0x16, 0x16, 0x12, 0x10, 0x0e, 0x0c, 0x0b, 0x04, 0x07, 0x07, 0x08, 0x06, 0x07, 0x07, 0x07, 0x07, 0x07, 0x0c, 0x0a, 0x0a, 0x0d, 0x0d, 0x0d, 0x0d, 0x0d, 0x0d, 0x0d, 0x0d, 0x10, 0x13, 0x1e, 0x18, 0x16, 0x15, 0x16, 0x13, 0x03, 0x0b, 0x07, 0x07, 0x08, 0x07, 0x04, 0x07, 0x07, 0x04, 0x07, 0x07, 0x07, 0x09, 0x0a, 0x0b, 0x0c, 0x0c, 0x0b, 0x03, 0x14, 0x16, 0x15, 0x16, 0x17, 0x19, 0x18, 0x26, 0x2c, 0x2c, 0x27, 0x00,
  0x00, 0x25, 0x2a, 0x2a, 0x2a, 0x2a, 0x25, 0x12, 0x02, 0x10, 0x0e, 0x0e, 0x0c, 0x0a, 0x02, 0x02, 0x02, 0x04, 0x14, 0x17, 0x11, 0x11, 0x11, 0x11, 0x0f, 0x0f, 0x06, 0x03, 0x07, 0x07, 0x07, 0x0a, 0x0d, 0x0d, 0x0d, 0x0d, 0x0d, 0x0a, 0x03, 0x11, 0x14, 0x15, 0x15, 0x15, 0x16, 0x16, 0x16, 0x18, 0x1e, 0x12, 0x0e, 0x08, 0x07, 0x07, 0x07, 0x07, 0x08, 0x0b, 0x0b, 0x0b, 0x0b, 0x0b, 0x0b, 0x0b, 0x0c, 0x0a, 0x0a, 0x0d, 0x0d, 0x0d, 0x0d, 0x0d, 0x0d, 0x14, 0x17, 0x18, 0x18, 0x18, 0x18, 0x15, 0x16, 0x12, 0x04, 0x0c, 0x0c, 0x0b, 0x0b, 0x08, 0x0b, 0x0b, 0x07, 0x04, 0x07, 0x07, 0x07, 0x07, 0x06, 0x0c, 0x0e, 0x0f, 0x10, 0x11, 0x14, 0x16, 0x15, 0x15, 0x17, 0x18, 0x18, 0x26, 0x2c, 0x2c, 0x27, 0x00,
  0x00, 0x00, 0x27, 0x2a, 0x2a, 0x2a, 0x2a, 0x26, 0x1e, 0x02, 0x11, 0x0c, 0x0b, 0x04, 0x02, 0x02, 0x02, 0x03, 0x11, 0x11, 0x05, 0x05, 0x0e, 0x07, 0x06, 0x05, 0x05, 0x04, 0x07, 0x07, 0x0b, 0x0a, 0x0d, 0x0d, 0x0d, 0x0d, 0x0d, 0x0a, 0x03, 0x12, 0x17, 0x16, 0x15, 0x15, 0x15, 0x16, 0x18, 0x18, 0x18, 0x18, 0x11, 0x05, 0x0b, 0x07, 0x09, 0x07, 0x09, 0x07, 0x07, 0x07, 0x07, 0x08, 0x0a, 0x0b, 0x0b, 0x0b, 0x0b, 0x0a, 0x0a, 0x0a, 0x12, 0x14, 0x14, 0x14, 0x15, 0x17, 0x18, 0x18, 0x18, 0x16, 0x16, 0x13, 0x03, 0x0c, 0x0c, 0x0a, 0x0a, 0x08, 0x07, 0x07, 0x0c, 0x07, 0x07, 0x07, 0x06, 0x07, 0x0e, 0x0c, 0x0f, 0x0e, 0x11, 0x17, 0x15, 0x16, 0x16, 0x15, 0x16, 0x17, 0x16, 0x26, 0x2c, 0x2d, 0x27, 0x00,
  0x00, 0x00, 0x28, 0x2a, 0x2a, 0x2a, 0x2a, 0x2d, 0x27, 0x1e, 0x02, 0x10, 0x03, 0x03, 0x02, 0x02, 0x03, 0x03, 0x03, 0x03, 0x05, 0x07, 0x07, 0x07, 0x0c, 0x08, 0x09, 0x07, 0x07, 0x09, 0x07, 0x0a, 0x0d, 0x0d, 0x0d, 0x0d, 0x0d, 0x0a, 0x03, 0x11, 0x17, 0x17, 0x16, 0x15, 0x15, 0x16, 0x17, 0x18, 0x18, 0x19, 0x17, 0x12, 0x03, 0x08, 0x0b, 0x07, 0x07, 0x04, 0x06, 0x07, 0x07, 0x0a, 0x0b, 0x0b, 0x0b, 0x0c, 0x03, 0x12, 0x14, 0x13, 0x15, 0x18, 0x15, 0x14, 0x14, 0x17, 0x19, 0x1e, 0x1e, 0x19, 0x13, 0x10, 0x06, 0x0b, 0x07, 0x07, 0x07, 0x07, 0x04, 0x07, 0x07, 0x07, 0x07, 0x07, 0x06, 0x09, 0x0c, 0x0c, 0x0c, 0x0e, 0x11, 0x19, 0x17, 0x16, 0x15, 0x15, 0x16, 0x15, 0x13, 0x26, 0x2d, 0x27, 0x23, 0x00,
  0x00, 0x00, 0x28, 0x2a, 0x2a, 0x2a, 0x2c, 0x2a, 0x2d, 0x25, 0x17, 0x02, 0x02, 0x02, 0x02, 0x03, 0x0c, 0x0b, 0x06, 0x06, 0x07, 0x04, 0x03, 0x09, 0x0b, 0x07, 0x0b, 0x07, 0x07, 0x07, 0x07, 0x0a, 0x0d, 0x0d, 0x0d, 0x0d, 0x0d, 0x0a, 0x04, 0x0f, 0x17, 0x18, 0x16, 0x15, 0x15, 0x17, 0x17, 0x17, 0x18, 0x18, 0x19, 0x13, 0x02, 0x09, 0x0b, 0x09, 0x07, 0x0b, 0x07, 0x07, 0x07, 0x07, 0x07, 0x07, 0x09, 0x0c, 0x12, 0x17, 0x1e, 0x1e, 0x1e, 0x16, 0x14, 0x12, 0x12, 0x13, 0x13, 0x13, 0x14, 0x14, 0x10, 0x03, 0x0b, 0x07, 0x07, 0x0b, 0x0b, 0x0b, 0x09, 0x0b, 0x0b, 0x0b, 0x0b, 0x0b, 0x0b, 0x0b, 0x0b, 0x0c, 0x0f, 0x0e, 0x12, 0x1e, 0x18, 0x18, 0x16, 0x16, 0x15, 0x15, 0x21, 0x27, 0x2d, 0x25, 0x00, 0x00,
  0x00, 0x00, 0x28, 0x2a, 0x2a, 0x2c, 0x28, 0x2c, 0x2a, 0x2d, 0x26, 0x10, 0x02, 0x02, 0x0a, 0x08, 0x0c, 0x0c, 0x0b, 0x07, 0x04, 0x03, 0x06, 0x0b, 0x0a, 0x09, 0x09, 0x08, 0x08, 0x07, 0x07, 0x0a, 0x0d, 0x0d, 0x0d, 0x0d, 0x0d, 0x0a, 0x0b, 0x0f, 0x16, 0x17, 0x16, 0x16, 0x17, 0x18, 0x18, 0x18, 0x18, 0x17, 0x17, 0x13, 0x08, 0x06, 0x07, 0x07, 0x08, 0x07, 0x07, 0x0b, 0x07, 0x07, 0x07, 0x07, 0x07, 0x0f, 0x14, 0x15, 0x15, 0x15, 0x15, 0x16, 0x16, 0x11, 0x02, 0x03, 0x03, 0x03, 0x05, 0x03, 0x07, 0x0c, 0x0b, 0x07, 0x0b, 0x0b, 0x0a, 0x0b, 0x0c, 0x0b, 0x0c, 0x0c, 0x08, 0x0c, 0x0c, 0x0b, 0x0b, 0x0c, 0x10, 0x0e, 0x13, 0x1e, 0x18, 0x18, 0x18, 0x16, 0x15, 0x16, 0x27, 0x2a, 0x2c, 0x26, 0x00, 0x00,
  0x00, 0x00, 0x28, 0x2a, 0x2a, 0x2c, 0x1f, 0x26, 0x2c, 0x2a, 0x2a, 0x27, 0x12, 0x02, 0x0a, 0x0f, 0x0e, 0x0c, 0x09, 0x07, 0x04, 0x04, 0x04, 0x06, 0x04, 0x08, 0x05, 0x05, 0x0b, 0x0b, 0x07, 0x0a, 0x0a, 0x0d, 0x0d, 0x0d, 0x0d, 0x0a, 0x0a, 0x0e, 0x14, 0x17, 0x15, 0x16, 0x18, 0x18, 0x18, 0x18, 0x17, 0x16, 0x15, 0x17, 0x14, 0x03, 0x07, 0x07, 0x0b, 0x07, 0x04, 0x07, 0x07, 0x07, 0x07, 0x07, 0x07, 0x06, 0x03, 0x05, 0x0e, 0x05, 0x11, 0x17, 0x14, 0x17, 0x11, 0x0c, 0x0c, 0x0b, 0x0c, 0x0c, 0x0c, 0x0e, 0x0b, 0x0a, 0x0a, 0x06, 0x0b, 0x0b, 0x0c, 0x0b, 0x0a, 0x0c, 0x0b, 0x0b, 0x0b, 0x0b, 0x0a, 0x06, 0x0f, 0x11, 0x13, 0x19, 0x18, 0x18, 0x18, 0x17, 0x15, 0x15, 0x27, 0x2a, 0x2a, 0x25, 0x00, 0x00,
  0x00, 0x00, 0x28, 0x2c, 0x2b, 0x2c, 0x21, 0x18, 0x26, 0x2c, 0x29, 0x29, 0x28, 0x12, 0x02, 0x11, 0x10, 0x0f, 0x07, 0x06, 0x07, 0x09, 0x0b, 0x0b, 0x07, 0x06, 0x08, 0x05, 0x0e, 0x08, 0x07, 0x06, 0x04, 0x0a, 0x0a, 0x0d, 0x0d, 0x0a, 0x0b, 0x03, 0x12, 0x17, 0x15, 0x17, 0x18, 0x18, 0x17, 0x17, 0x16, 0x15, 0x16, 0x17, 0x14, 0x05, 0x07, 0x06, 0x08, 0x07, 0x09, 0x07, 0x07, 0x07, 0x07, 0x07, 0x07, 0x07, 0x09, 0x0c, 0x0f, 0x0b, 0x0c, 0x0f, 0x0e, 0x14, 0x17, 0x16, 0x13, 0x03, 0x0c, 0x05, 0x14, 0x13, 0x03, 0x0a, 0x04, 0x07, 0x0b, 0x0c, 0x0b, 0x0a, 0x0d, 0x0a, 0x0a, 0x0b, 0x0b, 0x0b, 0x0a, 0x04, 0x05, 0x13, 0x1e, 0x18, 0x18, 0x18, 0x18, 0x18, 0x15, 0x15, 0x27, 0x2a, 0x2a, 0x25, 0x00, 0x00,
  0x00, 0x00, 0x28, 0x2c, 0x2c, 0x2c, 0x21, 0x19, 0x1e, 0x25, 0x2b, 0x29, 0x29, 0x27, 0x1e, 0x01, 0x0f, 0x11, 0x0a, 0x04, 0x09, 0x09, 0x06, 0x05, 0x03, 0x03, 0x06, 0x08, 0x0c, 0x0b, 0x0b, 0x06, 0x0a, 0x0b, 0x0a, 0x0a, 0x0a, 0x0a, 0x0c, 0x0a, 0x0c, 0x12, 0x18, 0x18, 0x18, 0x18, 0x18, 0x17, 0x15, 0x16, 0x11, 0x06, 0x10, 0x07, 0x07, 0x07, 0x08, 0x0b, 0x0b, 0x07, 0x07, 0x07, 0x0b, 0x0b, 0x0b, 0x06, 0x05, 0x08, 0x0e, 0x0c, 0x0a, 0x0a, 0x06, 0x14, 0x19, 0x18, 0x16, 0x14, 0x06, 0x02, 0x13, 0x17, 0x13, 0x03, 0x0a, 0x0b, 0x0b, 0x0b, 0x0a, 0x0d, 0x0d, 0x0d, 0x0d, 0x0a, 0x08, 0x08, 0x04, 0x04, 0x02, 0x12, 0x19, 0x19, 0x18, 0x18, 0x18, 0x18, 0x16, 0x16, 0x27, 0x2a, 0x2a, 0x25, 0x00, 0x00,
  0x00, 0x00, 0x00, 0x27, 0x2c, 0x2c, 0x1e, 0x18, 0x15, 0x1e, 0x25, 0x2b, 0x29, 0x2c, 0x26, 0x25, 0x1e, 0x01, 0x0b, 0x04, 0x07, 0x05, 0x06, 0x03, 0x06, 0x06, 0x04, 0x04, 0x06, 0x07, 0x07, 0x07, 0x0b, 0x09, 0x08, 0x07, 0x07, 0x07, 0x07, 0x07, 0x04, 0x0c, 0x12, 0x18, 0x19, 0x19, 0x18, 0x16, 0x15, 0x15, 0x13, 0x11, 0x03, 0x07, 0x07, 0x0b, 0x09, 0x08, 0x07, 0x08, 0x08, 0x07, 0x08, 0x07, 0x07, 0x06, 0x09, 0x08, 0x07, 0x07, 0x07, 0x0a, 0x06, 0x11, 0x15, 0x18, 0x18, 0x17, 0x12, 0x12, 0x15, 0x18, 0x17, 0x13, 0x0f, 0x0b, 0x09, 0x09, 0x0d, 0x0d, 0x0d, 0x0d, 0x0d, 0x0a, 0x0a, 0x05, 0x04, 0x02, 0x10, 0x14, 0x18, 0x18, 0x18, 0x18, 0x18, 0x19, 0x15, 0x13, 0x27, 0x2a, 0x2b, 0x25, 0x00, 0x00,
  0x00, 0x00, 0x00, 0x00, 0x2a, 0x2c, 0x26, 0x1f, 0x15, 0x13, 0x1e, 0x25, 0x27, 0x2c, 0x2d, 0x2d, 0x25, 0x1f, 0x02, 0x03, 0x0b, 0x04, 0x06, 0x06, 0x06, 0x04, 0x03, 0x03, 0x06, 0x06, 0x06, 0x07, 0x07, 0x07, 0x07, 0x07, 0x07, 0x07, 0x04, 0x04, 0x08, 0x06, 0x05, 0x13, 0x14, 0x14, 0x16, 0x18, 0x15, 0x15, 0x17, 0x14, 0x03, 0x04, 0x04, 0x04, 0x04, 0x07, 0x07, 0x07, 0x07, 0x04, 0x03, 0x0b, 0x0b, 0x07, 0x0b, 0x0b, 0x04, 0x07, 0x07, 0x04, 0x0a, 0x03, 0x13, 0x1e, 0x18, 0x18, 0x18, 0x18, 0x18, 0x16, 0x15, 0x16, 0x0f, 0x07, 0x0b, 0x09, 0x0d, 0x0d, 0x0d, 0x0d, 0x0d, 0x0d, 0x0a, 0x08, 0x04, 0x02, 0x12, 0x16, 0x15, 0x18, 0x18, 0x18, 0x19, 0x18, 0x1e, 0x21, 0x27, 0x2a, 0x25, 0x23, 0x00, 0x00,
  0x00, 0x00, 0x00, 0x26, 0x2c, 0x2a, 0x2d, 0x21, 0x13, 0x17, 0x13, 0x13, 0x17, 0x26, 0x2c, 0x2a, 0x2d, 0x2a, 0x14, 0x08, 0x07, 0x04, 0x06, 0x06, 0x06, 0x05, 0x06, 0x03, 0x06, 0x06, 0x06, 0x06, 0x06, 0x07, 0x04, 0x07, 0x04, 0x04, 0x05, 0x05, 0x07, 0x07, 0x0c, 0x05, 0x05, 0x03, 0x11, 0x13, 0x15, 0x15, 0x17, 0x13, 0x02, 0x02, 0x02, 0x04, 0x0a, 0x07, 0x07, 0x07, 0x07, 0x07, 0x07, 0x0b, 0x07, 0x07, 0x0a, 0x0b, 0x0b, 0x04, 0x07, 0x04, 0x0a, 0x06, 0x12, 0x16, 0x18, 0x18, 0x18, 0x18, 0x16, 0x16, 0x15, 0x14, 0x10, 0x0a, 0x0b, 0x0b, 0x0a, 0x0d, 0x0d, 0x0d, 0x0d, 0x0d, 0x04, 0x08, 0x04, 0x03, 0x12, 0x16, 0x15, 0x18, 0x18, 0x19, 0x19, 0x15, 0x21, 0x2c, 0x29, 0x29, 0x00, 0x00, 0x00, 0x00,
  0x00, 0x00, 0x00, 0x00, 0x2a, 0x2a, 0x2a, 0x1f, 0x13, 0x15, 0x15, 0x14, 0x03, 0x10, 0x26, 0x2d, 0x2a, 0x29, 0x2a, 0x17, 0x02, 0x0a, 0x02, 0x03, 0x03, 0x05, 0x05, 0x06, 0x06, 0x06, 0x06, 0x06, 0x06, 0x07, 0x07, 0x07, 0x07, 0x07, 0x06, 0x07, 0x08, 0x09, 0x07, 0x07, 0x0b, 0x0b, 0x03, 0x06, 0x16, 0x17, 0x17, 0x14, 0x12, 0x10, 0x04, 0x0b, 0x0a, 0x08, 0x07, 0x03, 0x07, 0x07, 0x07, 0x07, 0x07, 0x07, 0x07, 0x07, 0x07, 0x07, 0x0b, 0x0b, 0x0b, 0x0c, 0x03, 0x11, 0x17, 0x18, 0x18, 0x18, 0x17, 0x16, 0x16, 0x16, 0x10, 0x04, 0x0a, 0x0a, 0x0d, 0x0d, 0x0d, 0x0d, 0x0d, 0x0d, 0x0a, 0x0c, 0x0e, 0x14, 0x14, 0x15, 0x16, 0x18, 0x18, 0x18, 0x19, 0x15, 0x21, 0x2a, 0x29, 0x28, 0x25, 0x00, 0x00, 0x00,
  0x00, 0x00, 0x00, 0x26, 0x2a, 0x2a, 0x2a, 0x1f, 0x15, 0x16, 0x15, 0x16, 0x11, 0x0e, 0x14, 0x27, 0x2d, 0x29, 0x29, 0x28, 0x1f, 0x01, 0x0a, 0x0c, 0x0b, 0x06, 0x06, 0x06, 0x06, 0x06, 0x06, 0x06, 0x06, 0x07, 0x07, 0x07, 0x07, 0x07, 0x07, 0x07, 0x09, 0x05, 0x05, 0x07, 0x08, 0x08, 0x04, 0x0f, 0x14, 0x17, 0x15, 0x15, 0x14, 0x14, 0x12, 0x03, 0x03, 0x03, 0x10, 0x12, 0x06, 0x09, 0x07, 0x07, 0x07, 0x07, 0x09, 0x09, 0x04, 0x07, 0x0b, 0x0c, 0x07, 0x0b, 0x03, 0x12, 0x17, 0x16, 0x17, 0x18, 0x17, 0x16, 0x16, 0x16, 0x14, 0x10, 0x04, 0x0a, 0x0d, 0x0d, 0x0d, 0x0d, 0x0d, 0x0d, 0x0a, 0x0e, 0x0f, 0x15, 0x16, 0x15, 0x16, 0x18, 0x18, 0x18, 0x19, 0x15, 0x1f, 0x2a, 0x2a, 0x28, 0x25, 0x00, 0x00, 0x00,
  0x00, 0x00, 0x00, 0x00, 0x23, 0x29, 0x2b, 0x1e, 0x13, 0x18, 0x18, 0x18, 0x14, 0x12, 0x05, 0x17, 0x23, 0x2d, 0x29, 0x2b, 0x26, 0x23, 0x03, 0x01, 0x10, 0x0b, 0x07, 0x07, 0x06, 0x06, 0x06, 0x09, 0x0b, 0x07, 0x07, 0x07, 0x07, 0x07, 0x07, 0x07, 0x05, 0x08, 0x08, 0x06, 0x0c, 0x07, 0x07, 0x0c, 0x14, 0x16, 0x15, 0x14, 0x14, 0x14, 0x14, 0x14, 0x14, 0x14, 0x14, 0x11, 0x06, 0x07, 0x07, 0x07, 0x09, 0x09, 0x07, 0x09, 0x07, 0x07, 0x06, 0x07, 0x07, 0x0b, 0x02, 0x12, 0x17, 0x16, 0x17, 0x18, 0x16, 0x16, 0x16, 0x15, 0x17, 0x11, 0x07, 0x0a, 0x0d, 0x0d, 0x0d, 0x0d, 0x0d, 0x0a, 0x0c, 0x10, 0x12, 0x15, 0x18, 0x16, 0x16, 0x16, 0x16, 0x18, 0x18, 0x15, 0x21, 0x2c, 0x2a, 0x28, 0x00, 0x00, 0x00, 0x00,
  0x00, 0x00, 0x00, 0x00, 0x00, 0x27, 0x2a, 0x26, 0x21, 0x13, 0x18, 0x18, 0x1e, 0x12, 0x10, 0x03, 0x11, 0x1f, 0x27, 0x2b, 0x2b, 0x2a, 0x25, 0x23, 0x03, 0x0e, 0x10, 0x0c, 0x04, 0x06, 0x07, 0x09, 0x07, 0x07, 0x07, 0x07, 0x07, 0x07, 0x07, 0x07, 0x07, 0x07, 0x07, 0x0b, 0x08, 0x07, 0x0b, 0x07, 0x10, 0x14, 0x16, 0x12, 0x12, 0x0d, 0x0d, 0x0d, 0x12, 0x14, 0x12, 0x03, 0x0b, 0x08, 0x05, 0x08, 0x07, 0x07, 0x07, 0x07, 0x07, 0x07, 0x07, 0x07, 0x07, 0x07, 0x10, 0x14, 0x18, 0x15, 0x16, 0x18, 0x18, 0x18, 0x16, 0x16, 0x16, 0x11, 0x04, 0x0a, 0x0d, 0x0d, 0x0d, 0x0d, 0x0a, 0x0c, 0x0e, 0x11, 0x15, 0x18, 0x18, 0x16, 0x16, 0x16, 0x16, 0x18, 0x18, 0x15, 0x21, 0x2c, 0x2a, 0x2a, 0x26, 0x00, 0x00, 0x00,
  0x00, 0x00, 0x00, 0x00, 0x00, 0x27, 0x29, 0x2d, 0x23, 0x13, 0x18, 0x18, 0x19, 0x11, 0x0e, 0x10, 0x03, 0x01, 0x1f, 0x26, 0x29, 0x2a, 0x2d, 0x2c, 0x23, 0x11, 0x02, 0x02, 0x0c, 0x09, 0x07, 0x07, 0x07, 0x07, 0x07, 0x05, 0x07, 0x07, 0x07, 0x07, 0x07, 0x07, 0x07, 0x07, 0x07, 0x07, 0x07, 0x07, 0x03, 0x12, 0x12, 0x10, 0x0d, 0x0d, 0x0d, 0x0d, 0x0d, 0x0a, 0x05, 0x08, 0x05, 0x09, 0x05, 0x07, 0x07, 0x07, 0x07, 0x07, 0x07, 0x07, 0x07, 0x07, 0x09, 0x03, 0x13, 0x1e, 0x18, 0x16, 0x15, 0x16, 0x18, 0x18, 0x17, 0x15, 0x17, 0x11, 0x03, 0x0a, 0x0d, 0x0d, 0x0a, 0x0a, 0x0a, 0x0c, 0x0f, 0x11, 0x19, 0x19, 0x18, 0x18, 0x16, 0x16, 0x16, 0x18, 0x15, 0x1e, 0x23, 0x2c, 0x2a, 0x26, 0x00, 0x00, 0x00, 0x00,
  0x00, 0x00, 0x00, 0x00, 0x00, 0x27, 0x29, 0x2b, 0x23, 0x13, 0x19, 0x18, 0x19, 0x13, 0x11, 0x0e, 0x04, 0x02, 0x11, 0x14, 0x23, 0x27, 0x2a, 0x2c, 0x2d, 0x23, 0x1f, 0x1e, 0x02, 0x03, 0x07, 0x07, 0x07, 0x07, 0x07, 0x07, 0x07, 0x05, 0x07, 0x07, 0x07, 0x05, 0x07, 0x07, 0x07, 0x0b, 0x07, 0x0b, 0x0c, 0x03, 0x02, 0x02, 0x0d, 0x0d, 0x0d, 0x0d, 0x0d, 0x0b, 0x0c, 0x08, 0x0b, 0x08, 0x05, 0x07, 0x07, 0x07, 0x07, 0x07, 0x07, 0x06, 0x0a, 0x07, 0x0b, 0x03, 0x13, 0x19, 0x18, 0x17, 0x16, 0x16, 0x18, 0x18, 0x18, 0x18, 0x14, 0x0f, 0x07, 0x0a, 0x0a, 0x02, 0x04, 0x04, 0x0a, 0x04, 0x0f, 0x15, 0x19, 0x19, 0x18, 0x18, 0x16, 0x16, 0x16, 0x18, 0x13, 0x23, 0x2d, 0x2c, 0x27, 0x00, 0x00, 0x00, 0x00, 0x00,
  0x00, 0x00, 0x00, 0x00, 0x00, 0x27, 0x29, 0x2c, 0x23, 0x13, 0x19, 0x18, 0x18, 0x19, 0x12, 0x05, 0x04, 0x02, 0x04, 0x14, 0x11, 0x23, 0x2c, 0x2a, 0x2a, 0x2c, 0x2d, 0x25, 0x0a, 0x12, 0x0c, 0x09, 0x04, 0x04, 0x07, 0x07, 0x07, 0x07, 0x07, 0x07, 0x07, 0x07, 0x07, 0x07, 0x08, 0x08, 0x0b, 0x0a, 0x07, 0x04, 0x0a, 0x02, 0x0a, 0x0a, 0x0a, 0x0a, 0x0a, 0x0a, 0x0a, 0x0b, 0x07, 0x07, 0x09, 0x0a, 0x07, 0x07, 0x07, 0x08, 0x07, 0x06, 0x0b, 0x07, 0x0b, 0x03, 0x13, 0x19, 0x18, 0x18, 0x17, 0x18, 0x18, 0x18, 0x18, 0x1e, 0x11, 0x03, 0x0b, 0x0a, 0x0a, 0x04, 0x04, 0x04, 0x03, 0x05, 0x12, 0x18, 0x17, 0x18, 0x18, 0x18, 0x18, 0x18, 0x18, 0x18, 0x13, 0x23, 0x2c, 0x2c, 0x28, 0x00, 0x00, 0x00, 0x00, 0x00,
  0x00, 0x00, 0x00, 0x00, 0x00, 0x00, 0x28, 0x2d, 0x23, 0x15, 0x19, 0x18, 0x18, 0x18, 0x12, 0x02, 0x02, 0x04, 0x02, 0x12, 0x17, 0x1e, 0x1e, 0x21, 0x2d, 0x2a, 0x29, 0x29, 0x29, 0x26, 0x02, 0x02, 0x04, 0x0b, 0x05, 0x07, 0x08, 0x08, 0x09, 0x07, 0x05, 0x07, 0x07, 0x07, 0x0b, 0x07, 0x0b, 0x0b, 0x0b, 0x04, 0x04, 0x04, 0x0b, 0x0b, 0x0c, 0x0f, 0x0c, 0x0a, 0x0a, 0x0b, 0x04, 0x07, 0x04, 0x07, 0x07, 0x07, 0x07, 0x08, 0x07, 0x08, 0x0b, 0x0c, 0x03, 0x12, 0x17, 0x18, 0x18, 0x18, 0x17, 0x18, 0x18, 0x18, 0x19, 0x18, 0x11, 0x05, 0x08, 0x04, 0x03, 0x04, 0x02, 0x04, 0x02, 0x11, 0x17, 0x16, 0x17, 0x18, 0x18, 0x18, 0x17, 0x16, 0x16, 0x18, 0x13, 0x23, 0x2c, 0x2a, 0x27, 0x00, 0x00, 0x00, 0x00, 0x00,
  0x00, 0x00, 0x00, 0x00, 0x00, 0x00, 0x28, 0x2d, 0x23, 0x13, 0x19, 0x18, 0x18, 0x19, 0x12, 0x02, 0x02, 0x02, 0x02, 0x05, 0x13, 0x1e, 0x19, 0x1e, 0x21, 0x27, 0x2d, 0x29, 0x29, 0x29, 0x25, 0x25, 0x12, 0x01, 0x10, 0x0b, 0x0e, 0x0e, 0x0e, 0x0c, 0x08, 0x06, 0x07, 0x07, 0x04, 0x07, 0x07, 0x0b, 0x0b, 0x07, 0x07, 0x07, 0x0b, 0x0c, 0x0c, 0x09, 0x0c, 0x0b, 0x0a, 0x0b, 0x0b, 0x0a, 0x0a, 0x05, 0x08, 0x0b, 0x0b, 0x08, 0x0b, 0x0c, 0x0b, 0x06, 0x12, 0x14, 0x17, 0x18, 0x18, 0x18, 0x18, 0x18, 0x18, 0x19, 0x18, 0x11, 0x08, 0x09, 0x05, 0x05, 0x02, 0x03, 0x02, 0x02, 0x02, 0x10, 0x16, 0x16, 0x17, 0x18, 0x18, 0x18, 0x17, 0x15, 0x15, 0x16, 0x11, 0x23, 0x2b, 0x2a, 0x27, 0x00, 0x00, 0x00, 0x00, 0x00,
  0x00, 0x00, 0x00, 0x00, 0x00, 0x00, 0x28, 0x2c, 0x26, 0x21, 0x15, 0x19, 0x18, 0x18, 0x11, 0x02, 0x04, 0x02, 0x04, 0x03, 0x13, 0x1e, 0x19, 0x19, 0x15, 0x21, 0x23, 0x25, 0x2d, 0x2b, 0x2b, 0x2b, 0x25, 0x1f, 0x01, 0x02, 0x0f, 0x0f, 0x0e, 0x08, 0x08, 0x07, 0x04, 0x07, 0x07, 0x08, 0x07, 0x07, 0x07, 0x07, 0x07, 0x07, 0x09, 0x0b, 0x07, 0x0b, 0x0b, 0x0b, 0x0b, 0x0b, 0x0a, 0x0a, 0x0a, 0x0b, 0x0b, 0x0b, 0x09, 0x0c, 0x0b, 0x03, 0x10, 0x12, 0x14, 0x16, 0x16, 0x16, 0x16, 0x18, 0x18, 0x18, 0x18, 0x14, 0x11, 0x05, 0x05, 0x08, 0x05, 0x08, 0x06, 0x06, 0x03, 0x02, 0x10, 0x13, 0x15, 0x15, 0x16, 0x17, 0x18, 0x18, 0x18, 0x16, 0x16, 0x13, 0x21, 0x26, 0x2a, 0x27, 0x23, 0x00, 0x00, 0x00, 0x00, 0x00,
  0x00, 0x00, 0x00, 0x00, 0x00, 0x00, 0x28, 0x2a, 0x2d, 0x25, 0x15, 0x19, 0x18, 0x16, 0x13, 0x0c, 0x02, 0x04, 0x09, 0x0f, 0x11, 0x15, 0x1e, 0x19, 0x19, 0x14, 0x11, 0x1f, 0x25, 0x25, 0x29, 0x29, 0x2d, 0x26, 0x23, 0x1f, 0x02, 0x02, 0x03, 0x0c, 0x09, 0x09, 0x06, 0x0a, 0x06, 0x04, 0x04, 0x07, 0x07, 0x07, 0x04, 0x07, 0x07, 0x07, 0x07, 0x0b, 0x0b, 0x0b, 0x0a, 0x0a, 0x0d, 0x0d, 0x0d, 0x0a, 0x0a, 0x0c, 0x0b, 0x0c, 0x0b, 0x08, 0x12, 0x17, 0x15, 0x16, 0x16, 0x17, 0x17, 0x18, 0x19, 0x19, 0x18, 0x12, 0x03, 0x0c, 0x0e, 0x0e, 0x0c, 0x0c, 0x07, 0x0b, 0x02, 0x0f, 0x14, 0x16, 0x15, 0x15, 0x17, 0x17, 0x17, 0x18, 0x18, 0x17, 0x18, 0x13, 0x25, 0x2c, 0x29, 0x26, 0x00, 0x00, 0x00, 0x00, 0x00, 0x00,
  0x00, 0x00, 0x00, 0x00, 0x00, 0x00, 0x2c, 0x2c, 0x2d, 0x23, 0x13, 0x19, 0x16, 0x15, 0x16, 0x13, 0x07, 0x09, 0x0c, 0x0f, 0x0e, 0x11, 0x18, 0x19, 0x16, 0x17, 0x17, 0x14, 0x11, 0x1e, 0x29, 0x29, 0x29, 0x2a, 0x2d, 0x2a, 0x1e, 0x1e, 0x12, 0x02, 0x03, 0x08, 0x08, 0x07, 0x07, 0x0a, 0x0a, 0x04, 0x04, 0x07, 0x07, 0x07, 0x07, 0x07, 0x08, 0x08, 0x08, 0x07, 0x0a, 0x0d, 0x0d, 0x0d, 0x0d, 0x0d, 0x0a, 0x0c, 0x0b, 0x0c, 0x03, 0x13, 0x1e, 0x16, 0x16, 0x16, 0x17, 0x14, 0x13, 0x13, 0x14, 0x14, 0x12, 0x03, 0x08, 0x08, 0x0c, 0x0f, 0x0f, 0x0f, 0x09, 0x07, 0x0c, 0x13, 0x16, 0x15, 0x15, 0x16, 0x16, 0x17, 0x17, 0x18, 0x18, 0x17, 0x18, 0x13, 0x25, 0x2b, 0x29, 0x27, 0x00, 0x00, 0x00, 0x00, 0x00, 0x00,
  0x00, 0x00, 0x00, 0x00, 0x00, 0x00, 0x27, 0x2a, 0x2d, 0x25, 0x15, 0x18, 0x15, 0x15, 0x15, 0x16, 0x14, 0x05, 0x0f, 0x0e, 0x0f, 0x0e, 0x10, 0x14, 0x16, 0x16, 0x16, 0x15, 0x17, 0x17, 0x15, 0x26, 0x2a, 0x29, 0x2a, 0x2a, 0x2c, 0x2d, 0x1f, 0x04, 0x12, 0x09, 0x0b, 0x05, 0x08, 0x07, 0x04, 0x04, 0x04, 0x08, 0x07, 0x04, 0x07, 0x07, 0x07, 0x07, 0x09, 0x09, 0x0a, 0x0d, 0x0d, 0x0d, 0x0d, 0x0d, 0x0a, 0x08, 0x09, 0x0c, 0x05, 0x13, 0x17, 0x14, 0x14, 0x14, 0x14, 0x12, 0x02, 0x03, 0x03, 0x03, 0x06, 0x09, 0x06, 0x0c, 0x0c, 0x0f, 0x0f, 0x0f, 0x0e, 0x0e, 0x14, 0x15, 0x15, 0x16, 0x15, 0x16, 0x16, 0x16, 0x16, 0x17, 0x17, 0x17, 0x18, 0x13, 0x25, 0x2b, 0x29, 0x27, 0x00, 0x00, 0x00, 0x00, 0x00, 0x00,
  0x00, 0x00, 0x00, 0x00, 0x00, 0x00, 0x00, 0x27, 0x2c, 0x2a, 0x26, 0x15, 0x16, 0x16, 0x18, 0x18, 0x14, 0x0e, 0x0f, 0x0f, 0x0e, 0x0c, 0x02, 0x0f, 0x16, 0x15, 0x16, 0x18, 0x18, 0x16, 0x14, 0x1e, 0x17, 0x23, 0x2d, 0x2c, 0x2c, 0x2c, 0x28, 0x28, 0x25, 0x01, 0x02, 0x04, 0x10, 0x0c, 0x07, 0x07, 0x07, 0x07, 0x07, 0x07, 0x07, 0x07, 0x07, 0x07, 0x09, 0x0b, 0x0a, 0x0d, 0x0d, 0x0d, 0x0d, 0x0a, 0x0a, 0x05, 0x07, 0x0b, 0x0b, 0x0c, 0x0f, 0x0e, 0x0b, 0x06, 0x0a, 0x04, 0x03, 0x04, 0x07, 0x09, 0x08, 0x0b, 0x0b, 0x0b, 0x0c, 0x0f, 0x0f, 0x0f, 0x10, 0x0f, 0x16, 0x17, 0x15, 0x15, 0x15, 0x15, 0x15, 0x15, 0x16, 0x16, 0x18, 0x18, 0x18, 0x25, 0x2a, 0x2a, 0x26, 0x00, 0x00, 0x00, 0x00, 0x00, 0x00, 0x00,
  0x00, 0x00, 0x00, 0x00, 0x00, 0x00, 0x00, 0x26, 0x2c, 0x2c, 0x26, 0x11, 0x14, 0x16, 0x18, 0x18, 0x18, 0x14, 0x0f, 0x0f, 0x0c, 0x06, 0x02, 0x02, 0x04, 0x14, 0x17, 0x18, 0x19, 0x17, 0x15, 0x14, 0x13, 0x1e, 0x21, 0x23, 0x2d, 0x2d, 0x2b, 0x2b, 0x27, 0x25, 0x25, 0x10, 0x01, 0x02, 0x10, 0x0c, 0x07, 0x07, 0x04, 0x04, 0x07, 0x07, 0x07, 0x0b, 0x0b, 0x0b, 0x0b, 0x0a, 0x0a, 0x0d, 0x0a, 0x04, 0x06, 0x04, 0x07, 0x0b, 0x04, 0x05, 0x08, 0x0c, 0x0b, 0x06, 0x07, 0x07, 0x04, 0x04, 0x04, 0x03, 0x08, 0x04, 0x06, 0x04, 0x06, 0x0c, 0x10, 0x0e, 0x11, 0x15, 0x18, 0x17, 0x16, 0x15, 0x15, 0x15, 0x15, 0x16, 0x16, 0x17, 0x18, 0x19, 0x18, 0x26, 0x2c, 0x2a, 0x25, 0x00, 0x00, 0x00, 0x00, 0x00, 0x00, 0x00,
  0x00, 0x00, 0x00, 0x00, 0x00, 0x00, 0x00, 0x26, 0x2c, 0x2a, 0x27, 0x23, 0x16, 0x15, 0x18, 0x18, 0x19, 0x16, 0x0e, 0x0e, 0x0c, 0x04, 0x02, 0x02, 0x02, 0x0b, 0x13, 0x1e, 0x19, 0x16, 0x15, 0x16, 0x17, 0x15, 0x13, 0x19, 0x23, 0x23, 0x27, 0x2c, 0x2b, 0x2b, 0x2b, 0x23, 0x23, 0x1e, 0x01, 0x02, 0x0c, 0x0c, 0x0c, 0x0b, 0x07, 0x07, 0x06, 0x07, 0x0b, 0x0b, 0x0b, 0x0b, 0x0a, 0x0a, 0x0a, 0x04, 0x04, 0x06, 0x07, 0x08, 0x07, 0x07, 0x0b, 0x0e, 0x0c, 0x06, 0x05, 0x07, 0x07, 0x04, 0x03, 0x02, 0x03, 0x04, 0x04, 0x04, 0x04, 0x02, 0x06, 0x11, 0x15, 0x19, 0x18, 0x17, 0x16, 0x15, 0x15, 0x15, 0x15, 0x15, 0x15, 0x16, 0x18, 0x19, 0x13, 0x26, 0x2c, 0x2c, 0x26, 0x00, 0x00, 0x00, 0x00, 0x00, 0x00, 0x00,
  0x00, 0x00, 0x00, 0x00, 0x00, 0x00, 0x00, 0x23, 0x28, 0x29, 0x2b, 0x2a, 0x18, 0x15, 0x18, 0x18, 0x19, 0x18, 0x13, 0x0f, 0x03, 0x04, 0x02, 0x04, 0x0a, 0x02, 0x10, 0x13, 0x15, 0x18, 0x18, 0x18, 0x18, 0x18, 0x19, 0x19, 0x13, 0x11, 0x23, 0x25, 0x25, 0x2b, 0x2b, 0x2b, 0x2d, 0x25, 0x1f, 0x1f, 0x03, 0x03, 0x02, 0x03, 0x0b, 0x0b, 0x07, 0x07, 0x0b, 0x0b, 0x0b, 0x0b, 0x0b, 0x0b, 0x0b, 0x05, 0x07, 0x07, 0x07, 0x08, 0x07, 0x07, 0x07, 0x08, 0x07, 0x07, 0x07, 0x07, 0x07, 0x06, 0x03, 0x02, 0x03, 0x03, 0x04, 0x04, 0x02, 0x10, 0x11, 0x13, 0x1e, 0x18, 0x18, 0x18, 0x17, 0x15, 0x15, 0x16, 0x15, 0x15, 0x15, 0x15, 0x16, 0x1e, 0x23, 0x27, 0x2c, 0x27, 0x25, 0x00, 0x00, 0x00, 0x00, 0x00, 0x00, 0x00,
  0x00, 0x00, 0x00, 0x00, 0x00, 0x00, 0x00, 0x00, 0x28, 0x29, 0x2b, 0x27, 0x16, 0x15, 0x18, 0x19, 0x19, 0x19, 0x1e, 0x11, 0x02, 0x02, 0x04, 0x0a, 0x0a, 0x0c, 0x0e, 0x05, 0x0f, 0x14, 0x18, 0x19, 0x19, 0x19, 0x18, 0x18, 0x18, 0x18, 0x13, 0x11, 0x1f, 0x27, 0x26, 0x29, 0x29, 0x2a, 0x2d, 0x28, 0x14, 0x14, 0x14, 0x12, 0x03, 0x05, 0x0b, 0x0b, 0x0b, 0x0b, 0x0c, 0x0b, 0x0b, 0x0b, 0x0b, 0x07, 0x08, 0x07, 0x07, 0x0b, 0x07, 0x07, 0x07, 0x07, 0x07, 0x07, 0x08, 0x0a, 0x04, 0x03, 0x03, 0x03, 0x04, 0x02, 0x02, 0x02, 0x0c, 0x14, 0x17, 0x17, 0x18, 0x18, 0x18, 0x18, 0x18, 0x17, 0x16, 0x15, 0x15, 0x15, 0x15, 0x15, 0x14, 0x1e, 0x2a, 0x2c, 0x2c, 0x23, 0x00, 0x00, 0x00, 0x00, 0x00, 0x00, 0x00, 0x00,
  0x00, 0x00, 0x00, 0x00, 0x00, 0x00, 0x00, 0x00, 0x27, 0x28, 0x2a, 0x29, 0x1f, 0x18, 0x18, 0x18, 0x19, 0x18, 0x18, 0x17, 0x10, 0x02, 0x04, 0x03, 0x0c, 0x0f, 0x10, 0x10, 0x0f, 0x0e, 0x11, 0x18, 0x1e, 0x19, 0x18, 0x18, 0x18, 0x16, 0x16, 0x16, 0x16, 0x13, 0x13, 0x27, 0x2b, 0x29, 0x2a, 0x2c, 0x2c, 0x2c, 0x2d, 0x23, 0x10, 0x12, 0x10, 0x0c, 0x0c, 0x0c, 0x0b, 0x0b, 0x0b, 0x0b, 0x0b, 0x05, 0x07, 0x05, 0x07, 0x0a, 0x07, 0x07, 0x0a, 0x07, 0x07, 0x07, 0x06, 0x06, 0x04, 0x03, 0x04, 0x02, 0x02, 0x02, 0x02, 0x03, 0x14, 0x14, 0x14, 0x15, 0x16, 0x18, 0x18, 0x18, 0x18, 0x18, 0x16, 0x15, 0x15, 0x15, 0x15, 0x15, 0x14, 0x1e, 0x28, 0x2a, 0x2d, 0x25, 0x00, 0x00, 0x00, 0x00, 0x00, 0x00, 0x00, 0x00,
  0x00, 0x00, 0x00, 0x00, 0x00, 0x00, 0x00, 0x00, 0x00, 0x23, 0x29, 0x2a, 0x2a, 0x21, 0x18, 0x19, 0x19, 0x18, 0x18, 0x17, 0x14, 0x10, 0x02, 0x04, 0x0c, 0x0f, 0x0f, 0x0f, 0x0f, 0x0c, 0x10, 0x11, 0x11, 0x13, 0x17, 0x15, 0x17, 0x17, 0x16, 0x16, 0x16, 0x15, 0x15, 0x1e, 0x25, 0x2c, 0x2a, 0x2a, 0x2c, 0x2a, 0x2c, 0x2a, 0x2a, 0x27, 0x03, 0x02, 0x02, 0x02, 0x0c, 0x0c, 0x0c, 0x0a, 0x0a, 0x05, 0x0b, 0x0c, 0x0c, 0x0c, 0x0c, 0x0b, 0x07, 0x08, 0x0b, 0x0b, 0x04, 0x07, 0x0a, 0x03, 0x04, 0x04, 0x03, 0x02, 0x0c, 0x14, 0x14, 0x15, 0x16, 0x15, 0x15, 0x17, 0x18, 0x18, 0x18, 0x18, 0x17, 0x16, 0x15, 0x15, 0x16, 0x13, 0x1f, 0x27, 0x29, 0x2c, 0x27, 0x26, 0x00, 0x00, 0x00, 0x00, 0x00, 0x00, 0x00, 0x00,
  0x00, 0x00, 0x00, 0x00, 0x00, 0x00, 0x00, 0x00, 0x00, 0x23, 0x28, 0x2b, 0x2a, 0x1e, 0x18, 0x19, 0x18, 0x18, 0x18, 0x18, 0x18, 0x11, 0x02, 0x0c, 0x0c, 0x0f, 0x0f, 0x0f, 0x10, 0x10, 0x10, 0x0f, 0x0c, 0x06, 0x11, 0x17, 0x12, 0x10, 0x14, 0x16, 0x15, 0x16, 0x17, 0x11, 0x25, 0x2d, 0x2c, 0x2d, 0x2d, 0x2d, 0x2d, 0x2c, 0x2c, 0x2a, 0x25, 0x25, 0x26, 0x22, 0x01, 0x01, 0x01, 0x02, 0x0c, 0x10, 0x10, 0x10, 0x0f, 0x0c, 0x0c, 0x0c, 0x0b, 0x0b, 0x0b, 0x0a, 0x0a, 0x0b, 0x0b, 0x02, 0x02, 0x02, 0x12, 0x14, 0x14, 0x14, 0x15, 0x15, 0x16, 0x15, 0x15, 0x15, 0x18, 0x18, 0x18, 0x18, 0x18, 0x18, 0x17, 0x16, 0x17, 0x13, 0x1e, 0x2a, 0x29, 0x2a, 0x23, 0x00, 0x00, 0x00, 0x00, 0x00, 0x00, 0x00, 0x00, 0x00,
  0x00, 0x00, 0x00, 0x00, 0x00, 0x00, 0x00, 0x00, 0x00, 0x23, 0x28, 0x2b, 0x2a, 0x27, 0x21, 0x15, 0x18, 0x17, 0x17, 0x18, 0x18, 0x14, 0x0e, 0x0e, 0x0f, 0x0c, 0x0f, 0x0f, 0x0f, 0x0f, 0x0f, 0x0c, 0x0b, 0x02, 0x0c, 0x17, 0x14, 0x0a, 0x0d, 0x14, 0x17, 0x16, 0x18, 0x15, 0x23, 0x2d, 0x26, 0x1f, 0x23, 0x23, 0x25, 0x2c, 0x2d, 0x2d, 0x2b, 0x2a, 0x2b, 0x26, 0x1f, 0x23, 0x23, 0x0a, 0x01, 0x02, 0x02, 0x02, 0x0b, 0x10, 0x0c, 0x0c, 0x0c, 0x0c, 0x0a, 0x0a, 0x02, 0x02, 0x02, 0x0c, 0x12, 0x11, 0x14, 0x17, 0x16, 0x15, 0x16, 0x16, 0x16, 0x16, 0x15, 0x16, 0x17, 0x18, 0x18, 0x19, 0x18, 0x13, 0x13, 0x13, 0x11, 0x1e, 0x23, 0x29, 0x29, 0x27, 0x25, 0x00, 0x00, 0x00, 0x00, 0x00, 0x00, 0x00, 0x00, 0x00,
  0x00, 0x00, 0x00, 0x00, 0x00, 0x00, 0x00, 0x00, 0x00, 0x00, 0x25, 0x29, 0x2a, 0x2d, 0x23, 0x13, 0x17, 0x17, 0x17, 0x17, 0x17, 0x18, 0x14, 0x0f, 0x0e, 0x0e, 0x0e, 0x0f, 0x0f, 0x0c, 0x08, 0x0b, 0x03, 0x0c, 0x14, 0x17, 0x17, 0x12, 0x0d, 0x0d, 0x14, 0x18, 0x19, 0x15, 0x21, 0x2c, 0x27, 0x23, 0x03, 0x02, 0x12, 0x23, 0x25, 0x25, 0x2a, 0x2b, 0x2a, 0x2b, 0x2d, 0x2b, 0x2d, 0x23, 0x1f, 0x23, 0x21, 0x1f, 0x0f, 0x02, 0x02, 0x02, 0x02, 0x02, 0x02, 0x01, 0x0a, 0x12, 0x11, 0x13, 0x17, 0x14, 0x14, 0x15, 0x15, 0x17, 0x17, 0x17, 0x16, 0x15, 0x14, 0x13, 0x13, 0x15, 0x15, 0x15, 0x1e, 0x23, 0x23, 0x23, 0x21, 0x25, 0x2b, 0x29, 0x28, 0x25, 0x00, 0x00, 0x00, 0x00, 0x00, 0x00, 0x00, 0x00, 0x00, 0x00,
  0x00, 0x00, 0x00, 0x00, 0x00, 0x00, 0x00, 0x00, 0x00, 0x00, 0x00, 0x28, 0x2c, 0x2c, 0x25, 0x1e, 0x15, 0x16, 0x17, 0x18, 0x16, 0x17, 0x19, 0x13, 0x11, 0x0f, 0x0c, 0x0f, 0x0f, 0x0c, 0x0a, 0x04, 0x02, 0x12, 0x16, 0x17, 0x18, 0x14, 0x0d, 0x0d, 0x0d, 0x1e, 0x1e, 0x18, 0x21, 0x2a, 0x2d, 0x2c, 0x12, 0x10, 0x0f, 0x03, 0x01, 0x0a, 0x25, 0x25, 0x25, 0x26, 0x27, 0x29, 0x29, 0x2b, 0x2d, 0x2d, 0x2d, 0x2c, 0x1f, 0x14, 0x17, 0x17, 0x14, 0x14, 0x14, 0x14, 0x14, 0x15, 0x17, 0x18, 0x15, 0x14, 0x14, 0x14, 0x15, 0x17, 0x18, 0x18, 0x15, 0x13, 0x17, 0x1f, 0x1f, 0x1f, 0x21, 0x1f, 0x23, 0x2d, 0x2c, 0x2b, 0x2b, 0x2a, 0x29, 0x29, 0x28, 0x00, 0x00, 0x00, 0x00, 0x00, 0x00, 0x00, 0x00, 0x00, 0x00, 0x00,
  0x00, 0x00, 0x00, 0x00, 0x00, 0x00, 0x00, 0x00, 0x00, 0x00, 0x00, 0x26, 0x2c, 0x2a, 0x2d, 0x25, 0x11, 0x17, 0x16, 0x17, 0x17, 0x18, 0x18, 0x1e, 0x13, 0x0e, 0x0f, 0x0e, 0x0f, 0x04, 0x02, 0x04, 0x10, 0x14, 0x16, 0x18, 0x1e, 0x14, 0x0d, 0x0d, 0x0d, 0x0d, 0x1e, 0x15, 0x23, 0x2c, 0x2a, 0x27, 0x11, 0x0c, 0x0c, 0x0c, 0x07, 0x02, 0x01, 0x01, 0x02, 0x01, 0x1f, 0x2a, 0x28, 0x29, 0x2a, 0x2a, 0x2a, 0x2a, 0x2c, 0x2c, 0x2c, 0x2a, 0x2a, 0x29, 0x28, 0x2c, 0x23, 0x13, 0x1e, 0x19, 0x1e, 0x17, 0x15, 0x16, 0x17, 0x1e, 0x1e, 0x1e, 0x17, 0x13, 0x23, 0x2b, 0x29, 0x2a, 0x2a, 0x2c, 0x2c, 0x2a, 0x2a, 0x29, 0x29, 0x29, 0x29, 0x29, 0x25, 0x00, 0x00, 0x00, 0x00, 0x00, 0x00, 0x00, 0x00, 0x00, 0x00, 0x00,
  0x00, 0x00, 0x00, 0x00, 0x00, 0x00, 0x00, 0x00, 0x00, 0x00, 0x00, 0x00, 0x27, 0x2a, 0x2b, 0x23, 0x13, 0x14, 0x15, 0x16, 0x17, 0x18, 0x18, 0x19, 0x19, 0x11, 0x0e, 0x0c, 0x04, 0x02, 0x02, 0x13, 0x14, 0x15, 0x16, 0x18, 0x1e, 0x0d, 0x0d, 0x0d, 0x0d, 0x0d, 0x1e, 0x15, 0x25, 0x2c, 0x2a, 0x27, 0x10, 0x05, 0x0c, 0x03, 0x02, 0x02, 0x04, 0x02, 0x04, 0x06, 0x10, 0x12, 0x10, 0x25, 0x2d, 0x2c, 0x2c, 0x2c, 0x2d, 0x2c, 0x2a, 0x29, 0x29, 0x29, 0x29, 0x29, 0x27, 0x27, 0x27, 0x27, 0x28, 0x27, 0x27, 0x27, 0x27, 0x27, 0x28, 0x27, 0x27, 0x27, 0x27, 0x29, 0x29, 0x29, 0x29, 0x2a, 0x2c, 0x2c, 0x2c, 0x2a, 0x2a, 0x29, 0x29, 0x26, 0x00, 0x00, 0x00, 0x00, 0x00, 0x00, 0x00, 0x00, 0x00, 0x00, 0x00, 0x00,
  0x00, 0x00, 0x00, 0x00, 0x00, 0x00, 0x00, 0x00, 0x00, 0x00, 0x00, 0x00, 0x1f, 0x26, 0x2a, 0x29, 0x25, 0x14, 0x15, 0x17, 0x18, 0x18, 0x18, 0x18, 0x19, 0x18, 0x11, 0x03, 0x02, 0x03, 0x14, 0x15, 0x17, 0x16, 0x17, 0x18, 0x18, 0x0d, 0x0d, 0x0d, 0x0d, 0x0d, 0x1e, 0x13, 0x23, 0x2b, 0x2a, 0x27, 0x0c, 0x03, 0x0b, 0x03, 0x02, 0x04, 0x07, 0x0b, 0x07, 0x0b, 0x03, 0x02, 0x02, 0x14, 0x1f, 0x1e, 0x1e, 0x1e, 0x1e, 0x27, 0x2d, 0x2c, 0x2c, 0x2c, 0x2c, 0x2c, 0x2d, 0x2d, 0x2a, 0x2a, 0x2a, 0x2a, 0x2a, 0x2a, 0x2a, 0x2c, 0x2a, 0x2a, 0x29, 0x29, 0x29, 0x2b, 0x2b, 0x2b, 0x2b, 0x2d, 0x25, 0x1f, 0x1f, 0x27, 0x2a, 0x2b, 0x25, 0x14, 0x00, 0x00, 0x00, 0x00, 0x00, 0x00, 0x00, 0x00, 0x00, 0x00, 0x00, 0x00,
  0x00, 0x00, 0x00, 0x00, 0x00, 0x00, 0x00, 0x00, 0x00, 0x00, 0x00, 0x00, 0x00, 0x25, 0x2b, 0x2b, 0x26, 0x13, 0x17, 0x18, 0x18, 0x18, 0x18, 0x18, 0x18, 0x19, 0x15, 0x13, 0x12, 0x13, 0x15, 0x16, 0x17, 0x18, 0x18, 0x16, 0x1e, 0x0d, 0x0d, 0x0d, 0x0d, 0x0d, 0x1e, 0x13, 0x25, 0x2b, 0x29, 0x26, 0x0a, 0x03, 0x07, 0x06, 0x04, 0x07, 0x09, 0x0b, 0x06, 0x0b, 0x0b, 0x0c, 0x0f, 0x03, 0x02, 0x02, 0x02, 0x02, 0x02, 0x1f, 0x1f, 0x1f, 0x1f, 0x1f, 0x1f, 0x1f, 0x1f, 0x25, 0x2d, 0x2d, 0x2d, 0x2d, 0x2d, 0x2d, 0x2d, 0x2d, 0x2d, 0x2b, 0x2b, 0x2b, 0x27, 0x21, 0x21, 0x21, 0x21, 0x23, 0x1f, 0x15, 0x1e, 0x27, 0x2c, 0x2c, 0x25, 0x00, 0x00, 0x00, 0x00, 0x00, 0x00, 0x00, 0x00, 0x00, 0x00, 0x00, 0x00, 0x00,
  0x00, 0x00, 0x00, 0x00, 0x00, 0x00, 0x00, 0x00, 0x00, 0x00, 0x00, 0x00, 0x00, 0x25, 0x27, 0x29, 0x29, 0x25, 0x15, 0x18, 0x18, 0x18, 0x18, 0x18, 0x18, 0x18, 0x17, 0x16, 0x16, 0x16, 0x16, 0x18, 0x18, 0x18, 0x18, 0x17, 0x14, 0x0d, 0x0d, 0x0d, 0x0d, 0x0d, 0x1e, 0x11, 0x23, 0x2b, 0x2a, 0x27, 0x0c, 0x03, 0x07, 0x06, 0x06, 0x09, 0x07, 0x07, 0x07, 0x0a, 0x0a, 0x0b, 0x07, 0x0c, 0x0c, 0x0c, 0x0c, 0x0c, 0x0c, 0x01, 0x01, 0x01, 0x01, 0x01, 0x01, 0x02, 0x01, 0x1e, 0x25, 0x23, 0x23, 0x23, 0x23, 0x23, 0x23, 0x23, 0x23, 0x23, 0x23, 0x25, 0x23, 0x13, 0x13, 0x13, 0x13, 0x13, 0x15, 0x1e, 0x28, 0x2a, 0x2c, 0x28, 0x00, 0x00, 0x00, 0x00, 0x00, 0x00, 0x00, 0x00, 0x00, 0x00, 0x00, 0x00, 0x00, 0x00,
  0x00, 0x00, 0x00, 0x00, 0x00, 0x00, 0x00, 0x00, 0x00, 0x00, 0x00, 0x00, 0x00, 0x00, 0x25, 0x28, 0x2a, 0x2a, 0x23, 0x1e, 0x19, 0x18, 0x18, 0x18, 0x18, 0x17, 0x16, 0x16, 0x16, 0x16, 0x16, 0x18, 0x19, 0x19, 0x18, 0x14, 0x0d, 0x0d, 0x0d, 0x0d, 0x0d, 0x14, 0x1e, 0x21, 0x25, 0x2b, 0x27, 0x25, 0x0b, 0x03, 0x07, 0x04, 0x07, 0x05, 0x07, 0x07, 0x07, 0x04, 0x0a, 0x07, 0x07, 0x0b, 0x07, 0x0b, 0x0b, 0x0b, 0x08, 0x0a, 0x0a, 0x0a, 0x0a, 0x0a, 0x0c, 0x10, 0x11, 0x0e, 0x02, 0x02, 0x02, 0x03, 0x03, 0x02, 0x03, 0x05, 0x02, 0x11, 0x13, 0x13, 0x15, 0x19, 0x18, 0x18, 0x17, 0x15, 0x18, 0x23, 0x2a, 0x2c, 0x28, 0x25, 0x00, 0x00, 0x00, 0x00, 0x00, 0x00, 0x00, 0x00, 0x00, 0x00, 0x00, 0x00, 0x00, 0x00,
  0x00, 0x00, 0x00, 0x00, 0x00, 0x00, 0x00, 0x00, 0x00, 0x00, 0x00, 0x00, 0x00, 0x00, 0x00, 0x25, 0x2a, 0x2a, 0x2c, 0x21, 0x19, 0x18, 0x18, 0x18, 0x16, 0x16, 0x15, 0x16, 0x17, 0x16, 0x16, 0x17, 0x17, 0x1e, 0x14, 0x0d, 0x0d, 0x0d, 0x0d, 0x0d, 0x14, 0x1f, 0x1e, 0x29, 0x2c, 0x2c, 0x25, 0x01, 0x0b, 0x06, 0x04, 0x04, 0x07, 0x07, 0x0b, 0x07, 0x07, 0x07, 0x07, 0x04, 0x07, 0x09, 0x07, 0x07, 0x07, 0x0b, 0x07, 0x04, 0x02, 0x02, 0x04, 0x07, 0x0c, 0x0f, 0x0f, 0x10, 0x11, 0x11, 0x11, 0x11, 0x11, 0x11, 0x14, 0x1e, 0x17, 0x14, 0x15, 0x17, 0x18, 0x18, 0x18, 0x17, 0x17, 0x13, 0x1f, 0x2c, 0x2a, 0x2a, 0x25, 0x00, 0x00, 0x00, 0x00, 0x00, 0x00, 0x00, 0x00, 0x00, 0x00, 0x00, 0x00, 0x00, 0x00, 0x00,
  0x00, 0x00, 0x00, 0x00, 0x00, 0x00, 0x00, 0x00, 0x00, 0x00, 0x00, 0x00, 0x00, 0x00, 0x00, 0x23, 0x28, 0x2c, 0x2a, 0x2a, 0x21, 0x15, 0x18, 0x16, 0x16, 0x16, 0x16, 0x16, 0x16, 0x16, 0x17, 0x14, 0x0d, 0x0d, 0x0d, 0x0d, 0x0d, 0x0d, 0x0d, 0x0d, 0x1e, 0x15, 0x25, 0x2c, 0x2a, 0x2d, 0x25, 0x02, 0x0c, 0x06, 0x07, 0x08, 0x04, 0x0a, 0x07, 0x07, 0x0a, 0x07, 0x07, 0x07, 0x04, 0x07, 0x07, 0x07, 0x0a, 0x07, 0x07, 0x07, 0x04, 0x04, 0x05, 0x0b, 0x0f, 0x0f, 0x0f, 0x0c, 0x10, 0x10, 0x0f, 0x0e, 0x13, 0x18, 0x16, 0x15, 0x14, 0x14, 0x16, 0x16, 0x18, 0x18, 0x18, 0x1e, 0x13, 0x21, 0x27, 0x29, 0x29, 0x28, 0x25, 0x00, 0x00, 0x00, 0x00, 0x00, 0x00, 0x00, 0x00, 0x00, 0x00, 0x00, 0x00, 0x00, 0x00, 0x00,
  0x00, 0x00, 0x00, 0x00, 0x00, 0x00, 0x00, 0x00, 0x00, 0x00, 0x00, 0x00, 0x00, 0x00, 0x00, 0x00, 0x23, 0x28, 0x2c, 0x2c, 0x2a, 0x23, 0x13, 0x18, 0x15, 0x16, 0x17, 0x16, 0x17, 0x18, 0x17, 0x12, 0x0d, 0x0d, 0x0d, 0x0d, 0x0d, 0x0d, 0x14, 0x14, 0x11, 0x23, 0x2a, 0x2a, 0x2d, 0x26, 0x12, 0x0b, 0x09, 0x06, 0x07, 0x07, 0x06, 0x0b, 0x07, 0x08, 0x07, 0x07, 0x08, 0x08, 0x0b, 0x09, 0x05, 0x07, 0x0a, 0x04, 0x04, 0x04, 0x04, 0x03, 0x06, 0x0b, 0x0f, 0x0f, 0x10, 0x0f, 0x0e, 0x0f, 0x14, 0x15, 0x18, 0x18, 0x16, 0x15, 0x15, 0x16, 0x16, 0x16, 0x18, 0x18, 0x1e, 0x15, 0x21, 0x26, 0x29, 0x29, 0x27, 0x23, 0x00, 0x00, 0x00, 0x00, 0x00, 0x00, 0x00, 0x00, 0x00, 0x00, 0x00, 0x00, 0x00, 0x00, 0x00, 0x00,
  0x00, 0x00, 0x00, 0x00, 0x00, 0x00, 0x00, 0x00, 0x00, 0x00, 0x00, 0x00, 0x00, 0x00, 0x00, 0x00, 0x00, 0x23, 0x2c, 0x2c, 0x2c, 0x27, 0x1f, 0x13, 0x17, 0x16, 0x17, 0x18, 0x17, 0x13, 0x14, 0x12, 0x0a, 0x0d, 0x0d, 0x0d, 0x0d, 0x10, 0x12, 0x1f, 0x23, 0x26, 0x2a, 0x2d, 0x26, 0x1e, 0x03, 0x10, 0x05, 0x07, 0x07, 0x09, 0x07, 0x07, 0x0b, 0x0b, 0x07, 0x0c, 0x0e, 0x0e, 0x0e, 0x09, 0x09, 0x07, 0x04, 0x04, 0x04, 0x03, 0x02, 0x04, 0x07, 0x0c, 0x10, 0x0f, 0x05, 0x12, 0x14, 0x15, 0x19, 0x1e, 0x18, 0x16, 0x15, 0x15, 0x15, 0x15, 0x15, 0x15, 0x18, 0x1e, 0x15, 0x21, 0x27, 0x2b, 0x29, 0x27, 0x23, 0x00, 0x00, 0x00, 0x00, 0x00, 0x00, 0x00, 0x00, 0x00, 0x00, 0x00, 0x00, 0x00, 0x00, 0x00, 0x00, 0x00,
  0x00, 0x00, 0x00, 0x00, 0x00, 0x00, 0x00, 0x00, 0x00, 0x00, 0x00, 0x00, 0x00, 0x00, 0x00, 0x00, 0x00, 0x00, 0x23, 0x28, 0x2c, 0x2c, 0x26, 0x21, 0x13, 0x17, 0x17, 0x16, 0x1e, 0x23, 0x23, 0x23, 0x23, 0x23, 0x23, 0x23, 0x23, 0x23, 0x23, 0x26, 0x2d, 0x2a, 0x2c, 0x27, 0x1e, 0x02, 0x10, 0x0e, 0x0c, 0x0b, 0x09, 0x09, 0x08, 0x07, 0x0b, 0x09, 0x05, 0x0c, 0x0e, 0x08, 0x05, 0x05, 0x07, 0x0b, 0x04, 0x02, 0x02, 0x02, 0x02, 0x02, 0x02, 0x03, 0x06, 0x13, 0x13, 0x15, 0x1e, 0x19, 0x18, 0x18, 0x18, 0x15, 0x15, 0x15, 0x15, 0x15, 0x15, 0x15, 0x17, 0x16, 0x21, 0x26, 0x2c, 0x2a, 0x28, 0x25, 0x00, 0x00, 0x00, 0x00, 0x00, 0x00, 0x00, 0x00, 0x00, 0x00, 0x00, 0x00, 0x00, 0x00, 0x00, 0x00, 0x00, 0x00,
  0x00, 0x00, 0x00, 0x00, 0x00, 0x00, 0x00, 0x00, 0x00, 0x00, 0x00, 0x00, 0x00, 0x00, 0x00, 0x00, 0x00, 0x00, 0x00, 0x25, 0x2a, 0x29, 0x2b, 0x27, 0x1f, 0x16, 0x17, 0x15, 0x21, 0x2d, 0x2c, 0x2b, 0x2b, 0x2b, 0x2c, 0x2c, 0x2d, 0x2d, 0x2d, 0x2c, 0x2a, 0x2a, 0x26, 0x14, 0x02, 0x11, 0x0c, 0x0b, 0x0e, 0x0e, 0x08, 0x07, 0x08, 0x0b, 0x0b, 0x07, 0x07, 0x09, 0x0e, 0x0e, 0x0e, 0x05, 0x09, 0x04, 0x02, 0x02, 0x02, 0x02, 0x04, 0x0c, 0x10, 0x10, 0x10, 0x17, 0x1e, 0x18, 0x16, 0x18, 0x17, 0x17, 0x18, 0x16, 0x15, 0x16, 0x16, 0x16, 0x16, 0x15, 0x14, 0x21, 0x29, 0x2c, 0x2a, 0x28, 0x26, 0x00, 0x00, 0x00, 0x00, 0x00, 0x00, 0x00, 0x00, 0x00, 0x00, 0x00, 0x00, 0x00, 0x00, 0x00, 0x00, 0x00, 0x00, 0x00,
  0x00, 0x00, 0x00, 0x00, 0x00, 0x00, 0x00, 0x00, 0x00, 0x00, 0x00, 0x00, 0x00, 0x00, 0x00, 0x00, 0x00, 0x00, 0x00, 0x00, 0x25, 0x28, 0x29, 0x29, 0x29, 0x1f, 0x19, 0x15, 0x21, 0x29, 0x29, 0x29, 0x29, 0x29, 0x29, 0x2a, 0x2a, 0x28, 0x27, 0x27, 0x27, 0x25, 0x02, 0x02, 0x0b, 0x0f, 0x10, 0x0c, 0x0c, 0x0e, 0x09, 0x0b, 0x0c, 0x0c, 0x0c, 0x0b, 0x08, 0x0f, 0x0f, 0x0c, 0x0e, 0x0e, 0x07, 0x04, 0x03, 0x03, 0x02, 0x02, 0x12, 0x16, 0x14, 0x15, 0x16, 0x18, 0x18, 0x16, 0x17, 0x18, 0x17, 0x17, 0x17, 0x16, 0x16, 0x16, 0x16, 0x17, 0x16, 0x18, 0x1f, 0x29, 0x2a, 0x2c, 0x28, 0x23, 0x00, 0x00, 0x00, 0x00, 0x00, 0x00, 0x00, 0x00, 0x00, 0x00, 0x00, 0x00, 0x00, 0x00, 0x00, 0x00, 0x00, 0x00, 0x00, 0x00,
  0x00, 0x00, 0x00, 0x00, 0x00, 0x00, 0x00, 0x00, 0x00, 0x00, 0x00, 0x00, 0x00, 0x00, 0x00, 0x00, 0x00, 0x00, 0x00, 0x00, 0x00, 0x23, 0x27, 0x29, 0x29, 0x2b, 0x23, 0x18, 0x19, 0x1f, 0x28, 0x29, 0x29, 0x29, 0x2a, 0x2a, 0x2c, 0x21, 0x16, 0x1e, 0x14, 0x02, 0x02, 0x02, 0x02, 0x06, 0x06, 0x08, 0x05, 0x05, 0x05, 0x05, 0x05, 0x05, 0x0e, 0x0e, 0x05, 0x0e, 0x0e, 0x0e, 0x0c, 0x03, 0x02, 0x12, 0x14, 0x14, 0x14, 0x14, 0x14, 0x15, 0x15, 0x15, 0x16, 0x17, 0x18, 0x17, 0x18, 0x18, 0x18, 0x17, 0x17, 0x16, 0x16, 0x17, 0x17, 0x18, 0x13, 0x21, 0x2b, 0x29, 0x2a, 0x28, 0x22, 0x00, 0x00, 0x00, 0x00, 0x00, 0x00, 0x00, 0x00, 0x00, 0x00, 0x00, 0x00, 0x00, 0x00, 0x00, 0x00, 0x00, 0x00, 0x00, 0x00, 0x00,
  0x00, 0x00, 0x00, 0x00, 0x00, 0x00, 0x00, 0x00, 0x00, 0x00, 0x00, 0x00, 0x00, 0x00, 0x00, 0x00, 0x00, 0x00, 0x00, 0x00, 0x00, 0x00, 0x22, 0x27, 0x29, 0x2a, 0x2c, 0x23, 0x11, 0x13, 0x1e, 0x1e, 0x1e, 0x1f, 0x1f, 0x1f, 0x1f, 0x1e, 0x18, 0x18, 0x17, 0x14, 0x14, 0x14, 0x14, 0x12, 0x12, 0x12, 0x12, 0x12, 0x12, 0x12, 0x12, 0x12, 0x12, 0x13, 0x13, 0x13, 0x13, 0x13, 0x12, 0x12, 0x13, 0x14, 0x15, 0x16, 0x16, 0x15, 0x15, 0x15, 0x15, 0x15, 0x15, 0x17, 0x18, 0x18, 0x17, 0x18, 0x18, 0x16, 0x16, 0x16, 0x16, 0x17, 0x18, 0x13, 0x23, 0x27, 0x29, 0x29, 0x28, 0x23, 0x00, 0x00, 0x00, 0x00, 0x00, 0x00, 0x00, 0x00, 0x00, 0x00, 0x00, 0x00, 0x00, 0x00, 0x00, 0x00, 0x00, 0x00, 0x00, 0x00, 0x00, 0x00,
  0x00, 0x00, 0x00, 0x00, 0x00, 0x00, 0x00, 0x00, 0x00, 0x00, 0x00, 0x00, 0x00, 0x00, 0x00, 0x00, 0x00, 0x00, 0x00, 0x00, 0x00, 0x00, 0x00, 0x1f, 0x26, 0x2c, 0x2c, 0x28, 0x25, 0x23, 0x11, 0x13, 0x15, 0x14, 0x15, 0x15, 0x15, 0x16, 0x17, 0x17, 0x17, 0x17, 0x15, 0x16, 0x15, 0x17, 0x18, 0x1e, 0x1e, 0x19, 0x18, 0x18, 0x18, 0x18, 0x18, 0x18, 0x19, 0x18, 0x17, 0x18, 0x18, 0x18, 0x18, 0x16, 0x16, 0x16, 0x15, 0x15, 0x15, 0x16, 0x15, 0x16, 0x16, 0x16, 0x16, 0x16, 0x17, 0x17, 0x17, 0x17, 0x17, 0x17, 0x18, 0x16, 0x13, 0x23, 0x27, 0x29, 0x29, 0x27, 0x22, 0x00, 0x00, 0x00, 0x00, 0x00, 0x00, 0x00, 0x00, 0x00, 0x00, 0x00, 0x00, 0x00, 0x00, 0x00, 0x00, 0x00, 0x00, 0x00, 0x00, 0x00, 0x00, 0x00,
  0x00, 0x00, 0x00, 0x00, 0x00, 0x00, 0x00, 0x00, 0x00, 0x00, 0x00, 0x00, 0x00, 0x00, 0x00, 0x00, 0x00, 0x00, 0x00, 0x00, 0x00, 0x00, 0x00, 0x00, 0x00, 0x2c, 0x2d, 0x2c, 0x2d, 0x29, 0x23, 0x16, 0x15, 0x18, 0x18, 0x17, 0x17, 0x17, 0x17, 0x17, 0x17, 0x17, 0x16, 0x15, 0x15, 0x16, 0x18, 0x18, 0x18, 0x18, 0x17, 0x17, 0x16, 0x16, 0x16, 0x18, 0x18, 0x16, 0x15, 0x16, 0x16, 0x16, 0x16, 0x17, 0x17, 0x17, 0x16, 0x16, 0x17, 0x16, 0x15, 0x15, 0x15, 0x15, 0x16, 0x16, 0x16, 0x16, 0x16, 0x18, 0x18, 0x15, 0x13, 0x1f, 0x25, 0x29, 0x29, 0x29, 0x2a, 0x00, 0x00, 0x00, 0x00, 0x00, 0x00, 0x00, 0x00, 0x00, 0x00, 0x00, 0x00, 0x00, 0x00, 0x00, 0x00, 0x00, 0x00, 0x00, 0x00, 0x00, 0x00, 0x00, 0x00, 0x00,
  0x00, 0x00, 0x00, 0x00, 0x00, 0x00, 0x00, 0x00, 0x00, 0x00, 0x00, 0x00, 0x00, 0x00, 0x00, 0x00, 0x00, 0x00, 0x00, 0x00, 0x00, 0x00, 0x00, 0x00, 0x00, 0x23, 0x26, 0x2d, 0x2a, 0x2a, 0x2d, 0x25, 0x1e, 0x13, 0x15, 0x17, 0x17, 0x17, 0x16, 0x16, 0x17, 0x17, 0x16, 0x16, 0x15, 0x16, 0x18, 0x17, 0x17, 0x18, 0x18, 0x18, 0x17, 0x16, 0x18, 0x18, 0x18, 0x16, 0x16, 0x16, 0x16, 0x18, 0x18, 0x17, 0x16, 0x16, 0x17, 0x17, 0x18, 0x17, 0x16, 0x15, 0x15, 0x16, 0x17, 0x16, 0x16, 0x17, 0x17, 0x15, 0x13, 0x1e, 0x23, 0x26, 0x2c, 0x29, 0x2a, 0x25, 0x23, 0x00, 0x00, 0x00, 0x00, 0x00, 0x00, 0x00, 0x00, 0x00, 0x00, 0x00, 0x00, 0x00, 0x00, 0x00, 0x00, 0x00, 0x00, 0x00, 0x00, 0x00, 0x00, 0x00, 0x00, 0x00,
  0x00, 0x00, 0x00, 0x00, 0x00, 0x00, 0x00, 0x00, 0x00, 0x00, 0x00, 0x00, 0x00, 0x00, 0x00, 0x00, 0x00, 0x00, 0x00, 0x00, 0x00, 0x00, 0x00, 0x00, 0x00, 0x00, 0x22, 0x27, 0x2c, 0x2c, 0x2a, 0x2d, 0x25, 0x21, 0x21, 0x15, 0x14, 0x15, 0x16, 0x16, 0x17, 0x18, 0x18, 0x17, 0x17, 0x16, 0x16, 0x16, 0x17, 0x18, 0x18, 0x18, 0x17, 0x18, 0x16, 0x18, 0x18, 0x16, 0x16, 0x16, 0x16, 0x18, 0x16, 0x16, 0x17, 0x18, 0x17, 0x17, 0x18, 0x18, 0x18, 0x16, 0x16, 0x17, 0x17, 0x17, 0x15, 0x15, 0x15, 0x1f, 0x1f, 0x25, 0x2d, 0x2a, 0x2a, 0x29, 0x26, 0x22, 0x00, 0x00, 0x00, 0x00, 0x00, 0x00, 0x00, 0x00, 0x00, 0x00, 0x00, 0x00, 0x00, 0x00, 0x00, 0x00, 0x00, 0x00, 0x00, 0x00, 0x00, 0x00, 0x00, 0x00, 0x00, 0x00,
  0x00, 0x00, 0x00, 0x00, 0x00, 0x00, 0x00, 0x00, 0x00, 0x00, 0x00, 0x00, 0x00, 0x00, 0x00, 0x00, 0x00, 0x00, 0x00, 0x00, 0x00, 0x00, 0x00, 0x00, 0x00, 0x00, 0x00, 0x00, 0x26, 0x28, 0x2c, 0x2a, 0x2c, 0x2d, 0x27, 0x1e, 0x1f, 0x17, 0x14, 0x15, 0x15, 0x18, 0x18, 0x18, 0x17, 0x16, 0x15, 0x17, 0x18, 0x18, 0x18, 0x18, 0x18, 0x18, 0x18, 0x18, 0x18, 0x18, 0x18, 0x18, 0x18, 0x18, 0x18, 0x17, 0x17, 0x18, 0x18, 0x16, 0x17, 0x18, 0x17, 0x17, 0x16, 0x15, 0x15, 0x15, 0x19, 0x1e, 0x1e, 0x27, 0x2d, 0x2c, 0x2c, 0x2c, 0x28, 0x27, 0x00, 0x00, 0x00, 0x00, 0x00, 0x00, 0x00, 0x00, 0x00, 0x00, 0x00, 0x00, 0x00, 0x00, 0x00, 0x00, 0x00, 0x00, 0x00, 0x00, 0x00, 0x00, 0x00, 0x00, 0x00, 0x00, 0x00, 0x00,
  0x00, 0x00, 0x00, 0x00, 0x00, 0x00, 0x00, 0x00, 0x00, 0x00, 0x00, 0x00, 0x00, 0x00, 0x00, 0x00, 0x00, 0x00, 0x00, 0x00, 0x00, 0x00, 0x00, 0x00, 0x00, 0x00, 0x00, 0x00, 0x00, 0x00, 0x27, 0x28, 0x28, 0x2a, 0x29, 0x29, 0x2b, 0x23, 0x13, 0x17, 0x18, 0x1e, 0x1e, 0x19, 0x19, 0x18, 0x17, 0x17, 0x19, 0x18, 0x18, 0x18, 0x17, 0x17, 0x18, 0x18, 0x18, 0x18, 0x18, 0x18, 0x18, 0x18, 0x18, 0x17, 0x18, 0x19, 0x18, 0x18, 0x17, 0x19, 0x18, 0x18, 0x18, 0x18, 0x17, 0x13, 0x21, 0x2a, 0x29, 0x29, 0x2a, 0x28, 0x27, 0x25, 0x00, 0x00, 0x00, 0x00, 0x00, 0x00, 0x00, 0x00, 0x00, 0x00, 0x00, 0x00, 0x00, 0x00, 0x00, 0x00, 0x00, 0x00, 0x00, 0x00, 0x00, 0x00, 0x00, 0x00, 0x00, 0x00, 0x00, 0x00, 0x00, 0x00,
  0x00, 0x00, 0x00, 0x00, 0x00, 0x00, 0x00, 0x00, 0x00, 0x00, 0x00, 0x00, 0x00, 0x00, 0x00, 0x00, 0x00, 0x00, 0x00, 0x00, 0x00, 0x00, 0x00, 0x00, 0x00, 0x00, 0x00, 0x00, 0x00, 0x00, 0x00, 0x00, 0x26, 0x28, 0x28, 0x29, 0x29, 0x29, 0x27, 0x27, 0x29, 0x25, 0x13, 0x15, 0x15, 0x15, 0x13, 0x13, 0x15, 0x19, 0x19, 0x18, 0x18, 0x18, 0x18, 0x18, 0x18, 0x18, 0x18, 0x18, 0x18, 0x18, 0x18, 0x19, 0x19, 0x15, 0x15, 0x13, 0x13, 0x13, 0x15, 0x13, 0x15, 0x26, 0x27, 0x26, 0x27, 0x29, 0x29, 0x27, 0x27, 0x25, 0x00, 0x00, 0x00, 0x00, 0x00, 0x00, 0x00, 0x00, 0x00, 0x00, 0x00, 0x00, 0x00, 0x00, 0x00, 0x00, 0x00, 0x00, 0x00, 0x00, 0x00, 0x00, 0x00, 0x00, 0x00, 0x00, 0x00, 0x00, 0x00, 0x00, 0x00, 0x00,
  0x00, 0x00, 0x00, 0x00, 0x00, 0x00, 0x00, 0x00, 0x00, 0x00, 0x00, 0x00, 0x00, 0x00, 0x00, 0x00, 0x00, 0x00, 0x00, 0x00, 0x00, 0x00, 0x00, 0x00, 0x00, 0x00, 0x00, 0x00, 0x00, 0x00, 0x00, 0x00, 0x00, 0x00, 0x00, 0x27, 0x28, 0x29, 0x2a, 0x2a, 0x2c, 0x27, 0x25, 0x25, 0x25, 0x25, 0x25, 0x25, 0x25, 0x1e, 0x15, 0x15, 0x15, 0x13, 0x13, 0x13, 0x13, 0x13, 0x13, 0x13, 0x13, 0x15, 0x15, 0x13, 0x1e, 0x25, 0x25, 0x25, 0x25, 0x25, 0x25, 0x25, 0x25, 0x29, 0x2a, 0x29, 0x29, 0x27, 0x27, 0x23, 0x00, 0x00, 0x00, 0x00, 0x00, 0x00, 0x00, 0x00, 0x00, 0x00, 0x00, 0x00, 0x00, 0x00, 0x00, 0x00, 0x00, 0x00, 0x00, 0x00, 0x00, 0x00, 0x00, 0x00, 0x00, 0x00, 0x00, 0x00, 0x00, 0x00, 0x00, 0x00, 0x00, 0x00,
  0x00, 0x00, 0x00, 0x00, 0x00, 0x00, 0x00, 0x00, 0x00, 0x00, 0x00, 0x00, 0x00, 0x00, 0x00, 0x00, 0x00, 0x00, 0x00, 0x00, 0x00, 0x00, 0x00, 0x00, 0x00, 0x00, 0x00, 0x00, 0x00, 0x00, 0x00, 0x00, 0x00, 0x00, 0x00, 0x1f, 0x00, 0x23, 0x28, 0x2c, 0x2a, 0x2c, 0x2d, 0x2c, 0x2c, 0x2c, 0x2c, 0x2c, 0x2c, 0x23, 0x21, 0x21, 0x21, 0x21, 0x21, 0x21, 0x1f, 0x21, 0x1f, 0x1f, 0x21, 0x21, 0x21, 0x21, 0x23, 0x2d, 0x2c, 0x2c, 0x2c, 0x2b, 0x2b, 0x2b, 0x2c, 0x29, 0x28, 0x28, 0x23, 0x00, 0x00, 0x00, 0x00, 0x00, 0x00, 0x00, 0x00, 0x00, 0x00, 0x00, 0x00, 0x00, 0x00, 0x00, 0x00, 0x00, 0x00, 0x00, 0x00, 0x00, 0x00, 0x00, 0x00, 0x00, 0x00, 0x00, 0x00, 0x00, 0x00, 0x00, 0x00, 0x00, 0x00, 0x00, 0x00, 0x00,
  0x00, 0x00, 0x00, 0x00, 0x00, 0x00, 0x00, 0x00, 0x00, 0x00, 0x00, 0x00, 0x00, 0x00, 0x00, 0x00, 0x00, 0x00, 0x00, 0x00, 0x00, 0x00, 0x00, 0x00, 0x00, 0x00, 0x00, 0x00, 0x00, 0x00, 0x00, 0x00, 0x00, 0x00, 0x00, 0x00, 0x00, 0x00, 0x23, 0x23, 0x25, 0x25, 0x28, 0x2c, 0x2a, 0x2a, 0x2a, 0x2a, 0x29, 0x2c, 0x2c, 0x2a, 0x2a, 0x2a, 0x29, 0x29, 0x29, 0x29, 0x29, 0x29, 0x2a, 0x2a, 0x2c, 0x2c, 0x2c, 0x29, 0x2a, 0x2a, 0x2a, 0x2a, 0x2a, 0x2a, 0x28, 0x27, 0x27, 0x26, 0x00, 0x00, 0x00, 0x00, 0x00, 0x00, 0x00, 0x00, 0x00, 0x00, 0x00, 0x00, 0x00, 0x00, 0x00, 0x00, 0x00, 0x00, 0x00, 0x00, 0x00, 0x00, 0x00, 0x00, 0x00, 0x00, 0x00, 0x00, 0x00, 0x00, 0x00, 0x00, 0x00, 0x00, 0x00, 0x00, 0x00, 0x00,
  0x00, 0x00, 0x00, 0x00, 0x00, 0x00, 0x00, 0x00, 0x00, 0x00, 0x00, 0x00, 0x00, 0x00, 0x00, 0x00, 0x00, 0x00, 0x00, 0x00, 0x00, 0x00, 0x00, 0x00, 0x00, 0x00, 0x00, 0x00, 0x00, 0x00, 0x00, 0x00, 0x00, 0x00, 0x00, 0x00, 0x00, 0x00, 0x00, 0x00, 0x00, 0x00, 0x25, 0x27, 0x26, 0x27, 0x26, 0x26, 0x2c, 0x2a, 0x2a, 0x29, 0x29, 0x29, 0x29, 0x29, 0x29, 0x29, 0x29, 0x29, 0x29, 0x29, 0x2a, 0x2a, 0x2a, 0x2c, 0x27, 0x26, 0x26, 0x26, 0x26, 0x26, 0x26, 0x00, 0x00, 0x00, 0x00, 0x00, 0x00, 0x00, 0x00, 0x00, 0x00, 0x00, 0x00, 0x00, 0x00, 0x00, 0x00, 0x00, 0x00, 0x00, 0x00, 0x00, 0x00, 0x00, 0x00, 0x00, 0x00, 0x00, 0x00, 0x00, 0x00, 0x00, 0x00, 0x00, 0x00, 0x00, 0x00, 0x00, 0x00, 0x00, 0x00, 0x00,
  0x00, 0x00, 0x00, 0x00, 0x00, 0x00, 0x00, 0x00, 0x00, 0x00, 0x00, 0x00, 0x00, 0x00, 0x00, 0x00, 0x00, 0x00, 0x00, 0x00, 0x00, 0x00, 0x00, 0x00, 0x00, 0x00, 0x00, 0x00, 0x00, 0x00, 0x00, 0x00, 0x00, 0x00, 0x00, 0x00, 0x00, 0x00, 0x00, 0x00, 0x00, 0x00, 0x00, 0x00, 0x00, 0x00, 0x00, 0x00, 0x27, 0x28, 0x27, 0x27, 0x27, 0x27, 0x27, 0x27, 0x27, 0x27, 0x27, 0x27, 0x27, 0x27, 0x27, 0x27, 0x28, 0x28, 0x00, 0x00, 0x00, 0x00, 0x00, 0x00, 0x00, 0x00, 0x00, 0x00, 0x00, 0x00, 0x00, 0x00, 0x00, 0x00, 0x00, 0x00, 0x00, 0x00, 0x00, 0x00, 0x00, 0x00, 0x00, 0x00, 0x00, 0x00, 0x00, 0x00, 0x00, 0x00, 0x00, 0x00, 0x00, 0x00, 0x00, 0x00, 0x00, 0x00, 0x00, 0x00, 0x00, 0x00, 0x00, 0x00, 0x00, 0x00,
};

const lv_img_dsc_t img_baby_awake = {
  .header.cf = LV_IMG_CF_INDEXED_8BIT,
  .header.always_zero = 0,
  .header.reserved = 0,
  .header.w = 114,
  .header.h = 185,
  .data_size = 22114,
  .data = img_baby_awake_map,
};

const uint8_t baby_skin_palettes[6][256 * 4] = {
  {
    0x00, 0x00, 0x00, 0x00,
    0xff, 0xfb, 0xef, 0xff,
    0xfb, 0xef, 0xdd, 0xff,
    0xfb, 0xee, 0xd8, 0xff,
    0xf9, 0xec, 0xd8, 0xff,
    0xfa, 0xed, 0xd5, 0xff,
    0xfa, 0xec, 0xd6, 0xff,
    0xf9, 0xec, 0xd6, 0xff,
    0xf9, 0xec, 0xd5, 0xff,
    0xf8, 0xec, 0xd5, 0xff,
    0xf8, 0xeb, 0xd8, 0xff,
    0xf8, 0xeb, 0xd5, 0xff,
    0xf8, 0xea, 0xd4, 0xff,
    0xd4, 0xde, 0xe7, 0xff,
    0xf9, 0xeb, 0xd2, 0xff,
    0xf8, 0xe9, 0xd1, 0xff,
    0xf6, 0xe7, 0xd0, 0xff,
    0xf6, 0xe4, 0xc8, 0xff,
    0xef, 0xdd, 0xc5, 0xff,
    0xf0, 0xd9, 0xba, 0xff,
    0xe7, 0xd0, 0xb6, 0xff,
    0xe9, 0xcf, 0xae, 0xff,
    0xe7, 0xcc, 0xad, 0xff,
    0xe6, 0xca, 0xac, 0xff,
    0xe6, 0xca, 0xa9, 0xff,
    0xe5, 0xc9, 0xa2, 0xff,
    0xa8, 0xc2, 0xf5, 0xff,
    0xaa, 0xc3, 0xf1, 0xff,
    0xa5, 0xbf, 0xf2, 0xff,
    0xa0, 0xb3, 0xe7, 0xff,
    0xde, 0xc2, 0xa0, 0xff,
    0xc4, 0xaf, 0x9d, 0xff,
    0xde, 0xb8, 0x80, 0xff,
    0xd1, 0xab, 0x7b, 0xff,
    0x93, 0x8a, 0xa4, 0xff,
    0x9f, 0x80, 0x6a, 0xff,
    0x6f, 0x5d, 0x89, 0xff,
    0x7a, 0x5c, 0x4e, 0xff,
    0x70, 0x4d, 0x38, 0xff,
    0x60, 0x3b, 0x2d, 0xff,
    0x53, 0x2f, 0x23, 0xff,
    0x5a, 0x2b, 0x18, 0xff,
    0x53, 0x25, 0x16, 0xff,
    0x56, 0x1f, 0x0e, 0xff,
    0x44, 0x1d, 0x11, 0xff,
    0x3d, 0x14, 0x05, 0xff,
    0x00, 0x00, 0x01, 0xff,
    0x00, 0x00, 0x00, 0xff,
    0x00, 0x00, 0x00, 0x00,
    0x00, 0x00, 0x00, 0x00,
    0x00, 0x00, 0x00, 0x00,
    0x00, 0x00, 0x00, 0x00,
    0x00, 0x00, 0x00, 0x00,
    0x00, 0x00, 0x00, 0x00,
    0x00, 0x00, 0x00, 0x00,
    0x00, 0x00, 0x00, 0x00,
    0x00, 0x00, 0x00, 0x00,
    0x00, 0x00, 0x00, 0x00,
    0x00, 0x00, 0x00, 0x00,
    0x00, 0x00, 0x00, 0x00,
    0x00, 0x00, 0x00, 0x00,
    0x00, 0x00, 0x00, 0x00,
    0x00, 0x00, 0x00, 0x00,
    0x00, 0x00, 0x00, 0x00,
    0x00, 0x00, 0x00, 0x00,
    0x00, 0x00, 0x00, 0x00,
    0x00, 0x00, 0x00, 0x00,
    0x00, 0x00, 0x00, 0x00,
    0x00, 0x00, 0x00, 0x00,
    0x00, 0x00, 0x00, 0x00,
    0x00, 0x00, 0x00, 0x00,
    0x00, 0x00, 0x00, 0x00,
    0x00, 0x00, 0x00, 0x00,
    0x00, 0x00, 0x00, 0x00,
    0x00, 0x00, 0x00, 0x00,
    0x00, 0x00, 0x00, 0x00,
    0x00, 0x00, 0x00, 0x00,
    0x00, 0x00, 0x00, 0x00,
    0x00, 0x00, 0x00, 0x00,
    0x00, 0x00, 0x00, 0x00,
    0x00, 0x00, 0x00, 0x00,
    0x00, 0x00, 0x00, 0x00,
    0x00, 0x00, 0x00, 0x00,
    0x00, 0x00, 0x00, 0x00,
    0x00, 0x00, 0x00, 0x00,
    0x00, 0x00, 0x00, 0x00,
    0x00, 0x00, 0x00, 0x00,
    0x00, 0x00, 0x00, 0x00,
    0x00, 0x00, 0x00, 0x00,
    0x00, 0x00, 0x00, 0x00,
    0x00, 0x00, 0x00, 0x00,
    0x00, 0x00, 0x00, 0x00,
    0x00, 0x00, 0x00, 0x00,
    0x00, 0x00, 0x00, 0x00,
    0x00, 0x00, 0x00, 0x00,
    0x00, 0x00, 0x00, 0x00,
    0x00, 0x00, 0x00, 0x00,
    0x00, 0x00, 0x00, 0x00,
    0x00, 0x00, 0x00, 0x00,
    0x00, 0x00, 0x00, 0x00,
    0x00, 0x00, 0x00, 0x00,
    0x00, 0x00, 0x00, 0x00,
    0x00, 0x00, 0x00, 0x00,
    0x00, 0x00, 0x00, 0x00,
    0x00, 0x00, 0x00, 0x00,
    0x00, 0x00, 0x00, 0x00,
    0x00, 0x00, 0x00, 0x00,
    0x00, 0x00, 0x00, 0x00,
    0x00, 0x00, 0x00, 0x00,
    0x00, 0x00, 0x00, 0x00,
    0x00, 0x00, 0x00, 0x00,
    0x00, 0x00, 0x00, 0x00,
    0x00, 0x00, 0x00, 0x00,
    0x00, 0x00, 0x00, 0x00,
    0x00, 0x00, 0x00, 0x00,
    0x00, 0x00, 0x00, 0x00,
    0x00, 0x00, 0x00, 0x00,
    0x00, 0x00, 0x00, 0x00,
    0x00, 0x00, 0x00, 0x00,
    0x00, 0x00, 0x00, 0x00,
    0x00, 0x00, 0x00, 0x00,
    0x00, 0x00, 0x00, 0x00,
    0x00, 0x00, 0x00, 0x00,
    0x00, 0x00, 0x00, 0x00,
    0x00, 0x00, 0x00, 0x00,
    0x00, 0x00, 0x00, 0x00,
    0x00, 0x00, 0x00, 0x00,
    0x00, 0x00, 0x00, 0x00,
    0x00, 0x00, 0x00, 0x00,
    0x00, 0x00, 0x00, 0x00,
    0x00, 0x00, 0x00, 0x00,
    0x00, 0x00, 0x00, 0x00,
    0x00, 0x00, 0x00, 0x00,
    0x00, 0x00, 0x00, 0x00,
    0x00, 0x00, 0x00, 0x00,
    0x00, 0x00, 0x00, 0x00,
    0x00, 0x00, 0x00, 0x00,
    0x00, 0x00, 0x00, 0x00,
    0x00, 0x00, 0x00, 0x00,
    0x00, 0x00, 0x00, 0x00,
    0x00, 0x00, 0x00, 0x00,
    0x00, 0x00, 0x00, 0x00,
    0x00, 0x00, 0x00, 0x00,
    0x00, 0x00, 0x00, 0x00,
    0x00, 0x00, 0x00, 0x00,
    0x00, 0x00, 0x00, 0x00,
    0x00, 0x00, 0x00, 0x00,
    0x00, 0x00, 0x00, 0x00,
    0x00, 0x00, 0x00, 0x00,
    0x00, 0x00, 0x00, 0x00,
    0x00, 0x00, 0x00, 0x00,
    0x00, 0x00, 0x00, 0x00,
    0x00, 0x00, 0x00, 0x00,
    0x00, 0x00, 0x00, 0x00,
    0x00, 0x00, 0x00, 0x00,
    0x00, 0x00, 0x00, 0x00,
    0x00, 0x00, 0x00, 0x00,
    0x00, 0x00, 0x00, 0x00,
    0x00, 0x00, 0x00, 0x00,
    0x00, 0x00, 0x00, 0x00,
    0x00, 0x00, 0x00, 0x00,
    0x00, 0x00, 0x00, 0x00,
    0x00, 0x00, 0x00, 0x00,
    0x00, 0x00, 0x00, 0x00,
    0x00, 0x00, 0x00, 0x00,
    0x00, 0x00, 0x00, 0x00,
    0x00, 0x00, 0x00, 0x00,
    0x00, 0x00, 0x00, 0x00,
    0x00, 0x00, 0x00, 0x00,
    0x00, 0x00, 0x00, 0x00,
    0x00, 0x00, 0x00, 0x00,
    0x00, 0x00, 0x00, 0x00,
    0x00, 0x00, 0x00, 0x00,
    0x00, 0x00, 0x00, 0x00,
    0x00, 0x00, 0x00, 0x00,
    0x00, 0x00, 0x00, 0x00,
    0x00, 0x00, 0x00, 0x00,
    0x00, 0x00, 0x00, 0x00,
    0x00, 0x00, 0x00, 0x00,
    0x00, 0x00, 0x00, 0x00,
    0x00, 0x00, 0x00, 0x00,
    0x00, 0x00, 0x00, 0x00,
    0x00, 0x00, 0x00, 0x00,
    0x00, 0x00, 0x00, 0x00,
    0x00, 0x00, 0x00, 0x00,
    0x00, 0x00, 0x00, 0x00,
    0x00, 0x00, 0x00, 0x00,
    0x00, 0x00, 0x00, 0x00,
    0x00, 0x00, 0x00, 0x00,
    0x00, 0x00, 0x00, 0x00,
    0x00, 0x00, 0x00, 0x00,
    0x00, 0x00, 0x00, 0x00,
    0x00, 0x00, 0x00, 0x00,
    0x00, 0x00, 0x00, 0x00,
    0x00, 0x00, 0x00, 0x00,
    0x00, 0x00, 0x00, 0x00,
    0x00, 0x00, 0x00, 0x00,
    0x00, 0x00, 0x00, 0x00,
    0x00, 0x00, 0x00, 0x00,
    0x00, 0x00, 0x00, 0x00,
    0x00, 0x00, 0x00, 0x00,
    0x00, 0x00, 0x00, 0x00,
    0x00, 0x00, 0x00, 0x00,
    0x00, 0x00, 0x00, 0x00,
    0x00, 0x00, 0x00, 0x00,
    0x00, 0x00, 0x00, 0x00,
    0x00, 0x00, 0x00, 0x00,
    0x00, 0x00, 0x00, 0x00,
    0x00, 0x00, 0x00, 0x00,
    0x00, 0x00, 0x00, 0x00,
    0x00, 0x00, 0x00, 0x00,
    0x00, 0x00, 0x00, 0x00,
    0x00, 0x00, 0x00, 0x00,
    0x00, 0x00, 0x00, 0x00,
    0x00, 0x00, 0x00, 0x00,
    0x00, 0x00, 0x00, 0x00,
    0x00, 0x00, 0x00, 0x00,
    0x00, 0x00, 0x00, 0x00,
    0x00, 0x00, 0x00, 0x00,
    0x00, 0x00, 0x00, 0x00,
    0x00, 0x00, 0x00, 0x00,
    0x00, 0x00, 0x00, 0x00,
    0x00, 0x00, 0x00, 0x00,
    0x00, 0x00, 0x00, 0x00,
    0x00, 0x00, 0x00, 0x00,
    0x00, 0x00, 0x00, 0x00,
    0x00, 0x00, 0x00, 0x00,
    0x00, 0x00, 0x00, 0x00,
    0x00, 0x00, 0x00, 0x00,
    0x00, 0x00, 0x00, 0x00,
    0x00, 0x00, 0x00, 0x00,
    0x00, 0x00, 0x00, 0x00,
    0x00, 0x00, 0x00, 0x00,
    0x00, 0x00, 0x00, 0x00,
    0x00, 0x00, 0x00, 0x00,
    0x00, 0x00, 0x00, 0x00,
    0x00, 0x00, 0x00, 0x00,
    0x00, 0x00, 0x00, 0x00,
    0x00, 0x00, 0x00, 0x00,
    0x00, 0x00, 0x00, 0x00,
    0x00, 0x00, 0x00, 0x00,
    0x00, 0x00, 0x00, 0x00,
    0x00, 0x00, 0x00, 0x00,
    0x00, 0x00, 0x00, 0x00,
    0x00, 0x00, 0x00, 0x00,
    0x00, 0x00, 0x00, 0x00,
    0x00, 0x00, 0x00, 0x00,
    0x00, 0x00, 0x00, 0x00,
    0x00, 0x00, 0x00, 0x00,
    0x00, 0x00, 0x00, 0x00,
    0x00, 0x00, 0x00, 0x00,
    0x00, 0x00, 0x00, 0x00,
    0x00, 0x00, 0x00, 0x00,
    0x00, 0x00, 0x00, 0x00,
    0x00, 0x00, 0x00, 0x00,
    0x00, 0x00, 0x00, 0x00,
  },
  {
    0x00, 0x00, 0x00, 0x00,
    0xff, 0xfb, 0xef, 0xff,
    0xfb, 0xef, 0xdd, 0xff,
    0xfb, 0xee, 0xd8, 0xff,
    0xf9, 0xec, 0xd8, 0xff,
    0xfa, 0xed, 0xd5, 0xff,
    0xfa, 0xec, 0xd6, 0xff,
    0xf9, 0xec, 0xd6, 0xff,
    0xf9, 0xec, 0xd5, 0xff,
    0xf8, 0xec, 0xd5, 0xff,
    0xf8, 0xeb, 0xd8, 0xff,
    0xf8, 0xeb, 0xd5, 0xff,
    0xf8, 0xea, 0xd4, 0xff,
    0xd4, 0xde, 0xe7, 0xff,
    0xf9, 0xeb, 0xd2, 0xff,
    0xf8, 0xe9, 0xd1, 0xff,
    0xf6, 0xe7, 0xd0, 0xff,
    0xf6, 0xe4, 0xc8, 0xff,
    0xef, 0xdd, 0xc5, 0xff,
    0xf0, 0xd9, 0xba, 0xff,
    0xe7, 0xd0, 0xb6, 0xff,
    0xe9, 0xcf, 0xae, 0xff,
    0xe7, 0xcc, 0xad, 0xff,
    0xe6, 0xca, 0xac, 0xff,
    0xe6, 0xca, 0xa9, 0xff,
    0xe5, 0xc9, 0xa2, 0xff,
    0x8e, 0xb0, 0xea, 0xff,
    0x8f, 0xb1, 0xe6, 0xff,
    0x8b, 0xad, 0xe7, 0xff,
    0x87, 0xa2, 0xdd, 0xff,
    0xde, 0xc2, 0xa0, 0xff,
    0xc4, 0xaf, 0x9d, 0xff,
    0xde, 0xb8, 0x80, 0xff,
    0xd1, 0xab, 0x7b, 0xff,
    0x93, 0x8a, 0xa4, 0xff,
    0x9f, 0x80, 0x6a, 0xff,
    0x6f, 0x5d, 0x89, 0xff,
    0x7a, 0x5c, 0x4e, 0xff,
    0x70, 0x4d, 0x38, 0xff,
    0x60, 0x3b, 0x2d, 0xff,
    0x53, 0x2f, 0x23, 0xff,
    0x5a, 0x2b, 0x18, 0xff,
    0x53, 0x25, 0x16, 0xff,
    0x56, 0x1f, 0x0e, 0xff,
    0x44, 0x1d, 0x11, 0xff,
    0x3d, 0x14, 0x05, 0xff,
    0x00, 0x00, 0x01, 0xff,
    0x00, 0x00, 0x00, 0xff,
    0x00, 0x00, 0x00, 0x00,
    0x00, 0x00, 0x00, 0x00,
    0x00, 0x00, 0x00, 0x00,
    0x00, 0x00, 0x00, 0x00,
    0x00, 0x00, 0x00, 0x00,
    0x00, 0x00, 0x00, 0x00,
    0x00, 0x00, 0x00, 0x00,
    0x00, 0x00, 0x00, 0x00,
    0x00, 0x00, 0x00, 0x00,
    0x00, 0x00, 0x00, 0x00,
    0x00, 0x00, 0x00, 0x00,
    0x00, 0x00, 0x00, 0x00,
    0x00, 0x00, 0x00, 0x00,
    0x00, 0x00, 0x00, 0x00,
    0x00, 0x00, 0x00, 0x00,
    0x00, 0x00, 0x00, 0x00,
    0x00, 0x00, 0x00, 0x00,
    0x00, 0x00, 0x00, 0x00,
    0x00, 0x00, 0x00, 0x00,
    0x00, 0x00, 0x00, 0x00,
    0x00, 0x00, 0x00, 0x00,
    0x00, 0x00, 0x00, 0x00,
    0x00, 0x00, 0x00, 0x00,
    0x00, 0x00, 0x00, 0x00,
    0x00, 0x00, 0x00, 0x00,
    0x00, 0x00, 0x00, 0x00,
    0x00, 0x00, 0x00, 0x00,
    0x00, 0x00, 0x00, 0x00,
    0x00, 0x00, 0x00, 0x00,
    0x00, 0x00, 0x00, 0x00,
    0x00, 0x00, 0x00, 0x00,
    0x00, 0x00, 0x00, 0x00,
    0x00, 0x00, 0x00, 0x00,
    0x00, 0x00, 0x00, 0x00,
    0x00, 0x00, 0x00, 0x00,
    0x00, 0x00, 0x00, 0x00,
    0x00, 0x00, 0x00, 0x00,
    0x00, 0x00, 0x00, 0x00,
    0x00, 0x00, 0x00, 0x00,
    0x00, 0x00, 0x00, 0x00,
    0x00, 0x00, 0x00, 0x00,
    0x00, 0x00, 0x00, 0x00,
    0x00, 0x00, 0x00, 0x00,
    0x00, 0x00, 0x00, 0x00,
    0x00, 0x00, 0x00, 0x00,
    0x00, 0x00, 0x00, 0x00,
    0x00, 0x00, 0x00, 0x00,
    0x00, 0x00, 0x00, 0x00,
    0x00, 0x00, 0x00, 0x00,
    0x00, 0x00, 0x00, 0x00,
    0x00, 0x00, 0x00, 0x00,
    0x00, 0x00, 0x00, 0x00,
    0x00, 0x00, 0x00, 0x00,
    0x00, 0x00, 0x00, 0x00,
    0x00, 0x00, 0x00, 0x00,
    0x00, 0x00, 0x00, 0x00,
    0x00, 0x00, 0x00, 0x00,
    0x00, 0x00, 0x00, 0x00,
    0x00, 0x00, 0x00, 0x00,
    0x00, 0x00, 0x00, 0x00,
    0x00, 0x00, 0x00, 0x00,
    0x00, 0x00, 0x00, 0x00,
    0x00, 0x00, 0x00, 0x00,
    0x00, 0x00, 0x00, 0x00,
    0x00, 0x00, 0x00, 0x00,
    0x00, 0x00, 0x00, 0x00,
    0x00, 0x00, 0x00, 0x00,
    0x00, 0x00, 0x00, 0x00,
    0x00, 0x00, 0x00, 0x00,
    0x00, 0x00, 0x00, 0x00,
    0x00, 0x00, 0x00, 0x00,
    0x00, 0x00, 0x00, 0x00,
    0x00, 0x00, 0x00, 0x00,
    0x00, 0x00, 0x00, 0x00,
    0x00, 0x00, 0x00, 0x00,
    0x00, 0x00, 0x00, 0x00,
    0x00, 0x00, 0x00, 0x00,
    0x00, 0x00, 0x00, 0x00,
    0x00, 0x00, 0x00, 0x00,
    0x00, 0x00, 0x00, 0x00,
    0x00, 0x00, 0x00, 0x00,
    0x00, 0x00, 0x00, 0x00,
    0x00, 0x00, 0x00, 0x00,
    0x00, 0x00, 0x00, 0x00,
    0x00, 0x00, 0x00, 0x00,
    0x00, 0x00, 0x00, 0x00,
    0x00, 0x00, 0x00, 0x00,
    0x00, 0x00, 0x00, 0x00,
    0x00, 0x00, 0x00, 0x00,
    0x00, 0x00, 0x00, 0x00,
    0x00, 0x00, 0x00, 0x00,
    0x00, 0x00, 0x00, 0x00,
    0x00, 0x00, 0x00, 0x00,
    0x00, 0x00, 0x00, 0x00,
    0x00, 0x00, 0x00, 0x00,
    0x00, 0x00, 0x00, 0x00,
    0x00, 0x00, 0x00, 0x00,
    0x00, 0x00, 0x00, 0x00,
    0x00, 0x00, 0x00, 0x00,
    0x00, 0x00, 0x00, 0x00,
    0x00, 0x00, 0x00, 0x00,
    0x00, 0x00, 0x00, 0x00,
    0x00, 0x00, 0x00, 0x00,
    0x00, 0x00, 0x00, 0x00,
    0x00, 0x00, 0x00, 0x00,
    0x00, 0x00, 0x00, 0x00,
    0x00, 0x00, 0x00, 0x00,
    0x00, 0x00, 0x00, 0x00,
    0x00, 0x00, 0x00, 0x00,
    0x00, 0x00, 0x00, 0x00,
    0x00, 0x00, 0x00, 0x00,
    0x00, 0x00, 0x00, 0x00,
    0x00, 0x00, 0x00, 0x00,
    0x00, 0x00, 0x00, 0x00,
    0x00, 0x00, 0x00, 0x00,
    0x00, 0x00, 0x00, 0x00,
    0x00, 0x00, 0x00, 0x00,
    0x00, 0x00, 0x00, 0x00,
    0x00, 0x00, 0x00, 0x00,
    0x00, 0x00, 0x00, 0x00,
    0x00, 0x00, 0x00, 0x00,
    0x00, 0x00, 0x00, 0x00,
    0x00, 0x00, 0x00, 0x00,
    0x00, 0x00, 0x00, 0x00,
    0x00, 0x00, 0x00, 0x00,
    0x00, 0x00, 0x00, 0x00,
    0x00, 0x00, 0x00, 0x00,
    0x00, 0x00, 0x00, 0x00,
    0x00, 0x00, 0x00, 0x00,
    0x00, 0x00, 0x00, 0x00,
    0x00, 0x00, 0x00, 0x00,
    0x00, 0x00, 0x00, 0x00,
    0x00, 0x00, 0x00, 0x00,
    0x00, 0x00, 0x00, 0x00,
    0x00, 0x00, 0x00, 0x00,
    0x00, 0x00, 0x00, 0x00,
    0x00, 0x00, 0x00, 0x00,
    0x00, 0x00, 0x00, 0x00,
    0x00, 0x00, 0x00, 0x00,
    0x00, 0x00, 0x00, 0x00,
    0x00, 0x00, 0x00, 0x00,
    0x00, 0x00, 0x00, 0x00,
    0x00, 0x00, 0x00, 0x00,
    0x00, 0x00, 0x00, 0x00,
    0x00, 0x00, 0x00, 0x00,
    0x00, 0x00, 0x00, 0x00,
    0x00, 0x00, 0x00, 0x00,
    0x00, 0x00, 0x00, 0x00,
    0x00, 0x00, 0x00, 0x00,
    0x00, 0x00, 0x00, 0x00,
    0x00, 0x00, 0x00, 0x00,
    0x00, 0x00, 0x00, 0x00,
    0x00, 0x00, 0x00, 0x00,
    0x00, 0x00, 0x00, 0x00,
    0x00, 0x00, 0x00, 0x00,
    0x00, 0x00, 0x00, 0x00,
    0x00, 0x00, 0x00, 0x00,
    0x00, 0x00, 0x00, 0x00,
    0x00, 0x00, 0x00, 0x00,
    0x00, 0x00, 0x00, 0x00,
    0x00, 0x00, 0x00, 0x00,
    0x00, 0x00, 0x00, 0x00,
    0x00, 0x00, 0x00, 0x00,
    0x00, 0x00, 0x00, 0x00,
    0x00, 0x00, 0x00, 0x00,
    0x00, 0x00, 0x00, 0x00,
    0x00, 0x00, 0x00, 0x00,
    0x00, 0x00, 0x00, 0x00,
    0x00, 0x00, 0x00, 0x00,
    0x00, 0x00, 0x00, 0x00,
    0x00, 0x00, 0x00, 0x00,
    0x00, 0x00, 0x00, 0x00,
    0x00, 0x00, 0x00, 0x00,
    0x00, 0x00, 0x00, 0x00,
    0x00, 0x00, 0x00, 0x00,
    0x00, 0x00, 0x00, 0x00,
    0x00, 0x00, 0x00, 0x00,
    0x00, 0x00, 0x00, 0x00,
    0x00, 0x00, 0x00, 0x00,
    0x00, 0x00, 0x00, 0x00,
    0x00, 0x00, 0x00, 0x00,
    0x00, 0x00, 0x00, 0x00,
    0x00, 0x00, 0x00, 0x00,
    0x00, 0x00, 0x00, 0x00,
    0x00, 0x00, 0x00, 0x00,
    0x00, 0x00, 0x00, 0x00,
    0x00, 0x00, 0x00, 0x00,
    0x00, 0x00, 0x00, 0x00,
    0x00, 0x00, 0x00, 0x00,
    0x00, 0x00, 0x00, 0x00,
    0x00, 0x00, 0x00, 0x00,
    0x00, 0x00, 0x00, 0x00,
    0x00, 0x00, 0x00, 0x00,
    0x00, 0x00, 0x00, 0x00,
    0x00, 0x00, 0x00, 0x00,
    0x00, 0x00, 0x00, 0x00,
    0x00, 0x00, 0x00, 0x00,
    0x00, 0x00, 0x00, 0x00,
    0x00, 0x00, 0x00, 0x00,
    0x00, 0x00, 0x00, 0x00,
    0x00, 0x00, 0x00, 0x00,
    0x00, 0x00, 0x00, 0x00,
    0x00, 0x00, 0x00, 0x00,
    0x00, 0x00, 0x00, 0x00,
    0x00, 0x00, 0x00, 0x00,
    0x00, 0x00, 0x00, 0x00,
    0x00, 0x00, 0x00, 0x00,
    0x00, 0x00, 0x00, 0x00,
  },
  {
    0x00, 0x00, 0x00, 0x00,
    0xff, 0xfb, 0xef, 0xff,
    0xfb, 0xef, 0xdd, 0xff,
    0xfb, 0xee, 0xd8, 0xff,
    0xf9, 0xec, 0xd8, 0xff,
    0xfa, 0xed, 0xd5, 0xff,
    0xfa, 0xec, 0xd6, 0xff,
    0xf9, 0xec, 0xd6, 0xff,
    0xf9, 0xec, 0xd5, 0xff,
    0xf8, 0xec, 0xd5, 0xff,
    0xf8, 0xeb, 0xd8, 0xff,
    0xf8, 0xeb, 0xd5, 0xff,
    0xf8, 0xea, 0xd4, 0xff,
    0xd4, 0xde, 0xe7, 0xff,
    0xf9, 0xeb, 0xd2, 0xff,
    0xf8, 0xe9, 0xd1, 0xff,
    0xf6, 0xe7, 0xd0, 0xff,
    0xf6, 0xe4, 0xc8, 0xff,
    0xef, 0xdd, 0xc5, 0xff,
    0xf0, 0xd9, 0xba, 0xff,
    0xe7, 0xd0, 0xb6, 0xff,
    0xe9, 0xcf, 0xae, 0xff,
    0xe7, 0xcc, 0xad, 0xff,
    0xe6, 0xca, 0xac, 0xff,
    0xe6, 0xca, 0xa9, 0xff,
    0xe5, 0xc9, 0xa2, 0xff,
    0x6d, 0x95, 0xd1, 0xff,
    0x6f, 0x96, 0xcd, 0xff,
    0x6b, 0x92, 0xce, 0xff,
    0x68, 0x89, 0xc5, 0xff,
    0xde, 0xc2, 0xa0, 0xff,
    0xc4, 0xaf, 0x9d, 0xff,
    0xde, 0xb8, 0x80, 0xff,
    0xd1, 0xab, 0x7b, 0xff,
    0x93, 0x8a, 0xa4, 0xff,
    0x9f, 0x80, 0x6a, 0xff,
    0x6f, 0x5d, 0x89, 0xff,
    0x7a, 0x5c, 0x4e, 0xff,
    0x70, 0x4d, 0x38, 0xff,
    0x60, 0x3b, 0x2d, 0xff,
    0x53, 0x2f, 0x23, 0xff,
    0x5a, 0x2b, 0x18, 0xff,
    0x53, 0x25, 0x16, 0xff,
    0x56, 0x1f, 0x0e, 0xff,
    0x44, 0x1d, 0x11, 0xff,
    0x3d, 0x14, 0x05, 0xff,
    0x00, 0x00, 0x01, 0xff,
    0x00, 0x00, 0x00, 0xff,
    0x00, 0x00, 0x00, 0x00,
    0x00, 0x00, 0x00, 0x00,
    0x00, 0x00, 0x00, 0x00,
    0x00, 0x00, 0x00, 0x00,
    0x00, 0x00, 0x00, 0x00,
    0x00, 0x00, 0x00, 0x00,
    0x00, 0x00, 0x00, 0x00,
    0x00, 0x00, 0x00, 0x00,
    0x00, 0x00, 0x00, 0x00,
    0x00, 0x00, 0x00, 0x00,
    0x00, 0x00, 0x00, 0x00,
    0x00, 0x00, 0x00, 0x00,
    0x00, 0x00, 0x00, 0x00,
    0x00, 0x00, 0x00, 0x00,
    0x00, 0x00, 0x00, 0x00,
    0x00, 0x00, 0x00, 0x00,
    0x00, 0x00, 0x00, 0x00,
    0x00, 0x00, 0x00, 0x00,
    0x00, 0x00, 0x00, 0x00,
    0x00, 0x00, 0x00, 0x00,
    0x00, 0x00, 0x00, 0x00,
    0x00, 0x00, 0x00, 0x00,
    0x00, 0x00, 0x00, 0x00,
    0x00, 0x00, 0x00, 0x00,
    0x00, 0x00, 0x00, 0x00,
    0x00, 0x00, 0x00, 0x00,
    0x00, 0x00, 0x00, 0x00,
    0x00, 0x00, 0x00, 0x00,
    0x00, 0x00, 0x00, 0x00,
    0x00, 0x00, 0x00, 0x00,
    0x00, 0x00, 0x00, 0x00,
    0x00, 0x00, 0x00, 0x00,
    0x00, 0x00, 0x00, 0x00,
    0x00, 0x00, 0x00, 0x00,
    0x00, 0x00, 0x00, 0x00,
    0x00, 0x00, 0x00, 0x00,
    0x00, 0x00, 0x00, 0x00,
    0x00, 0x00, 0x00, 0x00,
    0x00, 0x00, 0x00, 0x00,
    0x00, 0x00, 0x00, 0x00,
    0x00, 0x00, 0x00, 0x00,
    0x00, 0x00, 0x00, 0x00,
    0x00, 0x00, 0x00, 0x00,
    0x00, 0x00, 0x00, 0x00,
    0x00, 0x00, 0x00, 0x00,
    0x00, 0x00, 0x00, 0x00,
    0x00, 0x00, 0x00, 0x00,
    0x00, 0x00, 0x00, 0x00,
    0x00, 0x00, 0x00, 0x00,
    0x00, 0x00, 0x00, 0x00,
    0x00, 0x00, 0x00, 0x00,
    0x00, 0x00, 0x00, 0x00,
    0x00, 0x00, 0x00, 0x00,
    0x00, 0x00, 0x00, 0x00,
    0x00, 0x00, 0x00, 0x00,
    0x00, 0x00, 0x00, 0x00,
    0x00, 0x00, 0x00, 0x00,
    0x00, 0x00, 0x00, 0x00,
    0x00, 0x00, 0x00, 0x00,
    0x00, 0x00, 0x00, 0x00,
    0x00, 0x00, 0x00, 0x00,
    0x00, 0x00, 0x00, 0x00,
    0x00, 0x00, 0x00, 0x00,
    0x00, 0x00, 0x00, 0x00,
    0x00, 0x00, 0x00, 0x00,
    0x00, 0x00, 0x00, 0x00,
    0x00, 0x00, 0x00, 0x00,
    0x00, 0x00, 0x00, 0x00,
    0x00, 0x00, 0x00, 0x00,
    0x00, 0x00, 0x00, 0x00,
    0x00, 0x00, 0x00, 0x00,
    0x00, 0x00, 0x00, 0x00,
    0x00, 0x00, 0x00, 0x00,
    0x00, 0x00, 0x00, 0x00,
    0x00, 0x00, 0x00, 0x00,
    0x00, 0x00, 0x00, 0x00,
    0x00, 0x00, 0x00, 0x00,
    0x00, 0x00, 0x00, 0x00,
    0x00, 0x00, 0x00, 0x00,
    0x00, 0x00, 0x00, 0x00,
    0x00, 0x00, 0x00, 0x00,
    0x00, 0x00, 0x00, 0x00,
    0x00, 0x00, 0x00, 0x00,
    0x00, 0x00, 0x00, 0x00,
    0x00, 0x00, 0x00, 0x00,
    0x00, 0x00, 0x00, 0x00,
    0x00, 0x00, 0x00, 0x00,
    0x00, 0x00, 0x00, 0x00,
    0x00, 0x00, 0x00, 0x00,
    0x00, 0x00, 0x00, 0x00,
    0x00, 0x00, 0x00, 0x00,
    0x00, 0x00, 0x00, 0x00,
    0x00, 0x00, 0x00, 0x00,
    0x00, 0x00, 0x00, 0x00,
    0x00, 0x00, 0x00, 0x00,
    0x00, 0x00, 0x00, 0x00,
    0x00, 0x00, 0x00, 0x00,
    0x00, 0x00, 0x00, 0x00,
    0x00, 0x00, 0x00, 0x00,
    0x00, 0x00, 0x00, 0x00,
    0x00, 0x00, 0x00, 0x00,
    0x00, 0x00, 0x00, 0x00,
    0x00, 0x00, 0x00, 0x00,
    0x00, 0x00, 0x00, 0x00,
    0x00, 0x00, 0x00, 0x00,
    0x00, 0x00, 0x00, 0x00,
    0x00, 0x00, 0x00, 0x00,
    0x00, 0x00, 0x00, 0x00,
    0x00, 0x00, 0x00, 0x00,
    0x00, 0x00, 0x00, 0x00,
    0x00, 0x00, 0x00, 0x00,
    0x00, 0x00, 0x00, 0x00,
    0x00, 0x00, 0x00, 0x00,
    0x00, 0x00, 0x00, 0x00,
    0x00, 0x00, 0x00, 0x00,
    0x00, 0x00, 0x00, 0x00,
    0x00, 0x00, 0x00, 0x00,
    0x00, 0x00, 0x00, 0x00,
    0x00, 0x00, 0x00, 0x00,
    0x00, 0x00, 0x00, 0x00,
    0x00, 0x00, 0x00, 0x00,
    0x00, 0x00, 0x00, 0x00,
    0x00, 0x00, 0x00, 0x00,
    0x00, 0x00, 0x00, 0x00,
    0x00, 0x00, 0x00, 0x00,
    0x00, 0x00, 0x00, 0x00,
    0x00, 0x00, 0x00, 0x00,
    0x00, 0x00, 0x00, 0x00,
    0x00, 0x00, 0x00, 0x00,
    0x00, 0x00, 0x00, 0x00,
    0x00, 0x00, 0x00, 0x00,
    0x00, 0x00, 0x00, 0x00,
    0x00, 0x00, 0x00, 0x00,
    0x00, 0x00, 0x00, 0x00,
    0x00, 0x00, 0x00, 0x00,
    0x00, 0x00, 0x00, 0x00,
    0x00, 0x00, 0x00, 0x00,
    0x00, 0x00, 0x00, 0x00,
    0x00, 0x00, 0x00, 0x00,
    0x00, 0x00, 0x00, 0x00,
    0x00, 0x00, 0x00, 0x00,
    0x00, 0x00, 0x00, 0x00,
    0x00, 0x00, 0x00, 0x00,
    0x00, 0x00, 0x00, 0x00,
    0x00, 0x00, 0x00, 0x00,
    0x00, 0x00, 0x00, 0x00,
    0x00, 0x00, 0x00, 0x00,
    0x00, 0x00, 0x00, 0x00,
    0x00, 0x00, 0x00, 0x00,
    0x00, 0x00, 0x00, 0x00,
    0x00, 0x00, 0x00, 0x00,
    0x00, 0x00, 0x00, 0x00,
    0x00, 0x00, 0x00, 0x00,
    0x00, 0x00, 0x00, 0x00,
    0x00, 0x00, 0x00, 0x00,
    0x00, 0x00, 0x00, 0x00,
    0x00, 0x00, 0x00, 0x00,
    0x00, 0x00, 0x00, 0x00,
    0x00, 0x00, 0x00, 0x00,
    0x00, 0x00, 0x00, 0x00,
    0x00, 0x00, 0x00, 0x00,
    0x00, 0x00, 0x00, 0x00,
    0x00, 0x00, 0x00, 0x00,
    0x00, 0x00, 0x00, 0x00,
    0x00, 0x00, 0x00, 0x00,
    0x00, 0x00, 0x00, 0x00,
    0x00, 0x00, 0x00, 0x00,
    0x00, 0x00, 0x00, 0x00,
    0x00, 0x00, 0x00, 0x00,
    0x00, 0x00, 0x00, 0x00,
    0x00, 0x00, 0x00, 0x00,
    0x00, 0x00, 0x00, 0x00,
    0x00, 0x00, 0x00, 0x00,
    0x00, 0x00, 0x00, 0x00,
    0x00, 0x00, 0x00, 0x00,
    0x00, 0x00, 0x00, 0x00,
    0x00, 0x00, 0x00, 0x00,
    0x00, 0x00, 0x00, 0x00,
    0x00, 0x00, 0x00, 0x00,
    0x00, 0x00, 0x00, 0x00,
    0x00, 0x00, 0x00, 0x00,
    0x00, 0x00, 0x00, 0x00,
    0x00, 0x00, 0x00, 0x00,
    0x00, 0x00, 0x00, 0x00,
    0x00, 0x00, 0x00, 0x00,
    0x00, 0x00, 0x00, 0x00,
    0x00, 0x00, 0x00, 0x00,
    0x00, 0x00, 0x00, 0x00,
    0x00, 0x00, 0x00, 0x00,
    0x00, 0x00, 0x00, 0x00,
    0x00, 0x00, 0x00, 0x00,
    0x00, 0x00, 0x00, 0x00,
    0x00, 0x00, 0x00, 0x00,
    0x00, 0x00, 0x00, 0x00,
    0x00, 0x00, 0x00, 0x00,
    0x00, 0x00, 0x00, 0x00,
    0x00, 0x00, 0x00, 0x00,
    0x00, 0x00, 0x00, 0x00,
    0x00, 0x00, 0x00, 0x00,
    0x00, 0x00, 0x00, 0x00,
    0x00, 0x00, 0x00, 0x00,
    0x00, 0x00, 0x00, 0x00,
    0x00, 0x00, 0x00, 0x00,
    0x00, 0x00, 0x00, 0x00,
    0x00, 0x00, 0x00, 0x00,
    0x00, 0x00, 0x00, 0x00,
    0x00, 0x00, 0x00, 0x00,
    0x00, 0x00, 0x00, 0x00,
  },
  {
    0x00, 0x00, 0x00, 0x00,
    0xff, 0xfb, 0xef, 0xff,
    0xfb, 0xef, 0xdd, 0xff,
    0xfb, 0xee, 0xd8, 0xff,
    0xf9, 0xec, 0xd8, 0xff,
    0xfa, 0xed, 0xd5, 0xff,
    0xfa, 0xec, 0xd6, 0xff,
    0xf9, 0xec, 0xd6, 0xff,
    0xf9, 0xec, 0xd5, 0xff,
    0xf8, 0xec, 0xd5, 0xff,
    0xf8, 0xeb, 0xd8, 0xff,
    0xf8, 0xeb, 0xd5, 0xff,
    0xf8, 0xea, 0xd4, 0xff,
    0xd4, 0xde, 0xe7, 0xff,
    0xf9, 0xeb, 0xd2, 0xff,
    0xf8, 0xe9, 0xd1, 0xff,
    0xf6, 0xe7, 0xd0, 0xff,
    0xf6, 0xe4, 0xc8, 0xff,
    0xef, 0xdd, 0xc5, 0xff,
    0xf0, 0xd9, 0xba, 0xff,
    0xe7, 0xd0, 0xb6, 0xff,
    0xe9, 0xcf, 0xae, 0xff,
    0xe7, 0xcc, 0xad, 0xff,
    0xe6, 0xca, 0xac, 0xff,
    0xe6, 0xca, 0xa9, 0xff,
    0xe5, 0xc9, 0xa2, 0xff,
    0x4f, 0x71, 0xad, 0xff,
    0x50, 0x71, 0xaa, 0xff,
    0x4e, 0x6f, 0xab, 0xff,
    0x4b, 0x68, 0xa3, 0xff,
    0xde, 0xc2, 0xa0, 0xff,
    0xc4, 0xaf, 0x9d, 0xff,
    0xde, 0xb8, 0x80, 0xff,
    0xd1, 0xab, 0x7b, 0xff,
    0x93, 0x8a, 0xa4, 0xff,
    0x9f, 0x80, 0x6a, 0xff,
    0x6f, 0x5d, 0x89, 0xff,
    0x7a, 0x5c, 0x4e, 0xff,
    0x70, 0x4d, 0x38, 0xff,
    0x60, 0x3b, 0x2d, 0xff,
    0x53, 0x2f, 0x23, 0xff,
    0x5a, 0x2b, 0x18, 0xff,
    0x53, 0x25, 0x16, 0xff,
    0x56, 0x1f, 0x0e, 0xff,
    0x44, 0x1d, 0x11, 0xff,
    0x3d, 0x14, 0x05, 0xff,
    0x00, 0x00, 0x01, 0xff,
    0x00, 0x00, 0x00, 0xff,
    0x00, 0x00, 0x00, 0x00,
    0x00, 0x00, 0x00, 0x00,
    0x00, 0x00, 0x00, 0x00,
    0x00, 0x00, 0x00, 0x00,
    0x00, 0x00, 0x00, 0x00,
    0x00, 0x00, 0x00, 0x00,
    0x00, 0x00, 0x00, 0x00,
    0x00, 0x00, 0x00, 0x00,
    0x00, 0x00, 0x00, 0x00,
    0x00, 0x00, 0x00, 0x00,
    0x00, 0x00, 0x00, 0x00,
    0x00, 0x00, 0x00, 0x00,
    0x00, 0x00, 0x00, 0x00,
    0x00, 0x00, 0x00, 0x00,
    0x00, 0x00, 0x00, 0x00,
    0x00, 0x00, 0x00, 0x00,
    0x00, 0x00, 0x00, 0x00,
    0x00, 0x00, 0x00, 0x00,
    0x00, 0x00, 0x00, 0x00,
    0x00, 0x00, 0x00, 0x00,
    0x00, 0x00, 0x00, 0x00,
    0x00, 0x00, 0x00, 0x00,
    0x00, 0x00, 0x00, 0x00,
    0x00, 0x00, 0x00, 0x00,
    0x00, 0x00, 0x00, 0x00,
    0x00, 0x00, 0x00, 0x00,
    0x00, 0x00, 0x00, 0x00,
    0x00, 0x00, 0x00, 0x00,
    0x00, 0x00, 0x00, 0x00,
    0x00, 0x00, 0x00, 0x00,
    0x00, 0x00, 0x00, 0x00,
    0x00, 0x00, 0x00, 0x00,
    0x00, 0x00, 0x00, 0x00,
    0x00, 0x00, 0x00, 0x00,
    0x00, 0x00, 0x00, 0x00,
    0x00, 0x00, 0x00, 0x00,
    0x00, 0x00, 0x00, 0x00,
    0x00, 0x00, 0x00, 0x00,
    0x00, 0x00, 0x00, 0x00,
    0x00, 0x00, 0x00, 0x00,
    0x00, 0x00, 0x00, 0x00,
    0x00, 0x00, 0x00, 0x00,
    0x00, 0x00, 0x00, 0x00,
    0x00, 0x00, 0x00, 0x00,
    0x00, 0x00, 0x00, 0x00,
    0x00, 0x00, 0x00, 0x00,
    0x00, 0x00, 0x00, 0x00,
    0x00, 0x00, 0x00, 0x00,
    0x00, 0x00, 0x00, 0x00,
    0x00, 0x00, 0x00, 0x00,
    0x00, 0x00, 0x00, 0x00,
    0x00, 0x00, 0x00, 0x00,
    0x00, 0x00, 0x00, 0x00,
    0x00, 0x00, 0x00, 0x00,
    0x00, 0x00, 0x00, 0x00,
    0x00, 0x00, 0x00, 0x00,
    0x00, 0x00, 0x00, 0x00,
    0x00, 0x00, 0x00, 0x00,
    0x00, 0x00, 0x00, 0x00,
    0x00, 0x00, 0x00, 0x00,
    0x00, 0x00, 0x00, 0x00,
    0x00, 0x00, 0x00, 0x00,
    0x00, 0x00, 0x00, 0x00,
    0x00, 0x00, 0x00, 0x00,
    0x00, 0x00, 0x00, 0x00,
    0x00, 0x00, 0x00, 0x00,
    0x00, 0x00, 0x00, 0x00,
    0x00, 0x00, 0x00, 0x00,
    0x00, 0x00, 0x00, 0x00,
    0x00, 0x00, 0x00, 0x00,
    0x00, 0x00, 0x00, 0x00,
    0x00, 0x00, 0x00, 0x00,
    0x00, 0x00, 0x00, 0x00,
    0x00, 0x00, 0x00, 0x00,
    0x00, 0x00, 0x00, 0x00,
    0x00, 0x00, 0x00, 0x00,
    0x00, 0x00, 0x00, 0x00,
    0x00, 0x00, 0x00, 0x00,
    0x00, 0x00, 0x00, 0x00,
    0x00, 0x00, 0x00, 0x00,
    0x00, 0x00, 0x00, 0x00,
    0x00, 0x00, 0x00, 0x00,
    0x00, 0x00, 0x00, 0x00,
    0x00, 0x00, 0x00, 0x00,
    0x00, 0x00, 0x00, 0x00,
    0x00, 0x00, 0x00, 0x00,
    0x00, 0x00, 0x00, 0x00,
    0x00, 0x00, 0x00, 0x00,
    0x00, 0x00, 0x00, 0x00,
    0x00, 0x00, 0x00, 0x00,
    0x00, 0x00, 0x00, 0x00,
    0x00, 0x00, 0x00, 0x00,
    0x00, 0x00, 0x00, 0x00,
    0x00, 0x00, 0x00, 0x00,
    0x00, 0x00, 0x00, 0x00,
    0x00, 0x00, 0x00, 0x00,
    0x00, 0x00, 0x00, 0x00,
    0x00, 0x00, 0x00, 0x00,
    0x00, 0x00, 0x00, 0x00,
    0x00, 0x00, 0x00, 0x00,
    0x00, 0x00, 0x00, 0x00,
    0x00, 0x00, 0x00, 0x00,
    0x00, 0x00, 0x00, 0x00,
    0x00, 0x00, 0x00, 0x00,
    0x00, 0x00, 0x00, 0x00,
    0x00, 0x00, 0x00, 0x00,
    0x00, 0x00, 0x00, 0x00,
    0x00, 0x00, 0x00, 0x00,
    0x00, 0x00, 0x00, 0x00,
    0x00, 0x00, 0x00, 0x00,
    0x00, 0x00, 0x00, 0x00,
    0x00, 0x00, 0x00, 0x00,
    0x00, 0x00, 0x00, 0x00,
    0x00, 0x00, 0x00, 0x00,
    0x00, 0x00, 0x00, 0x00,
    0x00, 0x00, 0x00, 0x00,
    0x00, 0x00, 0x00, 0x00,
    0x00, 0x00, 0x00, 0x00,
    0x00, 0x00, 0x00, 0x00,
    0x00, 0x00, 0x00, 0x00,
    0x00, 0x00, 0x00, 0x00,
    0x00, 0x00, 0x00, 0x00,
    0x00, 0x00, 0x00, 0x00,
    0x00, 0x00, 0x00, 0x00,
    0x00, 0x00, 0x00, 0x00,
    0x00, 0x00, 0x00, 0x00,
    0x00, 0x00, 0x00, 0x00,
    0x00, 0x00, 0x00, 0x00,
    0x00, 0x00, 0x00, 0x00,
    0x00, 0x00, 0x00, 0x00,
    0x00, 0x00, 0x00, 0x00,
    0x00, 0x00, 0x00, 0x00,
    0x00, 0x00, 0x00, 0x00,
    0x00, 0x00, 0x00, 0x00,
    0x00, 0x00, 0x00, 0x00,
    0x00, 0x00, 0x00, 0x00,
    0x00, 0x00, 0x00, 0x00,
    0x00, 0x00, 0x00, 0x00,
    0x00, 0x00, 0x00, 0x00,
    0x00, 0x00, 0x00, 0x00,
    0x00, 0x00, 0x00, 0x00,
    0x00, 0x00, 0x00, 0x00,
    0x00, 0x00, 0x00, 0x00,
    0x00, 0x00, 0x00, 0x00,
    0x00, 0x00, 0x00, 0x00,
    0x00, 0x00, 0x00, 0x00,
    0x00, 0x00, 0x00, 0x00,
    0x00, 0x00, 0x00, 0x00,
    0x00, 0x00, 0x00, 0x00,
    0x00, 0x00, 0x00, 0x00,
    0x00, 0x00, 0x00, 0x00,
    0x00, 0x00, 0x00, 0x00,
    0x00, 0x00, 0x00, 0x00,
    0x00, 0x00, 0x00, 0x00,
    0x00, 0x00, 0x00, 0x00,
    0x00, 0x00, 0x00, 0x00,
    0x00, 0x00, 0x00, 0x00,
    0x00, 0x00, 0x00, 0x00,
    0x00, 0x00, 0x00, 0x00,
    0x00, 0x00, 0x00, 0x00,
    0x00, 0x00, 0x00, 0x00,
    0x00, 0x00, 0x00, 0x00,
    0x00, 0x00, 0x00, 0x00,
    0x00, 0x00, 0x00, 0x00,
    0x00, 0x00, 0x00, 0x00,
    0x00, 0x00, 0x00, 0x00,
    0x00, 0x00, 0x00, 0x00,
    0x00, 0x00, 0x00, 0x00,
    0x00, 0x00, 0x00, 0x00,
    0x00, 0x00, 0x00, 0x00,
    0x00, 0x00, 0x00, 0x00,
    0x00, 0x00, 0x00, 0x00,
    0x00, 0x00, 0x00, 0x00,
    0x00, 0x00, 0x00, 0x00,
    0x00, 0x00, 0x00, 0x00,
    0x00, 0x00, 0x00, 0x00,
    0x00, 0x00, 0x00, 0x00,
    0x00, 0x00, 0x00, 0x00,
    0x00, 0x00, 0x00, 0x00,
    0x00, 0x00, 0x00, 0x00,
    0x00, 0x00, 0x00, 0x00,
    0x00, 0x00, 0x00, 0x00,
    0x00, 0x00, 0x00, 0x00,
    0x00, 0x00, 0x00, 0x00,
    0x00, 0x00, 0x00, 0x00,
    0x00, 0x00, 0x00, 0x00,
    0x00, 0x00, 0x00, 0x00,
    0x00, 0x00, 0x00, 0x00,
    0x00, 0x00, 0x00, 0x00,
    0x00, 0x00, 0x00, 0x00,
    0x00, 0x00, 0x00, 0x00,
    0x00, 0x00, 0x00, 0x00,
    0x00, 0x00, 0x00, 0x00,
    0x00, 0x00, 0x00, 0x00,
    0x00, 0x00, 0x00, 0x00,
    0x00, 0x00, 0x00, 0x00,
    0x00, 0x00, 0x00, 0x00,
    0x00, 0x00, 0x00, 0x00,
    0x00, 0x00, 0x00, 0x00,
    0x00, 0x00, 0x00, 0x00,
    0x00, 0x00, 0x00, 0x00,
    0x00, 0x00, 0x00, 0x00,
    0x00, 0x00, 0x00, 0x00,
    0x00, 0x00, 0x00, 0x00,
    0x00, 0x00, 0x00, 0x00,
    0x00, 0x00, 0x00, 0x00,
    0x00, 0x00, 0x00, 0x00,
    0x00, 0x00, 0x00, 0x00,
  },
  {
    0x00, 0x00, 0x00, 0x00,
    0xff, 0xfb, 0xef, 0xff,
    0xfb, 0xef, 0xdd, 0xff,
    0xfb, 0xee, 0xd8, 0xff,
    0xf9, 0xec, 0xd8, 0xff,
    0xfa, 0xed, 0xd5, 0xff,
    0xfa, 0xec, 0xd6, 0xff,
    0xf9, 0xec, 0xd6, 0xff,
    0xf9, 0xec, 0xd5, 0xff,
    0xf8, 0xec, 0xd5, 0xff,
    0xf8, 0xeb, 0xd8, 0xff,
    0xf8, 0xeb, 0xd5, 0xff,
    0xf8, 0xea, 0xd4, 0xff,
    0xd4, 0xde, 0xe7, 0xff,
    0xf9, 0xeb, 0xd2, 0xff,
    0xf8, 0xe9, 0xd1, 0xff,
    0xf6, 0xe7, 0xd0, 0xff,
    0xf6, 0xe4, 0xc8, 0xff,
    0xef, 0xdd, 0xc5, 0xff,
    0xf0, 0xd9, 0xba, 0xff,
    0xe7, 0xd0, 0xb6, 0xff,
    0xe9, 0xcf, 0xae, 0xff,
    0xe7, 0xcc, 0xad, 0xff,
    0xe6, 0xca, 0xac, 0xff,
    0xe6, 0xca, 0xa9, 0xff,
    0xe5, 0xc9, 0xa2, 0xff,
    0x39, 0x54, 0x87, 0xff,
    0x39, 0x55, 0x84, 0xff,
    0x38, 0x53, 0x85, 0xff,
    0x36, 0x4e, 0x7f, 0xff,
    0xde, 0xc2, 0xa0, 0xff,
    0xc4, 0xaf, 0x9d, 0xff,
    0xde, 0xb8, 0x80, 0xff,
    0xd1, 0xab, 0x7b, 0xff,
    0x93, 0x8a, 0xa4, 0xff,
    0x9f, 0x80, 0x6a, 0xff,
    0x6f, 0x5d, 0x89, 0xff,
    0x7a, 0x5c, 0x4e, 0xff,
    0x70, 0x4d, 0x38, 0xff,
    0x60, 0x3b, 0x2d, 0xff,
    0x53, 0x2f, 0x23, 0xff,
    0x5a, 0x2b, 0x18, 0xff,
    0x53, 0x25, 0x16, 0xff,
    0x56, 0x1f, 0x0e, 0xff,
    0x44, 0x1d, 0x11, 0xff,
    0x3d, 0x14, 0x05, 0xff,
    0x00, 0x00, 0x01, 0xff,
    0x00, 0x00, 0x00, 0xff,
    0x00, 0x00, 0x00, 0x00,
    0x00, 0x00, 0x00, 0x00,
    0x00, 0x00, 0x00, 0x00,
    0x00, 0x00, 0x00, 0x00,
    0x00, 0x00, 0x00, 0x00,
    0x00, 0x00, 0x00, 0x00,
    0x00, 0x00, 0x00, 0x00,
    0x00, 0x00, 0x00, 0x00,
    0x00, 0x00, 0x00, 0x00,
    0x00, 0x00, 0x00, 0x00,
    0x00, 0x00, 0x00, 0x00,
    0x00, 0x00, 0x00, 0x00,
    0x00, 0x00, 0x00, 0x00,
    0x00, 0x00, 0x00, 0x00,
    0x00, 0x00, 0x00, 0x00,
    0x00, 0x00, 0x00, 0x00,
    0x00, 0x00, 0x00, 0x00,
    0x00, 0x00, 0x00, 0x00,
    0x00, 0x00, 0x00, 0x00,
    0x00, 0x00, 0x00, 0x00,
    0x00, 0x00, 0x00, 0x00,
    0x00, 0x00, 0x00, 0x00,
    0x00, 0x00, 0x00, 0x00,
    0x00, 0x00, 0x00, 0x00,
    0x00, 0x00, 0x00, 0x00,
    0x00, 0x00, 0x00, 0x00,
    0x00, 0x00, 0x00, 0x00,
    0x00, 0x00, 0x00, 0x00,
    0x00, 0x00, 0x00, 0x00,
    0x00, 0x00, 0x00, 0x00,
    0x00, 0x00, 0x00, 0x00,
    0x00, 0x00, 0x00, 0x00,
    0x00, 0x00, 0x00, 0x00,
    0x00, 0x00, 0x00, 0x00,
    0x00, 0x00, 0x00, 0x00,
    0x00, 0x00, 0x00, 0x00,
    0x00, 0x00, 0x00, 0x00,
    0x00, 0x00, 0x00, 0x00,
    0x00, 0x00, 0x00, 0x00,
    0x00, 0x00, 0x00, 0x00,
    0x00, 0x00, 0x00, 0x00,
    0x00, 0x00, 0x00, 0x00,
    0x00, 0x00, 0x00, 0x00,
    0x00, 0x00, 0x00, 0x00,
    0x00, 0x00, 0x00, 0x00,
    0x00, 0x00, 0x00, 0x00,
    0x00, 0x00, 0x00, 0x00,
    0x00, 0x00, 0x00, 0x00,
    0x00, 0x00, 0x00, 0x00,
    0x00, 0x00, 0x00, 0x00,
    0x00, 0x00, 0x00, 0x00,
    0x00, 0x00, 0x00, 0x00,
    0x00, 0x00, 0x00, 0x00,
    0x00, 0x00, 0x00, 0x00,
    0x00, 0x00, 0x00, 0x00,
    0x00, 0x00, 0x00, 0x00,
    0x00, 0x00, 0x00, 0x00,
    0x00, 0x00, 0x00, 0x00,
    0x00, 0x00, 0x00, 0x00,
    0x00, 0x00, 0x00, 0x00,
    0x00, 0x00, 0x00, 0x00,
    0x00, 0x00, 0x00, 0x00,
    0x00, 0x00, 0x00, 0x00,
    0x00, 0x00, 0x00, 0x00,
    0x00, 0x00, 0x00, 0x00,
    0x00, 0x00, 0x00, 0x00,
    0x00, 0x00, 0x00, 0x00,
    0x00, 0x00, 0x00, 0x00,
    0x00, 0x00, 0x00, 0x00,
    0x00, 0x00, 0x00, 0x00,
    0x00, 0x00, 0x00, 0x00,
    0x00, 0x00, 0x00, 0x00,
    0x00, 0x00, 0x00, 0x00,
    0x00, 0x00, 0x00, 0x00,
    0x00, 0x00, 0x00, 0x00,
    0x00, 0x00, 0x00, 0x00,
    0x00, 0x00, 0x00, 0x00,
    0x00, 0x00, 0x00, 0x00,
    0x00, 0x00, 0x00, 0x00,
    0x00, 0x00, 0x00, 0x00,
    0x00, 0x00, 0x00, 0x00,
    0x00, 0x00, 0x00, 0x00,
    0x00, 0x00, 0x00, 0x00,
    0x00, 0x00, 0x00, 0x00,
    0x00, 0x00, 0x00, 0x00,
    0x00, 0x00, 0x00, 0x00,
    0x00, 0x00, 0x00, 0x00,
    0x00, 0x00, 0x00, 0x00,
    0x00, 0x00, 0x00, 0x00,
    0x00, 0x00, 0x00, 0x00,
    0x00, 0x00, 0x00, 0x00,
    0x00, 0x00, 0x00, 0x00,
    0x00, 0x00, 0x00, 0x00,
    0x00, 0x00, 0x00, 0x00,
    0x00, 0x00, 0x00, 0x00,
    0x00, 0x00, 0x00, 0x00,
    0x00, 0x00, 0x00, 0x00,
    0x00, 0x00, 0x00, 0x00,
    0x00, 0x00, 0x00, 0x00,
    0x00, 0x00, 0x00, 0x00,
    0x00, 0x00, 0x00, 0x00,
    0x00, 0x00, 0x00, 0x00,
    0x00, 0x00, 0x00, 0x00,
    0x00, 0x00, 0x00, 0x00,
    0x00, 0x00, 0x00, 0x00,
    0x00, 0x00, 0x00, 0x00,
    0x00, 0x00, 0x00, 0x00,
    0x00, 0x00, 0x00, 0x00,
    0x00, 0x00, 0x00, 0x00,
    0x00, 0x00, 0x00, 0x00,
    0x00, 0x00, 0x00, 0x00,
    0x00, 0x00, 0x00, 0x00,
    0x00, 0x00, 0x00, 0x00,
    0x00, 0x00, 0x00, 0x00,
    0x00, 0x00, 0x00, 0x00,
    0x00, 0x00, 0x00, 0x00,
    0x00, 0x00, 0x00, 0x00,
    0x00, 0x00, 0x00, 0x00,
    0x00, 0x00, 0x00, 0x00,
    0x00, 0x00, 0x00, 0x00,
    0x00, 0x00, 0x00, 0x00,
    0x00, 0x00, 0x00, 0x00,
    0x00, 0x00, 0x00, 0x00,
    0x00, 0x00, 0x00, 0x00,
    0x00, 0x00, 0x00, 0x00,
    0x00, 0x00, 0x00, 0x00,
    0x00, 0x00, 0x00, 0x00,
    0x00, 0x00, 0x00, 0x00,
    0x00, 0x00, 0x00, 0x00,
    0x00, 0x00, 0x00, 0x00,
    0x00, 0x00, 0x00, 0x00,
    0x00, 0x00, 0x00, 0x00,
    0x00, 0x00, 0x00, 0x00,
    0x00, 0x00, 0x00, 0x00,
    0x00, 0x00, 0x00, 0x00,
    0x00, 0x00, 0x00, 0x00,
    0x00, 0x00, 0x00, 0x00,
    0x00, 0x00, 0x00, 0x00,
    0x00, 0x00, 0x00, 0x00,
    0x00, 0x00, 0x00, 0x00,
    0x00, 0x00, 0x00, 0x00,
    0x00, 0x00, 0x00, 0x00,
    0x00, 0x00, 0x00, 0x00,
    0x00, 0x00, 0x00, 0x00,
    0x00, 0x00, 0x00, 0x00,
    0x00, 0x00, 0x00, 0x00,
    0x00, 0x00, 0x00, 0x00,
    0x00, 0x00, 0x00, 0x00,
    0x00, 0x00, 0x00, 0x00,
    0x00, 0x00, 0x00, 0x00,
    0x00, 0x00, 0x00, 0x00,
    0x00, 0x00, 0x00, 0x00,
    0x00, 0x00, 0x00, 0x00,
    0x00, 0x00, 0x00, 0x00,
    0x00, 0x00, 0x00, 0x00,
    0x00, 0x00, 0x00, 0x00,
    0x00, 0x00, 0x00, 0x00,
    0x00, 0x00, 0x00, 0x00,
    0x00, 0x00, 0x00, 0x00,
    0x00, 0x00, 0x00, 0x00,
    0x00, 0x00, 0x00, 0x00,
    0x00, 0x00, 0x00, 0x00,
    0x00, 0x00, 0x00, 0x00,
    0x00, 0x00, 0x00, 0x00,
    0x00, 0x00, 0x00, 0x00,
    0x00, 0x00, 0x00, 0x00,
    0x00, 0x00, 0x00, 0x00,
    0x00, 0x00, 0x00, 0x00,
    0x00, 0x00, 0x00, 0x00,
    0x00, 0x00, 0x00, 0x00,
    0x00, 0x00, 0x00, 0x00,
    0x00, 0x00, 0x00, 0x00,
    0x00, 0x00, 0x00, 0x00,
    0x00, 0x00, 0x00, 0x00,
    0x00, 0x00, 0x00, 0x00,
    0x00, 0x00, 0x00, 0x00,
    0x00, 0x00, 0x00, 0x00,
    0x00, 0x00, 0x00, 0x00,
    0x00, 0x00, 0x00, 0x00,
    0x00, 0x00, 0x00, 0x00,
    0x00, 0x00, 0x00, 0x00,
    0x00, 0x00, 0x00, 0x00,
    0x00, 0x00, 0x00, 0x00,
    0x00, 0x00, 0x00, 0x00,
    0x00, 0x00, 0x00, 0x00,
    0x00, 0x00, 0x00, 0x00,
    0x00, 0x00, 0x00, 0x00,
    0x00, 0x00, 0x00, 0x00,
    0x00, 0x00, 0x00, 0x00,
    0x00, 0x00, 0x00, 0x00,
    0x00, 0x00, 0x00, 0x00,
    0x00, 0x00, 0x00, 0x00,
    0x00, 0x00, 0x00, 0x00,
    0x00, 0x00, 0x00, 0x00,
    0x00, 0x00, 0x00, 0x00,
    0x00, 0x00, 0x00, 0x00,
    0x00, 0x00, 0x00, 0x00,
    0x00, 0x00, 0x00, 0x00,
    0x00, 0x00, 0x00, 0x00,
    0x00, 0x00, 0x00, 0x00,
    0x00, 0x00, 0x00, 0x00,
    0x00, 0x00, 0x00, 0x00,
    0x00, 0x00, 0x00, 0x00,
    0x00, 0x00, 0x00, 0x00,
    0x00, 0x00, 0x00, 0x00,
    0x00, 0x00, 0x00, 0x00,
    0x00, 0x00, 0x00, 0x00,
    0x00, 0x00, 0x00, 0x00,
  },
  {
    0x00, 0x00, 0x00, 0x00,
    0xff, 0xfb, 0xef, 0xff,
    0xfb, 0xef, 0xdd, 0xff,
    0xfb, 0xee, 0xd8, 0xff,
    0xf9, 0xec, 0xd8, 0xff,
    0xfa, 0xed, 0xd5, 0xff,
    0xfa, 0xec, 0xd6, 0xff,
    0xf9, 0xec, 0xd6, 0xff,
    0xf9, 0xec, 0xd5, 0xff,
    0xf8, 0xec, 0xd5, 0xff,
    0xf8, 0xeb, 0xd8, 0xff,
    0xf8, 0xeb, 0xd5, 0xff,
    0xf8, 0xea, 0xd4, 0xff,
    0xd4, 0xde, 0xe7, 0xff,
    0xf9, 0xeb, 0xd2, 0xff,
    0xf8, 0xe9, 0xd1, 0xff,
    0xf6, 0xe7, 0xd0, 0xff,
    0xf6, 0xe4, 0xc8, 0xff,
    0xef, 0xdd, 0xc5, 0xff,
    0xf0, 0xd9, 0xba, 0xff,
    0xe7, 0xd0, 0xb6, 0xff,
    0xe9, 0xcf, 0xae, 0xff,
    0xe7, 0xcc, 0xad, 0xff,
    0xe6, 0xca, 0xac, 0xff,
    0xe6, 0xca, 0xa9, 0xff,
    0xe5, 0xc9, 0xa2, 0xff,
    0x28, 0x3a, 0x5c, 0xff,
    0x29, 0x3b, 0x5b, 0xff,
    0x28, 0x39, 0x5b, 0xff,
    0x27, 0x36, 0x57, 0xff,
    0xde, 0xc2, 0xa0, 0xff,
    0xc4, 0xaf, 0x9d, 0xff,
    0xde, 0xb8, 0x80, 0xff,
    0xd1, 0xab, 0x7b, 0xff,
    0x93, 0x8a, 0xa4, 0xff,
    0x9f, 0x80, 0x6a, 0xff,
    0x6f, 0x5d, 0x89, 0xff,
    0x7a, 0x5c, 0x4e, 0xff,
    0x70, 0x4d, 0x38, 0xff,
    0x60, 0x3b, 0x2d, 0xff,
    0x53, 0x2f, 0x23, 0xff,
    0x5a, 0x2b, 0x18, 0xff,
    0x53, 0x25, 0x16, 0xff,
    0x56, 0x1f, 0x0e, 0xff,
    0x44, 0x1d, 0x11, 0xff,
    0x3d, 0x14, 0x05, 0xff,
    0x00, 0x00, 0x01, 0xff,
    0x00, 0x00, 0x00, 0xff,
    0x00, 0x00, 0x00, 0x00,
    0x00, 0x00, 0x00, 0x00,
    0x00, 0x00, 0x00, 0x00,
    0x00, 0x00, 0x00, 0x00,
    0x00, 0x00, 0x00, 0x00,
    0x00, 0x00, 0x00, 0x00,
    0x00, 0x00, 0x00, 0x00,
    0x00, 0x00, 0x00, 0x00,
    0x00, 0x00, 0x00, 0x00,
    0x00, 0x00, 0x00, 0x00,
    0x00, 0x00, 0x00, 0x00,
    0x00, 0x00, 0x00, 0x00,
    0x00, 0x00, 0x00, 0x00,
    0x00, 0x00, 0x00, 0x00,
    0x00, 0x00, 0x00, 0x00,
    0x00, 0x00, 0x00, 0x00,
    0x00, 0x00, 0x00, 0x00,
    0x00, 0x00, 0x00, 0x00,
    0x00, 0x00, 0x00, 0x00,
    0x00, 0x00, 0x00, 0x00,
    0x00, 0x00, 0x00, 0x00,
    0x00, 0x00, 0x00, 0x00,
    0x00, 0x00, 0x00, 0x00,
    0x00, 0x00, 0x00, 0x00,
    0x00, 0x00, 0x00, 0x00,
    0x00, 0x00, 0x00, 0x00,
    0x00, 0x00, 0x00, 0x00,
    0x00, 0x00, 0x00, 0x00,
    0x00, 0x00, 0x00, 0x00,
    0x00, 0x00, 0x00, 0x00,
    0x00, 0x00, 0x00, 0x00,
    0x00, 0x00, 0x00, 0x00,
    0x00, 0x00, 0x00, 0x00,
    0x00, 0x00, 0x00, 0x00,
    0x00, 0x00, 0x00, 0x00,
    0x00, 0x00, 0x00, 0x00,
    0x00, 0x00, 0x00, 0x00,
    0x00, 0x00, 0x00, 0x00,
    0x00, 0x00, 0x00, 0x00,
    0x00, 0x00, 0x00, 0x00,
    0x00, 0x00, 0x00, 0x00,
    0x00, 0x00, 0x00, 0x00,
    0x00, 0x00, 0x00, 0x00,
    0x00, 0x00, 0x00, 0x00,
    0x00, 0x00, 0x00, 0x00,
    0x00, 0x00, 0x00, 0x00,
    0x00, 0x00, 0x00, 0x00,
    0x00, 0x00, 0x00, 0x00,
    0x00, 0x00, 0x00, 0x00,
    0x00, 0x00, 0x00, 0x00,
    0x00, 0x00, 0x00, 0x00,
    0x00, 0x00, 0x00, 0x00,
    0x00, 0x00, 0x00, 0x00,
    0x00, 0x00, 0x00, 0x00,
    0x00, 0x00, 0x00, 0x00,
    0x00, 0x00, 0x00, 0x00,
    0x00, 0x00, 0x00, 0x00,
    0x00, 0x00, 0x00, 0x00,
    0x00, 0x00, 0x00, 0x00,
    0x00, 0x00, 0x00, 0x00,
    0x00, 0x00, 0x00, 0x00,
    0x00, 0x00, 0x00, 0x00,
    0x00, 0x00, 0x00, 0x00,
    0x00, 0x00, 0x00, 0x00,
    0x00, 0x00, 0x00, 0x00,
    0x00, 0x00, 0x00, 0x00,
    0x00, 0x00, 0x00, 0x00,
    0x00, 0x00, 0x00, 0x00,
    0x00, 0x00, 0x00, 0x00,
    0x00, 0x00, 0x00, 0x00,
    0x00, 0x00, 0x00, 0x00,
    0x00, 0x00, 0x00, 0x00,
    0x00, 0x00, 0x00, 0x00,
    0x00, 0x00, 0x00, 0x00,
    0x00, 0x00, 0x00, 0x00,
    0x00, 0x00, 0x00, 0x00,
    0x00, 0x00, 0x00, 0x00,
    0x00, 0x00, 0x00, 0x00,
    0x00, 0x00, 0x00, 0x00,
    0x00, 0x00, 0x00, 0x00,
    0x00, 0x00, 0x00, 0x00,
    0x00, 0x00, 0x00, 0x00,
    0x00, 0x00, 0x00, 0x00,
    0x00, 0x00, 0x00, 0x00,
    0x00, 0x00, 0x00, 0x00,
    0x00, 0x00, 0x00, 0x00,
    0x00, 0x00, 0x00, 0x00,
    0x00, 0x00, 0x00, 0x00,
    0x00, 0x00, 0x00, 0x00,
    0x00, 0x00, 0x00, 0x00,
    0x00, 0x00, 0x00, 0x00,
    0x00, 0x00, 0x00, 0x00,
    0x00, 0x00, 0x00, 0x00,
    0x00, 0x00, 0x00, 0x00,
    0x00, 0x00, 0x00, 0x00,
    0x00, 0x00, 0x00, 0x00,
    0x00, 0x00, 0x00, 0x00,
    0x00, 0x00, 0x00, 0x00,
    0x00, 0x00, 0x00, 0x00,
    0x00, 0x00, 0x00, 0x00,
    0x00, 0x00, 0x00, 0x00,
    0x00, 0x00, 0x00, 0x00,
    0x00, 0x00, 0x00, 0x00,
    0x00, 0x00, 0x00, 0x00,
    0x00, 0x00, 0x00, 0x00,
    0x00, 0x00, 0x00, 0x00,
    0x00, 0x00, 0x00, 0x00,
    0x00, 0x00, 0x00, 0x00,
    0x00, 0x00, 0x00, 0x00,
    0x00, 0x00, 0x00, 0x00,
    0x00, 0x00, 0x00, 0x00,
    0x00, 0x00, 0x00, 0x00,
    0x00, 0x00, 0x00, 0x00,
    0x00, 0x00, 0x00, 0x00,
    0x00, 0x00, 0x00, 0x00,
    0x00, 0x00, 0x00, 0x00,
    0x00, 0x00, 0x00, 0x00,
    0x00, 0x00, 0x00, 0x00,
    0x00, 0x00, 0x00, 0x00,
    0x00, 0x00, 0x00, 0x00,
    0x00, 0x00, 0x00, 0x00,
    0x00, 0x00, 0x00, 0x00,
    0x00, 0x00, 0x00, 0x00,
    0x00, 0x00, 0x00, 0x00,
    0x00, 0x00, 0x00, 0x00,
    0x00, 0x00, 0x00, 0x00,
    0x00, 0x00, 0x00, 0x00,
    0x00, 0x00, 0x00, 0x00,
    0x00, 0x00, 0x00, 0x00,
    0x00, 0x00, 0x00, 0x00,
    0x00, 0x00, 0x00, 0x00,
    0x00, 0x00, 0x00, 0x00,
    0x00, 0x00, 0x00, 0x00,
    0x00, 0x00, 0x00, 0x00,
    0x00, 0x00, 0x00, 0x00,
    0x00, 0x00, 0x00, 0x00,
    0x00, 0x00, 0x00, 0x00,
    0x00, 0x00, 0x00, 0x00,
    0x00, 0x00, 0x00, 0x00,
    0x00, 0x00, 0x00, 0x00,
    0x00, 0x00, 0x00, 0x00,
    0x00, 0x00, 0x00, 0x00,
    0x00, 0x00, 0x00, 0x00,
    0x00, 0x00, 0x00, 0x00,
    0x00, 0x00, 0x00, 0x00,
    0x00, 0x00, 0x00, 0x00,
    0x00, 0x00, 0x00, 0x00,
    0x00, 0x00, 0x00, 0x00,
    0x00, 0x00, 0x00, 0x00,
    0x00, 0x00, 0x00, 0x00,
    0x00, 0x00, 0x00, 0x00,
    0x00, 0x00, 0x00, 0x00,
    0x00, 0x00, 0x00, 0x00,
    0x00, 0x00, 0x00, 0x00,
    0x00, 0x00, 0x00, 0x00,
    0x00, 0x00, 0x00, 0x00,
    0x00, 0x00, 0x00, 0x00,
    0x00, 0x00, 0x00, 0x00,
    0x00, 0x00, 0x00, 0x00,
    0x00, 0x00, 0x00, 0x00,
    0x00, 0x00, 0x00, 0x00,
    0x00, 0x00, 0x00, 0x00,
    0x00, 0x00, 0x00, 0x00,
    0x00, 0x00, 0x00, 0x00,
    0x00, 0x00, 0x00, 0x00,
    0x00, 0x00, 0x00, 0x00,
    0x00, 0x00, 0x00, 0x00,
    0x00, 0x00, 0x00, 0x00,
    0x00, 0x00, 0x00, 0x00,
    0x00, 0x00, 0x00, 0x00,
    0x00, 0x00, 0x00, 0x00,
    0x00, 0x00, 0x00, 0x00,
    0x00, 0x00, 0x00, 0x00,
    0x00, 0x00, 0x00, 0x00,
    0x00, 0x00, 0x00, 0x00,
    0x00, 0x00, 0x00, 0x00,
    0x00, 0x00, 0x00, 0x00,
    0x00, 0x00, 0x00, 0x00,
    0x00, 0x00, 0x00, 0x00,
    0x00, 0x00, 0x00, 0x00,
    0x00, 0x00, 0x00, 0x00,
    0x00, 0x00, 0x00, 0x00,
    0x00, 0x00, 0x00, 0x00,
    0x00, 0x00, 0x00, 0x00,
    0x00, 0x00, 0x00, 0x00,
    0x00, 0x00, 0x00, 0x00,
    0x00, 0x00, 0x00, 0x00,
    0x00, 0x00, 0x00, 0x00,
    0x00, 0x00, 0x00, 0x00,
    0x00, 0x00, 0x00, 0x00,
    0x00, 0x00, 0x00, 0x00,
    0x00, 0x00, 0x00, 0x00,
    0x00, 0x00, 0x00, 0x00,
    0x00, 0x00, 0x00, 0x00,
    0x00, 0x00, 0x00, 0x00,
    0x00, 0x00, 0x00, 0x00,
    0x00, 0x00, 0x00, 0x00,
    0x00, 0x00, 0x00, 0x00,
    0x00, 0x00, 0x00, 0x00,
    0x00, 0x00, 0x00, 0x00,
    0x00, 0x00, 0x00, 0x00,
    0x00, 0x00, 0x00, 0x00,
    0x00, 0x00, 0x00, 0x00,
    0x00, 0x00, 0x00, 0x00,
    0x00, 0x00, 0x00, 0x00,
    0x00, 0x00, 0x00, 0x00,
    0x00, 0x00, 0x00, 0x00,
    0x00, 0x00, 0x00, 0x00,
  },
};

